signal_id,source_code,source_type,category_code,product_terms,buying_action,title,description_raw,specs_present,quantity_raw,quantity_status,quantity_source_span,field_warnings,destination_present,buyer_name_raw,buyer_name_source_span,contact_person_raw,entity_resolution_status,contact_person_source_span,buyer_country_raw,buyer_country_source_span,buyer_country_code,buyer_domain,registration_id,public_business_emails,public_business_phones,published_at,published_at_source_span,observed_at,age_days,time_precision,evidence_url,listing_url,evidence_excerpt,snapshot_sha256,data_mode,verification_status,contact_gate,d1_demand_explicitness,d2_entity_authenticity,d3_recency,d4_corroboration,truth_score,truth_level,hard_gate_pass,qualification_status,dedupe_fingerprint,ruleset_version,duplicate_count,duplicate_source_codes
5a397e284065df09a74ec225bcfbe196,go4worldbusiness,B2B_MARKETPLACE_RFQ,CHILI,CHILI,RFQ_OR_BUY_OFFER,Wanted : Spices Like Dry Red Chili,"VERIFIED Aug-27-26 Wanted : Spices Like Dry Red Chili Buyer From United Arab Emirates Quantity Required: 1 Twenty-Foot Container Payment Terms: L/C Destination: United Arab Emirates Looking for suppliers from: Worldwide Inquire Now Add to Favorites Product Description Please quote for the following wholesale product requirement - Product Name: Spices Specifications : Type: Dry Red Chili Whole Dry Chili, Stemless Chili, Crushed Chili, Chili Flakes, Chili Powder Purpose: Retail Note: Contact Email Only HS Code: 090422 Packaging Terms : Standard Quantity Required : 1 Twenty-Foot Container Shipping Terms : CIF Or FOB Destination Port : United Arab Emirates Payment Terms : L/C Looking for suppliers from : Worldwide Contact : Raviraj Deshmukh Buyer Of Spices | Dry Red Chilli",True,1 Twenty-Foot Container,VALID,Quantity Required: 1 Twenty-Foot Container,,True,,,Raviraj Deshmukh,PERSON_ONLY,Contact : Raviraj Deshmukh,United Arab Emirates,Buyer From United Arab Emirates,AE,,,,,2026-08-27,VERIFIED Aug-27-26,2026-08-28T07:35:01+00:00,1,DATE,https://www.go4worldbusiness.com/buylead/view/1319728/wanted-:-spices-like-dry-red-chili.html,https://www.go4worldbusiness.com/buyers/chili.html,"VERIFIED Aug-27-26 Wanted : Spices Like Dry Red Chili Buyer From United Arab Emirates Quantity Required: 1 Twenty-Foot Container Payment Terms: L/C Destination: United Arab Emirates Looking for suppliers from: Worldwide Inquire Now Add to Favorites Product Description Please quote for the following wholesale product requirement - Product Name: Spices Specifications : Type: Dry Red Chili Whole Dry Chili, Stemless Chili, Crushed Chili, Chili Flakes, Chili Powder Purpose: Retail Note: Contact Email Only HS Code: 090422 Packaging Terms : Standard Quantity Required : 1 Twenty-Foot Container Shipping Terms : CIF Or FOB Destination Port : United Arab Emirates Payment Terms : L/C Looking for suppliers from : Worldwide Contact : Raviraj Deshmukh Buyer Of Spices | Dry Red Chilli",7f5c2b04c97cb4427b2ad13425d56fee5f2f0172e1034c7b6114babaf342f8ad,LIVE,UNVERIFIED_MARKETPLACE_POST,platform_login_or_membership,35,5,25,4,69,B,True,NEEDS_VERIFICATION,9f334919b01b2ebe704ce6f685c8ca064b52a8726c7d0d59cd5cb5afd906b873,truth-v1.1.0,1,go4worldbusiness
7b25467f8974985fb3d8e004f2dfa369,go4worldbusiness,B2B_MARKETPLACE_RFQ,TEA,TEA,RFQ_OR_BUY_OFFER,"Wanted : Tea Like Green Tea, Black Tea, Herbal Tea","VERIFIED Aug-21-26 Wanted : Tea Like Green Tea, Black Tea, Herbal Tea Buyer From United Kingdom Quantity Required: 2 Twenty-Foot Container Payment Terms: LC Destination: United Kingdom Looking for suppliers from: Worldwide Inquire Now Add to Favorites Product Description Please quote for the following wholesale product requirement - Product Name : Tea Specifications: Type : Green Tea, Black Tea, Herbal Tea Etc. Hs Code 0902 Quantity Required : 2 Twenty-Foot Container Shipping Terms : CIF Destination Port : United Kingdom Payment Terms : LC Looking for suppliers from : Worldwide Contact : Ahmed Buyer Of Tea | Green Tea | Herbal Tea",True,2 Twenty-Foot Container,VALID,Quantity Required: 2 Twenty-Foot Container,,True,,,Ahmed,PERSON_ONLY,Contact : Ahmed,United Kingdom,Buyer From United Kingdom,GB,,,,,2026-08-21,VERIFIED Aug-21-26,2026-08-28T07:35:04+00:00,7,DATE,https://www.go4worldbusiness.com/buylead/view/1318493/wanted-:-tea-like-green-tea-black-tea-herbal-tea.html,https://www.go4worldbusiness.com/buyers/tea.html,"VERIFIED Aug-21-26 Wanted : Tea Like Green Tea, Black Tea, Herbal Tea Buyer From United Kingdom Quantity Required: 2 Twenty-Foot Container Payment Terms: LC Destination: United Kingdom Looking for suppliers from: Worldwide Inquire Now Add to Favorites Product Description Please quote for the following wholesale product requirement - Product Name : Tea Specifications: Type : Green Tea, Black Tea, Herbal Tea Etc. Hs Code 0902 Quantity Required : 2 Twenty-Foot Container Shipping Terms : CIF Destination Port : United Kingdom Payment Terms : LC Looking for suppliers from : Worldwide Contact : Ahmed Buyer Of Tea | Green Tea | Herbal Tea",8cf8c1e57a21564b99ebfaaa9d599cb004ad5a6f7933aefd90ebb87b8ab580e5,LIVE,UNVERIFIED_MARKETPLACE_POST,platform_login_or_membership,35,5,25,4,69,B,True,NEEDS_VERIFICATION,8326eb63bbf200a096e881532d0224c82f04312a036c2808a6033de64f749139,truth-v1.1.0,1,go4worldbusiness
ab1e172d3a60b7ca74baed8ee3ab25f5,go4worldbusiness,B2B_MARKETPLACE_RFQ,TEA,TEA,RFQ_OR_BUY_OFFER,"Wanted : Herbal Tea Like Green Tea, Chamomile Tea","VERIFIED Aug-25-26 Wanted : Herbal Tea Like Green Tea, Chamomile Tea Buyer From Thailand Quantity Required: 1 Twenty-Foot Container Payment Terms: L/C Destination: Laem Chabang, Thailand Looking for suppliers from: Worldwide Inquire Now Add to Favorites Product Description The buyer would like to receive quotations for - Product Name: Herbal Tea Specifications : Type: Green Tea, Chamomile Tea, Peppermint, Ginger Tea Purpose : Wholesaler Note: Contact Via Email Only HS Code: 090210, 121190 Packaging Terms : Carton Boxes Quantity Required : 1 Twenty-Foot Container Shipping Terms : CIF Destination Port : Laem Chabang, Thailand Payment Terms : L/C Looking for suppliers from : Worldwide Contact : Sutee Buyer Of Tea | Green Tea | Herbal Tea | Chamomile Tea",True,1 Twenty-Foot Container,VALID,Quantity Required: 1 Twenty-Foot Container,,True,,,Sutee,PERSON_ONLY,Contact : Sutee,Thailand,Buyer From Thailand,TH,,,,,2026-08-25,VERIFIED Aug-25-26,2026-08-28T07:35:04+00:00,3,DATE,https://www.go4worldbusiness.com/buylead/view/1319024/wanted-:-herbal-tea-like-green-tea-chamomile-tea.html,https://www.go4worldbusiness.com/buyers/tea.html,"VERIFIED Aug-25-26 Wanted : Herbal Tea Like Green Tea, Chamomile Tea Buyer From Thailand Quantity Required: 1 Twenty-Foot Container Payment Terms: L/C Destination: Laem Chabang, Thailand Looking for suppliers from: Worldwide Inquire Now Add to Favorites Product Description The buyer would like to receive quotations for - Product Name: Herbal Tea Specifications : Type: Green Tea, Chamomile Tea, Peppermint, Ginger Tea Purpose : Wholesaler Note: Contact Via Email Only HS Code: 090210, 121190 Packaging Terms : Carton Boxes Quantity Required : 1 Twenty-Foot Container Shipping Terms : CIF Destination Port : Laem Chabang, Thailand Payment Terms : L/C Looking for suppliers from : Worldwide Contact : Sutee Buyer Of Tea | Green Tea | Herbal Tea | Chamomile Tea",8cf8c1e57a21564b99ebfaaa9d599cb004ad5a6f7933aefd90ebb87b8ab580e5,LIVE,UNVERIFIED_MARKETPLACE_POST,platform_login_or_membership,35,5,25,4,69,B,True,NEEDS_VERIFICATION,846151bfcb9998502f19a79e8e269ee501c1814ac54c78ac9c9197f2a85e9af0,truth-v1.1.0,1,go4worldbusiness
0c404c271793f45734c67eb3238012df,go4worldbusiness,B2B_MARKETPLACE_RFQ,TEA,TEA,RFQ_OR_BUY_OFFER,Wanted : Tea Like Black And Green Tea,"VERIFIED Aug-25-26 Wanted : Tea Like Black And Green Tea Buyer From United Arab Emirates Quantity Required: 1 Twenty-Foot Container Payment Terms: LC Destination: Jebel Ali, United Arab Emirates Looking for suppliers from: India Inquire Now Add to Favorites Product Description Please provide a quotation to the following requirement from importer - Product Name: Tea Specifications: Black And Green Tea Looking For Suppliers From : Assam Quantity Required : 1 Twenty-Foot Container Shipping Terms : CIF Destination Port : Jebel Ali, United Arab Emirates Payment Terms : LC Looking for suppliers from : India Contact : Mr. Roy Buyer Of Tea | Black Tea | Green Tea",False,1 Twenty-Foot Container,VALID,Quantity Required: 1 Twenty-Foot Container,,True,,,Mr. Roy,PERSON_ONLY,Contact : Mr. Roy,United Arab Emirates,Buyer From United Arab Emirates,AE,,,,,2026-08-25,VERIFIED Aug-25-26,2026-08-28T07:35:04+00:00,3,DATE,https://www.go4worldbusiness.com/buylead/view/1319147/wanted-:-tea-like-black-and-green-tea.html,https://www.go4worldbusiness.com/buyers/tea.html,"VERIFIED Aug-25-26 Wanted : Tea Like Black And Green Tea Buyer From United Arab Emirates Quantity Required: 1 Twenty-Foot Container Payment Terms: LC Destination: Jebel Ali, United Arab Emirates Looking for suppliers from: India Inquire Now Add to Favorites Product Description Please provide a quotation to the following requirement from importer - Product Name: Tea Specifications: Black And Green Tea Looking For Suppliers From : Assam Quantity Required : 1 Twenty-Foot Container Shipping Terms : CIF Destination Port : Jebel Ali, United Arab Emirates Payment Terms : LC Looking for suppliers from : India Contact : Mr. Roy Buyer Of Tea | Black Tea | Green Tea",8cf8c1e57a21564b99ebfaaa9d599cb004ad5a6f7933aefd90ebb87b8ab580e5,LIVE,UNVERIFIED_MARKETPLACE_POST,platform_login_or_membership,30,5,25,4,64,B,True,NEEDS_VERIFICATION,a14e5ff59804c74fd6d44fbf24c628aafee0a8bda705d271df69d92a8e602cce,truth-v1.1.0,1,go4worldbusiness
7146345cf32a2194a008786b697abe82,go4worldbusiness,B2B_MARKETPLACE_RFQ,TEA,TEA,RFQ_OR_BUY_OFFER,"Wanted : Tea Like Green Tea, Black Tea","VERIFIED Aug-24-26 Wanted : Tea Like Green Tea, Black Tea Buyer From Qatar Quantity Required: 1 Twenty-Foot Container Payment Terms: LC Destination: Qatar Looking for suppliers from: Worldwide Inquire Now Add to Favorites Product Description Please quote for the following wholesale product requirement - Product Name: Tea Specifications: Green Tea, Black tea Quantity Required : 1 Twenty-Foot Container Shipping Terms : CIF Destination Port : Qatar Payment Terms : LC Looking for suppliers from : Worldwide Contact : Purchaser - Markaz Buyer Of Tea | Black Tea | Green Tea",False,1 Twenty-Foot Container,VALID,Quantity Required: 1 Twenty-Foot Container,,True,,,Purchaser - Markaz,PERSON_ONLY,Contact : Purchaser - Markaz,Qatar,Buyer From Qatar,QA,,,,,2026-08-24,VERIFIED Aug-24-26,2026-08-28T07:35:04+00:00,4,DATE,https://www.go4worldbusiness.com/buylead/view/1318749/wanted-:-tea-like-green-tea-black-tea.html,https://www.go4worldbusiness.com/buyers/tea.html,"VERIFIED Aug-24-26 Wanted : Tea Like Green Tea, Black Tea Buyer From Qatar Quantity Required: 1 Twenty-Foot Container Payment Terms: LC Destination: Qatar Looking for suppliers from: Worldwide Inquire Now Add to Favorites Product Description Please quote for the following wholesale product requirement - Product Name: Tea Specifications: Green Tea, Black tea Quantity Required : 1 Twenty-Foot Container Shipping Terms : CIF Destination Port : Qatar Payment Terms : LC Looking for suppliers from : Worldwide Contact : Purchaser - Markaz Buyer Of Tea | Black Tea | Green Tea",8cf8c1e57a21564b99ebfaaa9d599cb004ad5a6f7933aefd90ebb87b8ab580e5,LIVE,UNVERIFIED_MARKETPLACE_POST,platform_login_or_membership,30,5,25,4,64,B,True,NEEDS_VERIFICATION,2a05eecaddce1ca6f301a1d9b0897cb2d8a891a045135c94103b0eed834dd4a8,truth-v1.1.0,1,go4worldbusiness
1dab58baa14b3a093f10118fc8849a94,go4worldbusiness,B2B_MARKETPLACE_RFQ,TEA,TEA,RFQ_OR_BUY_OFFER,"Wanted : Tea And Coffee Like Black Tea, Coffee Premixes","VERIFIED Aug-06-26 Wanted : Tea And Coffee Like Black Tea, Coffee Premixes Buyer From Singapore Quantity Required: 1 - 2 Pallets Payment Terms: TT credit 45 days Destination: Singapore Looking for suppliers from: Worldwide Inquire Now Add to Favorites Product Description Please quote for the following wholesale product requirement - Product Name: Tea and Coffee Specifications: Black Tea, Coffee premixes, coffee powder Should be organic certified "" IMP NOTE: Need quotations only by Whats App Need 1, 2 pallets initially on trial basis then will increase the quantity Quantity Required : 1 - 2 Pallet/Pallets Shipping Terms : CIF Destination Port : Singapore Payment Terms : TT credit 45 days Looking for suppliers from : Worldwide Contact : Mr. Ong Buyer Of Tea | Black Tea | Coffee | Coffee Premix",True,1 - 2 Pallets,VALID,Quantity Required: 1 - 2 Pallets,,True,,,Mr. Ong,PERSON_ONLY,Contact : Mr. Ong,Singapore,Buyer From Singapore,SG,,,,,2026-08-06,VERIFIED Aug-06-26,2026-08-28T07:35:04+00:00,22,DATE,https://www.go4worldbusiness.com/buylead/view/1315421/wanted-:-tea-and-coffee-like-black-tea-coffee-premixes.html,https://www.go4worldbusiness.com/buyers/tea.html,"VERIFIED Aug-06-26 Wanted : Tea And Coffee Like Black Tea, Coffee Premixes Buyer From Singapore Quantity Required: 1 - 2 Pallets Payment Terms: TT credit 45 days Destination: Singapore Looking for suppliers from: Worldwide Inquire Now Add to Favorites Product Description Please quote for the following wholesale product requirement - Product Name: Tea and Coffee Specifications: Black Tea, Coffee premixes, coffee powder Should be organic certified "" IMP NOTE: Need quotations only by Whats App Need 1, 2 pallets initially on trial basis then will increase the quantity Quantity Required : 1 - 2 Pallet/Pallets Shipping Terms : CIF Destination Port : Singapore Payment Terms : TT credit 45 days Looking for suppliers from : Worldwide Contact : Mr. Ong Buyer Of Tea | Black Tea | Coffee | Coffee Premix",8cf8c1e57a21564b99ebfaaa9d599cb004ad5a6f7933aefd90ebb87b8ab580e5,LIVE,UNVERIFIED_MARKETPLACE_POST,platform_login_or_membership,35,5,18,4,62,B,True,NEEDS_VERIFICATION,980937a918395873753e2265e5d0594f03b40455f24962bc612e47e73ce8aa80,truth-v1.1.0,1,go4worldbusiness
243fc2d16e80ce134620278fd4558dbc,go4worldbusiness,B2B_MARKETPLACE_RFQ,TEA,TEA,RFQ_OR_BUY_OFFER,"Wanted : Tea Like Cacao Tea, Hu Sen Tea","VERIFIED Aug-11-26 Wanted : Tea Like Cacao Tea, Hu Sen Tea Buyer From Japan Quantity Required: 1 Less than Container Load Payment Terms: LC/ TT/ CAD (open to all) Destination: Japan, Japan Looking for suppliers from: Japan, Viet Nam, Brazil Inquire Now Add to Favorites Product Description Buyer is interested to receive quotations for the following RFQ - Product Name: Tea Like Cacao Tea, Hu Sen Tea Specifications: Cacao Tea from japan Hu Sen tea from vietman Mate tea from brazil package for 30 grams Quantity : 30 kg -40 kg each initiaally later LCL Packaging Terms : package for 30 grams Quantity Required : 1 Less than Container Load/LCL Shipping Terms : FOB Destination Port : Japan, Japan Payment Terms : LC/ TT/ CAD (open to all) Looking for suppliers from : Japan, Viet Nam, Brazil Contact : Mr. Koseko Buyer Of Tea",True,1 Less than Container Load,VALID,Quantity Required: 1 Less than Container Load,,True,,,Mr. Koseko,PERSON_ONLY,Contact : Mr. Koseko,Japan,Buyer From Japan,JP,,,,,2026-08-11,VERIFIED Aug-11-26,2026-08-28T07:35:04+00:00,17,DATE,https://www.go4worldbusiness.com/buylead/view/1316173/wanted-:-tea-like-cacao-tea-hu-sen-tea.html,https://www.go4worldbusiness.com/buyers/tea.html,"VERIFIED Aug-11-26 Wanted : Tea Like Cacao Tea, Hu Sen Tea Buyer From Japan Quantity Required: 1 Less than Container Load Payment Terms: LC/ TT/ CAD (open to all) Destination: Japan, Japan Looking for suppliers from: Japan, Viet Nam, Brazil Inquire Now Add to Favorites Product Description Buyer is interested to receive quotations for the following RFQ - Product Name: Tea Like Cacao Tea, Hu Sen Tea Specifications: Cacao Tea from japan Hu Sen tea from vietman Mate tea from brazil package for 30 grams Quantity : 30 kg -40 kg each initiaally later LCL Packaging Terms : package for 30 grams Quantity Required : 1 Less than Container Load/LCL Shipping Terms : FOB Destination Port : Japan, Japan Payment Terms : LC/ TT/ CAD (open to all) Looking for suppliers from : Japan, Viet Nam, Brazil Contact : Mr. Koseko Buyer Of Tea",8cf8c1e57a21564b99ebfaaa9d599cb004ad5a6f7933aefd90ebb87b8ab580e5,LIVE,UNVERIFIED_MARKETPLACE_POST,platform_login_or_membership,35,5,18,4,62,B,True,NEEDS_VERIFICATION,08dfe850a16a90160816b2fcc43b8531ce5848b18f038a0d2d7a14c2d3b70ad9,truth-v1.1.0,1,go4worldbusiness
9d4bcac04f91cf4ef8374005d2e54c17,go4worldbusiness,B2B_MARKETPLACE_RFQ,CHILI,CHILI,RFQ_OR_BUY_OFFER,Wanted : Spices Like Dry Red Teja Chili Stem Less,"VERIFIED Aug-11-26 Wanted : Spices Like Dry Red Teja Chili Stem Less Buyer From United Arab Emirates Quantity Required: 3 Forty-Foot Container Payment Terms: L/C Destination: Dubai, United Arab Emirates Looking for suppliers from: Worldwide Inquire Now Add to Favorites Product Description The buyer would like to receive quotations for - Product Name: Spices Specifications : Type: Dry Red Teja Chili Stem Less Moisture: 10% Max Size: 8 To 10cm (size Is Negotiable Depending According To The Rates Quoted) Loose Seed: 3% Max Foreign Seeds: 3% Max HS Code: 090421 Quantity Required : 3 Forty-Foot Container Shipping Terms : CIF Destination Port : Dubai, United Arab Emirates Payment Terms : L/C Looking for suppliers from : Worldwide Contact : Karan Malhotra Buyer Of Spices | Dry Red Chilli",True,3 Forty-Foot Container,VALID,Quantity Required: 3 Forty-Foot Container,,True,,,Karan Malhotra,PERSON_ONLY,Contact : Karan Malhotra,United Arab Emirates,Buyer From United Arab Emirates,AE,,,,,2026-08-11,VERIFIED Aug-11-26,2026-08-28T07:35:01+00:00,17,DATE,https://www.go4worldbusiness.com/buylead/view/1316057/wanted-:-spices-like-dry-red-teja-chili-stem-less.html,https://www.go4worldbusiness.com/buyers/chili.html,"VERIFIED Aug-11-26 Wanted : Spices Like Dry Red Teja Chili Stem Less Buyer From United Arab Emirates Quantity Required: 3 Forty-Foot Container Payment Terms: L/C Destination: Dubai, United Arab Emirates Looking for suppliers from: Worldwide Inquire Now Add to Favorites Product Description The buyer would like to receive quotations for - Product Name: Spices Specifications : Type: Dry Red Teja Chili Stem Less Moisture: 10% Max Size: 8 To 10cm (size Is Negotiable Depending According To The Rates Quoted) Loose Seed: 3% Max Foreign Seeds: 3% Max HS Code: 090421 Quantity Required : 3 Forty-Foot Container Shipping Terms : CIF Destination Port : Dubai, United Arab Emirates Payment Terms : L/C Looking for suppliers from : Worldwide Contact : Karan Malhotra Buyer Of Spices | Dry Red Chilli",7f5c2b04c97cb4427b2ad13425d56fee5f2f0172e1034c7b6114babaf342f8ad,LIVE,UNVERIFIED_MARKETPLACE_POST,platform_login_or_membership,35,5,18,4,62,B,True,NEEDS_VERIFICATION,cf1138e1419369ec1c2f3fccc6179d78ba3371b9f8fa88ab109fb337514ca1e5,truth-v1.1.0,1,go4worldbusiness
a21f4dd27b7427d1750e4cc337183b80,go4worldbusiness,B2B_MARKETPLACE_RFQ,CHILI,CHILI,RFQ_OR_BUY_OFFER,"Wanted : Spices Like Cumin, Cloves And Red Chili","VERIFIED Aug-19-26 Wanted : Spices Like Cumin, Cloves And Red Chili Buyer From Oman Quantity Required: 1 Twenty-Foot Container Payment Terms: L/C Destination: Sohar Port, Oman Looking for suppliers from: Worldwide Inquire Now Add to Favorites Product Description Please quote for the following wholesale product requirement - Product Name: Spices Specifications : Type: Cumin, Cloves, Red Chili, Turmeric, Etc. Purpose: Retail/Distribution Note: Contact Via Email Only HS Code: 090931, 090710, 090421 Packaging Terms : Carton Boxes Quantity Required : 1 Twenty-Foot Container Shipping Terms : FOB Destination Port : Sohar Port, Oman Payment Terms : L/C Looking for suppliers from : Worldwide Contact : Krishna Buyer Of Spices | Cumin Seeds | Cloves | Red Chilli",True,1 Twenty-Foot Container,VALID,Quantity Required: 1 Twenty-Foot Container,,True,,,Krishna,PERSON_ONLY,Contact : Krishna,Oman,Buyer From Oman,OM,,,,,2026-08-19,VERIFIED Aug-19-26,2026-08-28T07:35:01+00:00,9,DATE,https://www.go4worldbusiness.com/buylead/view/1317765/wanted-:-spices-like-cumin-cloves-and-red-chili.html,https://www.go4worldbusiness.com/buyers/chili.html,"VERIFIED Aug-19-26 Wanted : Spices Like Cumin, Cloves And Red Chili Buyer From Oman Quantity Required: 1 Twenty-Foot Container Payment Terms: L/C Destination: Sohar Port, Oman Looking for suppliers from: Worldwide Inquire Now Add to Favorites Product Description Please quote for the following wholesale product requirement - Product Name: Spices Specifications : Type: Cumin, Cloves, Red Chili, Turmeric, Etc. Purpose: Retail/Distribution Note: Contact Via Email Only HS Code: 090931, 090710, 090421 Packaging Terms : Carton Boxes Quantity Required : 1 Twenty-Foot Container Shipping Terms : FOB Destination Port : Sohar Port, Oman Payment Terms : L/C Looking for suppliers from : Worldwide Contact : Krishna Buyer Of Spices | Cumin Seeds | Cloves | Red Chilli",7f5c2b04c97cb4427b2ad13425d56fee5f2f0172e1034c7b6114babaf342f8ad,LIVE,UNVERIFIED_MARKETPLACE_POST,platform_login_or_membership,35,5,18,4,62,B,True,NEEDS_VERIFICATION,b0b4ddb5a4a0963b2ba281215b4ebb2d5066110fa098e023deb5dcccc8e155ba,truth-v1.1.0,1,go4worldbusiness
a2c2f5398f60686401820c4fa2787dd2,go4worldbusiness,B2B_MARKETPLACE_RFQ,TEA,TEA,RFQ_OR_BUY_OFFER,Wanted : Tea Like Black And Green Tea,"VERIFIED Aug-19-26 Wanted : Tea Like Black And Green Tea Buyer From Kuwait Quantity Required: 1 Twenty-Foot Container Payment Terms: L/C Destination: Kuwait Looking for suppliers from: Worldwide Inquire Now Add to Favorites Product Description The buyer would like to receive quotations for - Product Name: Tea Specifications : Type: Black And Green Tea HS Code: 090230, 090210 Quantity Required : 1 Twenty-Foot Container Shipping Terms : CIF Destination Port : Kuwait Payment Terms : L/C Looking for suppliers from : Worldwide Contact : Purchasing Dept Buyer Of Tea | Black Tea | Green Tea",True,1 Twenty-Foot Container,VALID,Quantity Required: 1 Twenty-Foot Container,,True,,,Purchasing Dept,PERSON_ONLY,Contact : Purchasing Dept,Kuwait,Buyer From Kuwait,KW,,,,,2026-08-19,VERIFIED Aug-19-26,2026-08-28T07:35:04+00:00,9,DATE,https://www.go4worldbusiness.com/buylead/view/1317836/wanted-:-tea-like-black-and-green-tea.html,https://www.go4worldbusiness.com/buyers/tea.html,"VERIFIED Aug-19-26 Wanted : Tea Like Black And Green Tea Buyer From Kuwait Quantity Required: 1 Twenty-Foot Container Payment Terms: L/C Destination: Kuwait Looking for suppliers from: Worldwide Inquire Now Add to Favorites Product Description The buyer would like to receive quotations for - Product Name: Tea Specifications : Type: Black And Green Tea HS Code: 090230, 090210 Quantity Required : 1 Twenty-Foot Container Shipping Terms : CIF Destination Port : Kuwait Payment Terms : L/C Looking for suppliers from : Worldwide Contact : Purchasing Dept Buyer Of Tea | Black Tea | Green Tea",8cf8c1e57a21564b99ebfaaa9d599cb004ad5a6f7933aefd90ebb87b8ab580e5,LIVE,UNVERIFIED_MARKETPLACE_POST,platform_login_or_membership,35,5,18,4,62,B,True,NEEDS_VERIFICATION,6ff364237548e2597720ab00cc92a4dd8e05d731c13ea30f288e5bdd2bd9d9d9,truth-v1.1.0,1,go4worldbusiness
a487bb9182cb97d60cd2ab24b1db54b9,go4worldbusiness,B2B_MARKETPLACE_RFQ,CHILI,CHILI,RFQ_OR_BUY_OFFER,"Wanted : Spices Like Cumin Seeds, Chili Powder","VERIFIED Aug-18-26 Wanted : Spices Like Cumin Seeds, Chili Powder Buyer From United Arab Emirates Quantity Required: 1 Twenty-Foot Container Payment Terms: L/C Destination: United Arab Emirates Looking for suppliers from: Worldwide Inquire Now Add to Favorites Product Description Please quote for the following wholesale product requirement - Product Name: Spices Specifications : Types: Whole Spices, Ground Spices (like Cumin Seeds, Chili Powder) Material: Natural Spices Uses: Food Processing, Retail Distribution Note: Contact Email Only HS Code: 090931, 090422 Packaging Terms : PP Bags, Glass Jars Quantity Required : 1 Twenty-Foot Container Shipping Terms : FOB Or CIF Destination Port : United Arab Emirates Payment Terms : L/C Looking for suppliers from : Worldwide Contact : Sajeev Buyer Of Spices | Cumin Seeds | Chilli Powder",True,1 Twenty-Foot Container,VALID,Quantity Required: 1 Twenty-Foot Container,,True,,,Sajeev,PERSON_ONLY,Contact : Sajeev,United Arab Emirates,Buyer From United Arab Emirates,AE,,,,,2026-08-18,VERIFIED Aug-18-26,2026-08-28T07:35:01+00:00,10,DATE,https://www.go4worldbusiness.com/buylead/view/1317525/wanted-:-spices-like-cumin-seeds-chili-powder.html,https://www.go4worldbusiness.com/buyers/chili.html,"VERIFIED Aug-18-26 Wanted : Spices Like Cumin Seeds, Chili Powder Buyer From United Arab Emirates Quantity Required: 1 Twenty-Foot Container Payment Terms: L/C Destination: United Arab Emirates Looking for suppliers from: Worldwide Inquire Now Add to Favorites Product Description Please quote for the following wholesale product requirement - Product Name: Spices Specifications : Types: Whole Spices, Ground Spices (like Cumin Seeds, Chili Powder) Material: Natural Spices Uses: Food Processing, Retail Distribution Note: Contact Email Only HS Code: 090931, 090422 Packaging Terms : PP Bags, Glass Jars Quantity Required : 1 Twenty-Foot Container Shipping Terms : FOB Or CIF Destination Port : United Arab Emirates Payment Terms : L/C Looking for suppliers from : Worldwide Contact : Sajeev Buyer Of Spices | Cumin Seeds | Chilli Powder",7f5c2b04c97cb4427b2ad13425d56fee5f2f0172e1034c7b6114babaf342f8ad,LIVE,UNVERIFIED_MARKETPLACE_POST,platform_login_or_membership,35,5,18,4,62,B,True,NEEDS_VERIFICATION,7397360792e39ed35c715b623122f171a311028e0b78b963a0fd16090bcb7f18,truth-v1.1.0,1,go4worldbusiness
a64c03e0b8380c47e9b5b107dff039c3,go4worldbusiness,B2B_MARKETPLACE_RFQ,TEA,TEA,RFQ_OR_BUY_OFFER,Wanted : Tea Like Black Tea And Assam Ctc Bop,"VERIFIED Jul-30-26 Wanted : Tea Like Black Tea And Assam Ctc Bop Buyer From United Arab Emirates Quantity Required: 1 Twenty-Foot Container Payment Terms: LC Destination: Abu Dhabi, United Arab Emirates Looking for suppliers from: India Inquire Now Add to Favorites Product Description The buyer would like to receive quotations for - Product Name: Tea Like Black Tea and Assam CTC BOP Specifications: Black Tea and Assam CTC BOP Indian origin Hs Code 0902 Quantity Required : 1 Twenty-Foot Container Shipping Terms : CIF Destination Port : Abu Dhabi, United Arab Emirates Payment Terms : LC Looking for suppliers from : India Contact : Shahid Hossain Buyer Of Tea | Black Tea | CTC Black Tea",True,1 Twenty-Foot Container,VALID,Quantity Required: 1 Twenty-Foot Container,,True,,,Shahid Hossain,PERSON_ONLY,Contact : Shahid Hossain,United Arab Emirates,Buyer From United Arab Emirates,AE,,,,,2026-07-30,VERIFIED Jul-30-26,2026-08-28T07:35:04+00:00,29,DATE,https://www.go4worldbusiness.com/buylead/view/1314003/wanted-:-tea-like-black-tea-and-assam-ctc-bop.html,https://www.go4worldbusiness.com/buyers/tea.html,"VERIFIED Jul-30-26 Wanted : Tea Like Black Tea And Assam Ctc Bop Buyer From United Arab Emirates Quantity Required: 1 Twenty-Foot Container Payment Terms: LC Destination: Abu Dhabi, United Arab Emirates Looking for suppliers from: India Inquire Now Add to Favorites Product Description The buyer would like to receive quotations for - Product Name: Tea Like Black Tea and Assam CTC BOP Specifications: Black Tea and Assam CTC BOP Indian origin Hs Code 0902 Quantity Required : 1 Twenty-Foot Container Shipping Terms : CIF Destination Port : Abu Dhabi, United Arab Emirates Payment Terms : LC Looking for suppliers from : India Contact : Shahid Hossain Buyer Of Tea | Black Tea | CTC Black Tea",8cf8c1e57a21564b99ebfaaa9d599cb004ad5a6f7933aefd90ebb87b8ab580e5,LIVE,UNVERIFIED_MARKETPLACE_POST,platform_login_or_membership,35,5,18,4,62,B,True,NEEDS_VERIFICATION,9a92d0278661454d4dad97394a7c178ae58d4c561c0f93d13f8125023206fc16,truth-v1.1.0,1,go4worldbusiness
b71e688b745bc39252237ce04318fd53,go4worldbusiness,B2B_MARKETPLACE_RFQ,TEA,TEA,RFQ_OR_BUY_OFFER,Wanted : Tea Like Karak Tea,"VERIFIED Aug-14-26 Wanted : Tea Like Karak Tea Buyer From Oman Quantity Required: 1,000 - 2,000 Pieces Payment Terms: Bank transfer Destination: Philippines Looking for suppliers from: Philippines, Oman Inquire Now Add to Favorites Product Description Please quote for the following wholesale product requirement - Product Name: Karak Tea Specifications :- Type - 18g To 20g Per Sachet. Hs Code 21012090 Quantity - 1000 Pcs - 2000 Pcs Or More MOQ Quantity Required : 1000 - 2000 Piece/Pieces Shipping Terms : CIF Destination Port : Philippines Payment Terms : Bank transfer Looking for suppliers from : Philippines, Oman Contact : Sheree Belmonte Buyer Of Tea",True,"1,000 - 2,000 Pieces",VALID,"Quantity Required: 1,000 - 2,000 Pieces",,True,,,Sheree Belmonte,PERSON_ONLY,Contact : Sheree Belmonte,Oman,Buyer From Oman,OM,,,,1000 - 2000,2026-08-14,VERIFIED Aug-14-26,2026-08-28T07:35:04+00:00,14,DATE,https://www.go4worldbusiness.com/buylead/view/1316836/wanted-:-tea-like-karak-tea.html,https://www.go4worldbusiness.com/buyers/tea.html,"VERIFIED Aug-14-26 Wanted : Tea Like Karak Tea Buyer From Oman Quantity Required: 1,000 - 2,000 Pieces Payment Terms: Bank transfer Destination: Philippines Looking for suppliers from: Philippines, Oman Inquire Now Add to Favorites Product Description Please quote for the following wholesale product requirement - Product Name: Karak Tea Specifications :- Type - 18g To 20g Per Sachet. Hs Code 21012090 Quantity - 1000 Pcs - 2000 Pcs Or More MOQ Quantity Required : 1000 - 2000 Piece/Pieces Shipping Terms : CIF Destination Port : Philippines Payment Terms : Bank transfer Looking for suppliers from : Philippines, Oman Contact : Sheree Belmonte Buyer Of Tea",8cf8c1e57a21564b99ebfaaa9d599cb004ad5a6f7933aefd90ebb87b8ab580e5,LIVE,UNVERIFIED_MARKETPLACE_POST,platform_login_or_membership,35,5,18,4,62,B,True,NEEDS_VERIFICATION,2099e22e751627b7cbc572c8902f46ffca94c5f9621066f386852b56b8d82294,truth-v1.1.0,1,go4worldbusiness
bd4613727fa09650929810fc6226e8b5,go4worldbusiness,B2B_MARKETPLACE_RFQ,TEA,TEA,RFQ_OR_BUY_OFFER,Wanted : Tea Like Boosting Black And Green Tea,"VERIFIED Aug-10-26 Wanted : Tea Like Boosting Black And Green Tea Buyer From Philippines Quantity Required: 1 Less than Container Load Payment Terms: Bank Transfer Destination: Philippines Looking for suppliers from: China Inquire Now Add to Favorites Product Description Please provide a quotation to the following requirement from importer - Product Name: Tea Specifications : Type: Boosting Black And Green Tea Form: Loose Leaf Black HS Code: 090230, 090210 Quantity Required : 1 Less than Container Load/LCL(sample) Shipping Terms : FOB Destination Port : Philippines Payment Terms : Bank Transfer Looking for suppliers from : China Contact : Doris Anacan Buyer Of Tea | Black Tea | Green Tea",True,1 Less than Container Load,VALID,Quantity Required: 1 Less than Container Load,,True,,,Doris Anacan,PERSON_ONLY,Contact : Doris Anacan,Philippines,Buyer From Philippines,PH,,,,,2026-08-10,VERIFIED Aug-10-26,2026-08-28T07:35:04+00:00,18,DATE,https://www.go4worldbusiness.com/buylead/view/1315895/wanted-:-tea-like-boosting-black-and-green-tea.html,https://www.go4worldbusiness.com/buyers/tea.html,"VERIFIED Aug-10-26 Wanted : Tea Like Boosting Black And Green Tea Buyer From Philippines Quantity Required: 1 Less than Container Load Payment Terms: Bank Transfer Destination: Philippines Looking for suppliers from: China Inquire Now Add to Favorites Product Description Please provide a quotation to the following requirement from importer - Product Name: Tea Specifications : Type: Boosting Black And Green Tea Form: Loose Leaf Black HS Code: 090230, 090210 Quantity Required : 1 Less than Container Load/LCL(sample) Shipping Terms : FOB Destination Port : Philippines Payment Terms : Bank Transfer Looking for suppliers from : China Contact : Doris Anacan Buyer Of Tea | Black Tea | Green Tea",8cf8c1e57a21564b99ebfaaa9d599cb004ad5a6f7933aefd90ebb87b8ab580e5,LIVE,UNVERIFIED_MARKETPLACE_POST,platform_login_or_membership,35,5,18,4,62,B,True,NEEDS_VERIFICATION,1410126e6c4225cad89e1716074da9c800927c4c4187e157adc09b6c05837e8c,truth-v1.1.0,1,go4worldbusiness
cd13058ea03716684c46b00497f6bffc,go4worldbusiness,B2B_MARKETPLACE_RFQ,TEA,TEA,RFQ_OR_BUY_OFFER,"Wanted : Tea Like Black Tea, Green Tea","VERIFIED Aug-06-26 Wanted : Tea Like Black Tea, Green Tea Buyer From Canada Quantity Required: 1 Ton Payment Terms: Transferable L/C At Sight Destination: Turkey Looking for suppliers from: Worldwide Inquire Now Add to Favorites Product Description Please quote for the following wholesale product requirement - Product Name: Tea Specifications : Type: Black Tea, Green Tea, Etc. HS Code: 090240, 090210 Quantity Required : 1 Ton/Tons Shipping Terms : CIF Or FOB Destination Port : Turkey Payment Terms : Transferable L/C At Sight Looking for suppliers from : Worldwide Contact : Jean Joseph Buyer Of Tea | Black Tea | Green Tea",True,1 Ton,VALID,Quantity Required: 1 Ton,,True,,,Jean Joseph,PERSON_ONLY,Contact : Jean Joseph,Canada,Buyer From Canada,CA,,,,,2026-08-06,VERIFIED Aug-06-26,2026-08-28T07:35:04+00:00,22,DATE,https://www.go4worldbusiness.com/buylead/view/1315140/wanted-:-tea-like-black-tea-green-tea.html,https://www.go4worldbusiness.com/buyers/tea.html,"VERIFIED Aug-06-26 Wanted : Tea Like Black Tea, Green Tea Buyer From Canada Quantity Required: 1 Ton Payment Terms: Transferable L/C At Sight Destination: Turkey Looking for suppliers from: Worldwide Inquire Now Add to Favorites Product Description Please quote for the following wholesale product requirement - Product Name: Tea Specifications : Type: Black Tea, Green Tea, Etc. HS Code: 090240, 090210 Quantity Required : 1 Ton/Tons Shipping Terms : CIF Or FOB Destination Port : Turkey Payment Terms : Transferable L/C At Sight Looking for suppliers from : Worldwide Contact : Jean Joseph Buyer Of Tea | Black Tea | Green Tea",8cf8c1e57a21564b99ebfaaa9d599cb004ad5a6f7933aefd90ebb87b8ab580e5,LIVE,UNVERIFIED_MARKETPLACE_POST,platform_login_or_membership,35,5,18,4,62,B,True,NEEDS_VERIFICATION,0f97b49caa2f88e262fb9300c895a4da9875ce3682cb70fd9b3b13735ee39cb2,truth-v1.1.0,1,go4worldbusiness
833fd8a5a441fe687b65a7bca516a77e,tradekey,B2B_MARKETPLACE_RFQ,TEA,TEA,RFQ_OR_BUY_OFFER,Interested in Buying Tea,"Interested in Buying Tea There is a current requirement for Tea ; please share your available specifications, packing details and best offer. Please state origin, moisture level, packing weight, inspection options and load... Tags: Tea Suppliers | Bulk Tea | Tea Exporters This buyer wants to receive quotations only from Premium Members . Kuwait Posted on: 23 Aug 2026 Contact Buyer now",True,,MISSING,,,False,,,,UNRESOLVED,,Kuwait,Kuwait,KW,,,,,2026-08-23,Posted on: 23 Aug 2026,2026-08-28T07:34:03+00:00,5,DATE,https://importer.tradekey.com/buyoffer/Interested-In-Buying-Tea-3849085.html,https://www.tradekey.com/tea-buyer/,"Interested in Buying Tea There is a current requirement for Tea ; please share your available specifications, packing details and best offer. Please state origin, moisture level, packing weight, inspection options and load... Tags: Tea Suppliers | Bulk Tea | Tea Exporters This buyer wants to receive quotations only from Premium Members . Kuwait Posted on: 23 Aug 2026 Contact Buyer now",ea0b1f3f60fff12f082d72611c741918fc9ea0b7c6330ffd330844c8d6d29071,LIVE,UNVERIFIED_MARKETPLACE_POST,platform_login_or_membership,25,5,25,4,59,C,True,NEEDS_VERIFICATION,6dc9c60b4887a65f56304bfceaef5d1751d6588a4af0bf4c8653575ae059b17c,truth-v1.1.0,1,tradekey
d2f329aa83fe25493f694729f8a879f3,tradekey,B2B_MARKETPLACE_RFQ,TEA,TEA,RFQ_OR_BUY_OFFER,Manufacturers Wanted for Cumin Seeds for India,"Manufacturers Wanted for Cumin Seeds for India We invite manufacturers and established exporters to offer cumin seeds. State botanical variety, origin and crop season, whole/ground or tea grade, moisture, foreign matter and volatile-oil or extr... Tags: Cumin Seeds | Cumin Seeds Supplier | Cumin Seeds Manufacturer | Bulk Cumin Seeds | Cumin Seeds Exporter This buyer wants to receive quotations only from Premium Members . India Posted on: 27 Aug 2026 Contact Buyer now",True,,MISSING,,,False,,,,UNRESOLVED,,India,India,IN,,,,,2026-08-27,Posted on: 27 Aug 2026,2026-08-28T07:34:03+00:00,1,DATE,https://importer.tradekey.com/buyoffer/Manufacturers-Wanted-For-Cumin-Seeds-For-India-3871703.html,https://www.tradekey.com/tea-buyer/,"Manufacturers Wanted for Cumin Seeds for India We invite manufacturers and established exporters to offer cumin seeds. State botanical variety, origin and crop season, whole/ground or tea grade, moisture, foreign matter and volatile-oil or extr... Tags: Cumin Seeds | Cumin Seeds Supplier | Cumin Seeds Manufacturer | Bulk Cumin Seeds | Cumin Seeds Exporter This buyer wants to receive quotations only from Premium Members . India Posted on: 27 Aug 2026 Contact Buyer now",ea0b1f3f60fff12f082d72611c741918fc9ea0b7c6330ffd330844c8d6d29071,LIVE,UNVERIFIED_MARKETPLACE_POST,platform_login_or_membership,25,5,25,4,59,C,True,NEEDS_VERIFICATION,53f755175e409083f26d6221b81f910fdc5a9630896a2e76fd6738823d0e994b,truth-v1.1.0,1,tradekey
fa1e57121061f3e0b019c7d41c0d4c52,tradekey,B2B_MARKETPLACE_RFQ,TEA,TEA,RFQ_OR_BUY_OFFER,Buying Black Tea for France,"Buying Black Tea for France We are evaluating producers of black tea for shipment to France. State botanical variety, origin and crop season, whole/ground or tea grade, moisture, foreign matter and volatile-oil or extract val... Tags: Black Tea | Black Tea Supplier | Black Tea Manufacturer This buyer wants to receive quotations only from Premium Members . France Posted on: 27 Aug 2026 Contact Buyer now",True,,MISSING,,,False,,,,UNRESOLVED,,France,France,FR,,,,,2026-08-27,Posted on: 27 Aug 2026,2026-08-28T07:34:03+00:00,1,DATE,https://importer.tradekey.com/buyoffer/Buying-Black-Tea-For-France-3871695.html,https://www.tradekey.com/tea-buyer/,"Buying Black Tea for France We are evaluating producers of black tea for shipment to France. State botanical variety, origin and crop season, whole/ground or tea grade, moisture, foreign matter and volatile-oil or extract val... Tags: Black Tea | Black Tea Supplier | Black Tea Manufacturer This buyer wants to receive quotations only from Premium Members . France Posted on: 27 Aug 2026 Contact Buyer now",ea0b1f3f60fff12f082d72611c741918fc9ea0b7c6330ffd330844c8d6d29071,LIVE,UNVERIFIED_MARKETPLACE_POST,platform_login_or_membership,25,5,25,4,59,C,True,NEEDS_VERIFICATION,c8826f50d966e579167842b5ef4e9096b242b913e9ef2c6068ce8dd49378d77a,truth-v1.1.0,1,tradekey
02afd75c2f6ba514625cc998952a7949,go4worldbusiness,B2B_MARKETPLACE_RFQ,TEA,TEA,RFQ_OR_BUY_OFFER,Wanted : Tea Like Black Tea,VERIFIED Aug-20-26 Wanted : Tea Like Black Tea Buyer From Greece Quantity Required: 1 Twenty-Foot Container Payment Terms: Bank Transfer Destination: Greece Looking for suppliers from: India Inquire Now Add to Favorites Product Description The buyer would like to receive quotations for - Product Name: Tea Specifications : Type: Black Tea Packaging : Standard Use : Retail & Distribution Purpose Harmonized System (HS) Code: 0902.30 Quantity Required : 1 Twenty-Foot Container Shipping Terms : CIF Destination Port : Greece Payment Terms : Bank Transfer Looking for suppliers from : India Contact : Malen Imports Buyer Of Tea | Black Tea,False,1 Twenty-Foot Container,VALID,Quantity Required: 1 Twenty-Foot Container,,True,,,Malen Imports,PERSON_ONLY,Contact : Malen Imports,Greece,Buyer From Greece,GR,,,,,2026-08-20,VERIFIED Aug-20-26,2026-08-28T07:35:04+00:00,8,DATE,https://www.go4worldbusiness.com/buylead/view/1318234/wanted-:-tea-like-black-tea.html,https://www.go4worldbusiness.com/buyers/tea.html,VERIFIED Aug-20-26 Wanted : Tea Like Black Tea Buyer From Greece Quantity Required: 1 Twenty-Foot Container Payment Terms: Bank Transfer Destination: Greece Looking for suppliers from: India Inquire Now Add to Favorites Product Description The buyer would like to receive quotations for - Product Name: Tea Specifications : Type: Black Tea Packaging : Standard Use : Retail & Distribution Purpose Harmonized System (HS) Code: 0902.30 Quantity Required : 1 Twenty-Foot Container Shipping Terms : CIF Destination Port : Greece Payment Terms : Bank Transfer Looking for suppliers from : India Contact : Malen Imports Buyer Of Tea | Black Tea,8cf8c1e57a21564b99ebfaaa9d599cb004ad5a6f7933aefd90ebb87b8ab580e5,LIVE,UNVERIFIED_MARKETPLACE_POST,platform_login_or_membership,30,5,18,4,57,C,True,NEEDS_VERIFICATION,9b1cc14f4173cafa93a19fca1730f72dc19ebea8030de2b361311a45001d9a67,truth-v1.1.0,1,go4worldbusiness
ed6c146b6bd03405ecd58868ebc80f8f,go4worldbusiness,B2B_MARKETPLACE_RFQ,TEA,TEA,RFQ_OR_BUY_OFFER,Wanted : Ceylon Tea Like Op1 Loose Leaf Ceylon Tea,VERIFIED Aug-05-26 Wanted : Ceylon Tea Like Op1 Loose Leaf Ceylon Tea Buyer From Ukraine Quantity Required: 3 Tons Payment Terms: LC Destination: Ukraine Looking for suppliers from: Worldwide Inquire Now Add to Favorites Product Description Please quote for the following wholesale product requirement - Product Name: Ceylon Tea Specifications : Type: OP1 Loose Leaf Ceylon Tea Harmonized System (HS) Code: 090230 Quantity Required : 3 Ton/Tons Shipping Terms : CIF Destination Port : Ukraine Payment Terms : LC Looking for suppliers from : Worldwide Contact : Mykola Shuliak Buyer Of Tea | Black Tea | CTC Black Tea,False,3 Tons,VALID,Quantity Required: 3 Tons,,True,,,Mykola Shuliak,PERSON_ONLY,Contact : Mykola Shuliak,Ukraine,Buyer From Ukraine,UA,,,,,2026-08-05,VERIFIED Aug-05-26,2026-08-28T07:35:04+00:00,23,DATE,https://www.go4worldbusiness.com/buylead/view/1315081/wanted-:-ceylon-tea-like-op1-loose-leaf-ceylon-tea.html,https://www.go4worldbusiness.com/buyers/tea.html,VERIFIED Aug-05-26 Wanted : Ceylon Tea Like Op1 Loose Leaf Ceylon Tea Buyer From Ukraine Quantity Required: 3 Tons Payment Terms: LC Destination: Ukraine Looking for suppliers from: Worldwide Inquire Now Add to Favorites Product Description Please quote for the following wholesale product requirement - Product Name: Ceylon Tea Specifications : Type: OP1 Loose Leaf Ceylon Tea Harmonized System (HS) Code: 090230 Quantity Required : 3 Ton/Tons Shipping Terms : CIF Destination Port : Ukraine Payment Terms : LC Looking for suppliers from : Worldwide Contact : Mykola Shuliak Buyer Of Tea | Black Tea | CTC Black Tea,8cf8c1e57a21564b99ebfaaa9d599cb004ad5a6f7933aefd90ebb87b8ab580e5,LIVE,UNVERIFIED_MARKETPLACE_POST,platform_login_or_membership,30,5,18,4,57,C,True,NEEDS_VERIFICATION,bb7a8007e16565871b3abd138917324c5a5cc639280a8967c9c6b80d00724aff,truth-v1.1.0,1,go4worldbusiness
1f796104918e1f3d63a495b87def00ab,go4worldbusiness,B2B_MARKETPLACE_RFQ,CHILI,CHILI,RFQ_OR_BUY_OFFER,Wanted : Dried Red Chili,"VERIFIED Jun-01-26 Wanted : Dried Red Chili Buyer From Viet Nam Quantity Required: 1 Twenty-Foot Container Payment Terms: LC Destination: Viet Nam Looking for suppliers from: Worldwide Inquire Now Add to Favorites Product Description Buyer is interested to receive quotations for the following RFQ - Product Name: Dried Red Chilies Specifications: Types : (jinda, Sannam, Teja, Myanmar varieties) Send us the best quotes Any origin Quantity Required : 1 Twenty-Foot Container Shipping Terms : CIF Destination Port : Viet Nam Payment Terms : LC Looking for suppliers from : Worldwide Contact : Mr. Mitca Buyer Of Dry Red Chilli",True,1 Twenty-Foot Container,VALID,Quantity Required: 1 Twenty-Foot Container,,True,,,Mr. Mitca,PERSON_ONLY,Contact : Mr. Mitca,Viet Nam,Buyer From Viet Nam,VN,,,,,2026-06-01,VERIFIED Jun-01-26,2026-08-28T07:35:01+00:00,88,DATE,https://www.go4worldbusiness.com/buylead/view/1301924/wanted-:-dried-red-chili.html,https://www.go4worldbusiness.com/buyers/chili.html,"VERIFIED Jun-01-26 Wanted : Dried Red Chili Buyer From Viet Nam Quantity Required: 1 Twenty-Foot Container Payment Terms: LC Destination: Viet Nam Looking for suppliers from: Worldwide Inquire Now Add to Favorites Product Description Buyer is interested to receive quotations for the following RFQ - Product Name: Dried Red Chilies Specifications: Types : (jinda, Sannam, Teja, Myanmar varieties) Send us the best quotes Any origin Quantity Required : 1 Twenty-Foot Container Shipping Terms : CIF Destination Port : Viet Nam Payment Terms : LC Looking for suppliers from : Worldwide Contact : Mr. Mitca Buyer Of Dry Red Chilli",7f5c2b04c97cb4427b2ad13425d56fee5f2f0172e1034c7b6114babaf342f8ad,LIVE,UNVERIFIED_MARKETPLACE_POST,platform_login_or_membership,35,5,8,4,52,C,True,NEEDS_VERIFICATION,754fdc76e95f073299e718f7b57a7071702fc18c011771997fe0310ba520fb1e,truth-v1.1.0,1,go4worldbusiness
54aa86b358619f370620b20c66399940,tradekey,B2B_MARKETPLACE_RFQ,TEA,TEA,RFQ_OR_BUY_OFFER,Bulk Sourcing Inquiry for Votive Holder Tea Light Holder,"Bulk Sourcing Inquiry for Votive Holder Tea Light Holder Please quote export-quality Votive Holder Tea Light Holder for an initial shipment of one **-foot container. Please state origin, variety or grade, moisture, purity, defect tolerance, processing me... Tags: Votive Holder Tea Light Holder | Votive Holder Tea Light Holder Supplier | Bulk Votive Holder Tea Light Holder | Votive Holder Tea Light Holder Manufacturer | Votive Holder Tea Light Holder Exporter | Votive Holder Tea Light Holder Importer | Votive Holder Tea This buyer wants to receive quotations only from Premium Members . India Posted on: 11 Aug 2026 Contact Buyer now",True,,MISSING,,,False,,,,UNRESOLVED,,India,India,IN,,,,,2026-08-11,Posted on: 11 Aug 2026,2026-08-28T07:34:03+00:00,17,DATE,https://importer.tradekey.com/buyoffer/Bulk-Sourcing-Inquiry-For-Votive-Holder-Tea-Light-Holder-3839929.html,https://www.tradekey.com/tea-buyer/,"Bulk Sourcing Inquiry for Votive Holder Tea Light Holder Please quote export-quality Votive Holder Tea Light Holder for an initial shipment of one **-foot container. Please state origin, variety or grade, moisture, purity, defect tolerance, processing me... Tags: Votive Holder Tea Light Holder | Votive Holder Tea Light Holder Supplier | Bulk Votive Holder Tea Light Holder | Votive Holder Tea Light Holder Manufacturer | Votive Holder Tea Light Holder Exporter | Votive Holder Tea Light Holder Importer | Votive Holder Tea This buyer wants to receive quotations only from Premium Members . India Posted on: 11 Aug 2026 Contact Buyer now",ea0b1f3f60fff12f082d72611c741918fc9ea0b7c6330ffd330844c8d6d29071,LIVE,UNVERIFIED_MARKETPLACE_POST,platform_login_or_membership,25,5,18,4,52,C,True,NEEDS_VERIFICATION,3b127a3564697eb44082c8ef2a87fc96be3d010bb47a84727f6ceb8cce64e36b,truth-v1.1.0,1,tradekey
83314cea64f857b23ebe4a696142f9ff,tradekey,B2B_MARKETPLACE_RFQ,TEA,TEA,RFQ_OR_BUY_OFFER,Buyer Seeking Tea Bags,"Buyer Seeking Tea Bags We want to compare manufacturers and exporters dealing in Tea Bags. Main preference: individually wrapped or bulk-packed tea bags can be considered please mention tea grade, flavor options, and sh... Tags: Tea Bags | Food Supplier | Bulk Food Products | Import Food This buyer wants to receive quotations only from Premium Members . Uganda Posted on: 15 Aug 2026 Contact Buyer now",True,,MISSING,,,False,,,,UNRESOLVED,,Uganda,Uganda,UG,,,,,2026-08-15,Posted on: 15 Aug 2026,2026-08-28T07:34:03+00:00,13,DATE,https://importer.tradekey.com/buyoffer/Buyer-Seeking-Tea-Bags-3858471.html,https://www.tradekey.com/tea-buyer/,"Buyer Seeking Tea Bags We want to compare manufacturers and exporters dealing in Tea Bags. Main preference: individually wrapped or bulk-packed tea bags can be considered please mention tea grade, flavor options, and sh... Tags: Tea Bags | Food Supplier | Bulk Food Products | Import Food This buyer wants to receive quotations only from Premium Members . Uganda Posted on: 15 Aug 2026 Contact Buyer now",ea0b1f3f60fff12f082d72611c741918fc9ea0b7c6330ffd330844c8d6d29071,LIVE,UNVERIFIED_MARKETPLACE_POST,platform_login_or_membership,25,5,18,4,52,C,True,NEEDS_VERIFICATION,1148921b1288c507d63669012b27b51a021db84221bdf18a2f17b29bfa27626c,truth-v1.1.0,1,tradekey
88698e5d5a185d7a6b2aefaed2b2fdc7,tradekey,B2B_MARKETPLACE_RFQ,TEA,TEA,RFQ_OR_BUY_OFFER,Import Inquiry for Tea bag,Import Inquiry for Tea bag We would like to connect with suppliers who can provide Tea bag with consistent quality. Our current demand is connected with buyers in Sri Lanka. Kindly mention monthly supply capacity and whethe... Tags: Tea Bag | Tea Bag Supplier | Tea Bag Export This buyer wants to receive quotations only from Premium Members . Sri Lanka Posted on: 09 Aug 2026 Contact Buyer now,False,monthly,VALID,,,False,,,,UNRESOLVED,,Sri Lanka,Sri Lanka,LK,,,,,2026-08-09,Posted on: 09 Aug 2026,2026-08-28T07:34:03+00:00,19,DATE,https://importer.tradekey.com/buyoffer/Import-Inquiry-For-Tea-Bag-3856837.html,https://www.tradekey.com/tea-buyer/,Import Inquiry for Tea bag We would like to connect with suppliers who can provide Tea bag with consistent quality. Our current demand is connected with buyers in Sri Lanka. Kindly mention monthly supply capacity and whethe... Tags: Tea Bag | Tea Bag Supplier | Tea Bag Export This buyer wants to receive quotations only from Premium Members . Sri Lanka Posted on: 09 Aug 2026 Contact Buyer now,ea0b1f3f60fff12f082d72611c741918fc9ea0b7c6330ffd330844c8d6d29071,LIVE,UNVERIFIED_MARKETPLACE_POST,platform_login_or_membership,25,5,18,4,52,C,True,NEEDS_VERIFICATION,4976a147fe4699712187e3cba8174782e00f4cfa22e90fe4628a1de0284d860e,truth-v1.1.0,1,tradekey
8a8363a1d41048dcee27fb116c9316fa,tradekey,B2B_MARKETPLACE_RFQ,TEA,TEA,RFQ_OR_BUY_OFFER,Requesting Quotations for Goji Berry Tea,"Requesting Quotations for Goji Berry Tea Kindly provide your latest offer for Goji Berry Tea with product photos, specifications and available payment terms. Food-grade quality, clean packing, recent production date and acceptable shelf ... Tags: Goji Berry Tea | Goji Berry Tea Suppliers | Bulk Goji Berry Tea | Goji Berry Tea Exporters This buyer wants to receive quotations only from Premium Members . Australia Posted on: 10 Aug 2026 Contact Buyer now",True,,MISSING,,,False,,,,UNRESOLVED,,Australia,Australia,AU,,,,,2026-08-10,Posted on: 10 Aug 2026,2026-08-28T07:34:03+00:00,18,DATE,https://importer.tradekey.com/buyoffer/Requesting-Quotations-For-Goji-Berry-Tea-3849489.html,https://www.tradekey.com/tea-buyer/,"Requesting Quotations for Goji Berry Tea Kindly provide your latest offer for Goji Berry Tea with product photos, specifications and available payment terms. Food-grade quality, clean packing, recent production date and acceptable shelf ... Tags: Goji Berry Tea | Goji Berry Tea Suppliers | Bulk Goji Berry Tea | Goji Berry Tea Exporters This buyer wants to receive quotations only from Premium Members . Australia Posted on: 10 Aug 2026 Contact Buyer now",ea0b1f3f60fff12f082d72611c741918fc9ea0b7c6330ffd330844c8d6d29071,LIVE,UNVERIFIED_MARKETPLACE_POST,platform_login_or_membership,25,5,18,4,52,C,True,NEEDS_VERIFICATION,fe8951a33c30caa820686ed9953bb8ff5b36af17244bdc905948e2213d9039b1,truth-v1.1.0,1,tradekey
cbc2fc41d6eba0ac46f03bf6e4d71db3,tradekey,B2B_MARKETPLACE_RFQ,TEA,TEA,RFQ_OR_BUY_OFFER,Regular Supply Inquiry for Tea pot,"Regular Supply Inquiry for Tea pot Kindly quote for Tea pot with clear product details, packing information, and available shipment schedule. Our current demand is connected with buyers in Saudi Arabia. Price is important, but cons... Tags: Tea Pot | Tea Pot Supplier | Tea Pot Export This buyer wants to receive quotations only from Premium Members . Saudi Arabia Posted on: 14 Aug 2026 Contact Buyer now",True,,MISSING,,,False,,,,UNRESOLVED,,Saudi Arabia,Saudi Arabia,SA,,,,,2026-08-14,Posted on: 14 Aug 2026,2026-08-28T07:34:03+00:00,14,DATE,https://importer.tradekey.com/buyoffer/Regular-Supply-Inquiry-For-Tea-Pot-3856845.html,https://www.tradekey.com/tea-buyer/,"Regular Supply Inquiry for Tea pot Kindly quote for Tea pot with clear product details, packing information, and available shipment schedule. Our current demand is connected with buyers in Saudi Arabia. Price is important, but cons... Tags: Tea Pot | Tea Pot Supplier | Tea Pot Export This buyer wants to receive quotations only from Premium Members . Saudi Arabia Posted on: 14 Aug 2026 Contact Buyer now",ea0b1f3f60fff12f082d72611c741918fc9ea0b7c6330ffd330844c8d6d29071,LIVE,UNVERIFIED_MARKETPLACE_POST,platform_login_or_membership,25,5,18,4,52,C,True,NEEDS_VERIFICATION,7ea8a2483859698a4eb5276d10b290ac7f54abc0d5453340035291e41399c507,truth-v1.1.0,1,tradekey
f8fa6d861f368ce9a2fd9ae17bbcc7ee,tradekey,B2B_MARKETPLACE_RFQ,TEA,TEA,RFQ_OR_BUY_OFFER,Bulk Sourcing Request for tea bag roll film,"Bulk Sourcing Request for tea bag roll film A new sourcing requirement has come up for tea bag roll film, and we are comparing manufacturers who can support regular supply. Please quote with export handling suitable for Ukraine. FOB pricing... Tags: Tea Bag Roll Film | Tea Bag Roll Film Supplier | Tea Bag Roll Film Export This buyer wants to receive quotations only from Premium Members . Ukraine Posted on: 10 Aug 2026 Contact Buyer now",False,,MISSING,,,True,,,,UNRESOLVED,,Ukraine,Ukraine,UA,,,,,2026-08-10,Posted on: 10 Aug 2026,2026-08-28T07:34:03+00:00,18,DATE,https://importer.tradekey.com/buyoffer/Bulk-Sourcing-Request-For-Tea-Bag-Roll-Film-3856835.html,https://www.tradekey.com/tea-buyer/,"Bulk Sourcing Request for tea bag roll film A new sourcing requirement has come up for tea bag roll film, and we are comparing manufacturers who can support regular supply. Please quote with export handling suitable for Ukraine. FOB pricing... Tags: Tea Bag Roll Film | Tea Bag Roll Film Supplier | Tea Bag Roll Film Export This buyer wants to receive quotations only from Premium Members . Ukraine Posted on: 10 Aug 2026 Contact Buyer now",ea0b1f3f60fff12f082d72611c741918fc9ea0b7c6330ffd330844c8d6d29071,LIVE,UNVERIFIED_MARKETPLACE_POST,platform_login_or_membership,25,5,18,4,52,C,True,NEEDS_VERIFICATION,dd0e2dbd547976826124bbcbc6d2ee7f7252a70b34bb78959d7855a0fb64b79f,truth-v1.1.0,1,tradekey
3f56e097044a2824a8fad0775b31ac10,go4worldbusiness,B2B_MARKETPLACE_RFQ,TEA,TEA,,Wanted : Capsule Coffee Machine,"VERIFIED Aug-25-26 Wanted : Capsule Coffee Machine Buyer From Viet Nam Quantity Required: 1 Forty-Foot Container Payment Terms: T/T Destination: Viet Nam Looking for suppliers from: Worldwide Inquire Now Add to Favorites Product Description Buyer is interested to receive quotations for the following RFQ - Product Name: Capsule Coffee Machine Specifications : Coffee Machine Different Brands, Different Capacities HS Code: 851671 Quantity Required : 1 Forty-Foot Container Shipping Terms : CIF Destination Port : Viet Nam Payment Terms : T/T Looking for suppliers from : Worldwide Contact : Huy Nguyen Buyer Of Coffee & Tea Makers",True,1 Forty-Foot Container,VALID,Quantity Required: 1 Forty-Foot Container,,True,,,Huy Nguyen,PERSON_ONLY,Contact : Huy Nguyen,Viet Nam,Buyer From Viet Nam,VN,,,,,2026-08-25,VERIFIED Aug-25-26,2026-08-28T07:35:04+00:00,3,DATE,https://www.go4worldbusiness.com/buylead/view/1319058/wanted-:-capsule-coffee-machine.html,https://www.go4worldbusiness.com/buyers/tea.html,"VERIFIED Aug-25-26 Wanted : Capsule Coffee Machine Buyer From Viet Nam Quantity Required: 1 Forty-Foot Container Payment Terms: T/T Destination: Viet Nam Looking for suppliers from: Worldwide Inquire Now Add to Favorites Product Description Buyer is interested to receive quotations for the following RFQ - Product Name: Capsule Coffee Machine Specifications : Coffee Machine Different Brands, Different Capacities HS Code: 851671 Quantity Required : 1 Forty-Foot Container Shipping Terms : CIF Destination Port : Viet Nam Payment Terms : T/T Looking for suppliers from : Worldwide Contact : Huy Nguyen Buyer Of Coffee & Tea Makers",8cf8c1e57a21564b99ebfaaa9d599cb004ad5a6f7933aefd90ebb87b8ab580e5,LIVE,UNVERIFIED_MARKETPLACE_POST,platform_login_or_membership,15,5,25,4,49,C,True,REJECT_NOT_DIRECT_REQUIREMENT,44d4725d090c18dfbe10d01582fe7f0567c82e2c5a4e94c56357b17736b1e6cf,truth-v1.1.0,1,go4worldbusiness
8f571a9fd3c616ff5d951cc2240fa144,go4worldbusiness,B2B_MARKETPLACE_RFQ,TEA,TEA,,Wanted : Coffee Machine,VERIFIED Aug-24-26 Wanted : Coffee Machine Buyer From Hong Kong Quantity Required: 1 Twenty-Foot Container Payment Terms: T/T Destination: Hong Kong Looking for suppliers from: Worldwide Inquire Now Add to Favorites Product Description Buyer is interested to receive quotations for the following RFQ - Product Name: Coffee Machine Specifications : All Type Of Machine HS Code: 851671 Quantity Required : 1 Twenty-Foot Container Shipping Terms : FOB Destination Port : Hong Kong Payment Terms : T/T Looking for suppliers from : Worldwide Contact : Hero Buyer Of Coffee & Tea Makers,True,1 Twenty-Foot Container,VALID,Quantity Required: 1 Twenty-Foot Container,,True,,,Hero,PERSON_ONLY,Contact : Hero,Hong Kong,Buyer From Hong Kong,HK,,,,,2026-08-24,VERIFIED Aug-24-26,2026-08-28T07:35:04+00:00,4,DATE,https://www.go4worldbusiness.com/buylead/view/1318766/wanted-:-coffee-machine.html,https://www.go4worldbusiness.com/buyers/tea.html,VERIFIED Aug-24-26 Wanted : Coffee Machine Buyer From Hong Kong Quantity Required: 1 Twenty-Foot Container Payment Terms: T/T Destination: Hong Kong Looking for suppliers from: Worldwide Inquire Now Add to Favorites Product Description Buyer is interested to receive quotations for the following RFQ - Product Name: Coffee Machine Specifications : All Type Of Machine HS Code: 851671 Quantity Required : 1 Twenty-Foot Container Shipping Terms : FOB Destination Port : Hong Kong Payment Terms : T/T Looking for suppliers from : Worldwide Contact : Hero Buyer Of Coffee & Tea Makers,8cf8c1e57a21564b99ebfaaa9d599cb004ad5a6f7933aefd90ebb87b8ab580e5,LIVE,UNVERIFIED_MARKETPLACE_POST,platform_login_or_membership,15,5,25,4,49,C,True,REJECT_NOT_DIRECT_REQUIREMENT,5aa57bbf2303809b3655a9d3d39cb1e1a39653eb55e336f31b32c53457ecd945,truth-v1.1.0,1,go4worldbusiness
dbc76dbc30ec7803a2cf2b2b02eadefc,go4worldbusiness,B2B_MARKETPLACE_RFQ,TEA,TEA,,"Wanted : Tea Like Masala Tea, Matcha Tea","VERIFIED Aug-27-26 Wanted : Tea Like Masala Tea, Matcha Tea Buyer From United Kingdom Quantity Required: 5 Kilograms Payment Terms: Bank Transfer Destination: United Kingdom Looking for suppliers from: Worldwide Inquire Now Add to Favorites Product Description Please quote for the following wholesale product requirement - Product Name: Tea Specifications : Type: Masala Tea, Matcha Tea Beverage Quantity: 5 Kg Sample Initially LCL Note: Contact Email Only HS Code: 090230, 090220 Quantity Required : 5 Kilogram/Kilograms(sample) Shipping Terms : CIF Destination Port : United Kingdom Payment Terms : Bank Transfer Looking for suppliers from : Worldwide Contact : Arun Bowry Buyer Of Tea | Masala Tea | Matcha Tea",True,5 Kilograms,VALID,Quantity Required: 5 Kilograms,,True,,,Arun Bowry,PERSON_ONLY,Contact : Arun Bowry,United Kingdom,Buyer From United Kingdom,GB,,,,,2026-08-27,VERIFIED Aug-27-26,2026-08-28T07:35:04+00:00,1,DATE,https://www.go4worldbusiness.com/buylead/view/1319785/wanted-:-tea-like-masala-tea-matcha-tea.html,https://www.go4worldbusiness.com/buyers/tea.html,"VERIFIED Aug-27-26 Wanted : Tea Like Masala Tea, Matcha Tea Buyer From United Kingdom Quantity Required: 5 Kilograms Payment Terms: Bank Transfer Destination: United Kingdom Looking for suppliers from: Worldwide Inquire Now Add to Favorites Product Description Please quote for the following wholesale product requirement - Product Name: Tea Specifications : Type: Masala Tea, Matcha Tea Beverage Quantity: 5 Kg Sample Initially LCL Note: Contact Email Only HS Code: 090230, 090220 Quantity Required : 5 Kilogram/Kilograms(sample) Shipping Terms : CIF Destination Port : United Kingdom Payment Terms : Bank Transfer Looking for suppliers from : Worldwide Contact : Arun Bowry Buyer Of Tea | Masala Tea | Matcha Tea",8cf8c1e57a21564b99ebfaaa9d599cb004ad5a6f7933aefd90ebb87b8ab580e5,LIVE,UNVERIFIED_MARKETPLACE_POST,platform_login_or_membership,15,5,25,4,49,C,True,REJECT_NOT_DIRECT_REQUIREMENT,40226de2af51194e3e8168eef21b1aec649e9b0b75c852f1621ad1a01ab18130,truth-v1.1.0,1,go4worldbusiness
0bace10b93807557aaf58886504995c0,go4worldbusiness,B2B_MARKETPLACE_RFQ,CHILI,CHILI,RFQ_OR_BUY_OFFER,"Wanted : Spices Like Turmeric, Chili And Cumin","VERIFIED Jun-02-26 Wanted : Spices Like Turmeric, Chili And Cumin Buyer From Latvia Quantity Required: 1 Twenty-Foot Container Payment Terms: L/C Or T/T Destination: Latvia Looking for suppliers from: India Inquire Now Add to Favorites Product Description The buyer would like to receive quotations for - Product Name: Spices Specifications : Type: Turmeric, Chili, Cumin, Coriander Material: Dried Spices Uses: Cooking Suppliers & Manufacturers: India Only Quantity Required : 1 Twenty-Foot Container Shipping Terms : FOB Or CIF Destination Port : Latvia Payment Terms : L/C Or T/T Looking for suppliers from : India Contact : Ashish Buyer Of Spices | Cumin Seeds | Coriander Seeds | Red Chilli | Turmeric",False,1 Twenty-Foot Container,VALID,Quantity Required: 1 Twenty-Foot Container,,True,,,Ashish,PERSON_ONLY,Contact : Ashish,Latvia,Buyer From Latvia,LV,,,,,2026-06-02,VERIFIED Jun-02-26,2026-08-28T07:35:01+00:00,87,DATE,https://www.go4worldbusiness.com/buylead/view/1302224/wanted-:-spices-like-turmeric-chili-and-cumin.html,https://www.go4worldbusiness.com/buyers/chili.html,"VERIFIED Jun-02-26 Wanted : Spices Like Turmeric, Chili And Cumin Buyer From Latvia Quantity Required: 1 Twenty-Foot Container Payment Terms: L/C Or T/T Destination: Latvia Looking for suppliers from: India Inquire Now Add to Favorites Product Description The buyer would like to receive quotations for - Product Name: Spices Specifications : Type: Turmeric, Chili, Cumin, Coriander Material: Dried Spices Uses: Cooking Suppliers & Manufacturers: India Only Quantity Required : 1 Twenty-Foot Container Shipping Terms : FOB Or CIF Destination Port : Latvia Payment Terms : L/C Or T/T Looking for suppliers from : India Contact : Ashish Buyer Of Spices | Cumin Seeds | Coriander Seeds | Red Chilli | Turmeric",7f5c2b04c97cb4427b2ad13425d56fee5f2f0172e1034c7b6114babaf342f8ad,LIVE,UNVERIFIED_MARKETPLACE_POST,platform_login_or_membership,30,5,8,4,47,C,True,NEEDS_VERIFICATION,92427946674c23a707d914a80465a67fa21613f13c68154e264c3fc6c93f0bd1,truth-v1.1.0,1,go4worldbusiness
3d7307ec3ba56bca21dbce2fe22c8cff,go4worldbusiness,B2B_MARKETPLACE_RFQ,CHILI,CHILI,RFQ_OR_BUY_OFFER,"Wanted : Spices Like Turmeric, Chili","VERIFIED Jun-24-26 Wanted : Spices Like Turmeric, Chili Buyer From New Zealand Quantity Required: 1 Twenty-Foot Container Payment Terms: L/C Or T/T Destination: New Zealand Looking for suppliers from: Worldwide Inquire Now Add to Favorites Product Description The buyer would like to receive quotations for - Product Name: Spices Specifications : Type: Whole, Ground (like Turmeric, Chili) Material: Dried Spices Uses: Cooking Note: Contact By Email Quantity Required : 1 Twenty-Foot Container Shipping Terms : FOB Or CIF Destination Port : New Zealand Payment Terms : L/C Or T/T Looking for suppliers from : Worldwide Contact : Virendra Jani Buyer Of Spices | Turmeric | Red Chilli (Whole) | Dry Red Chilli | Whole Turmeric Fingers",False,1 Twenty-Foot Container,VALID,Quantity Required: 1 Twenty-Foot Container,,True,,,Virendra Jani,PERSON_ONLY,Contact : Virendra Jani,New Zealand,Buyer From New Zealand,NZ,,,,,2026-06-24,VERIFIED Jun-24-26,2026-08-28T07:35:01+00:00,65,DATE,https://www.go4worldbusiness.com/buylead/view/1306679/wanted-:-spices-like-turmeric-chili.html,https://www.go4worldbusiness.com/buyers/chili.html,"VERIFIED Jun-24-26 Wanted : Spices Like Turmeric, Chili Buyer From New Zealand Quantity Required: 1 Twenty-Foot Container Payment Terms: L/C Or T/T Destination: New Zealand Looking for suppliers from: Worldwide Inquire Now Add to Favorites Product Description The buyer would like to receive quotations for - Product Name: Spices Specifications : Type: Whole, Ground (like Turmeric, Chili) Material: Dried Spices Uses: Cooking Note: Contact By Email Quantity Required : 1 Twenty-Foot Container Shipping Terms : FOB Or CIF Destination Port : New Zealand Payment Terms : L/C Or T/T Looking for suppliers from : Worldwide Contact : Virendra Jani Buyer Of Spices | Turmeric | Red Chilli (Whole) | Dry Red Chilli | Whole Turmeric Fingers",7f5c2b04c97cb4427b2ad13425d56fee5f2f0172e1034c7b6114babaf342f8ad,LIVE,UNVERIFIED_MARKETPLACE_POST,platform_login_or_membership,30,5,8,4,47,C,True,NEEDS_VERIFICATION,153f47d716db7d0456f5206e67277e459a4781699c7708543341b8b95aa3a0fd,truth-v1.1.0,1,go4worldbusiness
4892fac7ba5ff9d479b1eb82726062c0,go4worldbusiness,B2B_MARKETPLACE_RFQ,TEA,TEA,RFQ_OR_BUY_OFFER,Wanted : Green Tea,"VERIFIED Jun-23-26 Wanted : Green Tea Buyer From Philippines Quantity Required: 10,000 Boxes Payment Terms: LC Destination: Philippines Looking for suppliers from: Worldwide Inquire Now Add to Favorites Product Description Buyer is interested to receive quotations for the following RFQ - Product Name: Green Tea Specifications: Hot Tea (Loose Leaf + Tea Bags) Category: Green Tea Quantity: 10000 Box/Boxes Initially Details: Looking for custom manufacturer who can formulate us our preferred tea. Quantity Required : 10000 Box/Boxes Shipping Terms : CIF Destination Port : Philippines Payment Terms : LC Looking for suppliers from : Worldwide Contact : Jeru Bayron Buyer Of Green Tea",False,"10,000 Boxes",VALID,"Quantity Required: 10,000 Boxes",,True,,,Jeru Bayron,PERSON_ONLY,Contact : Jeru Bayron,Philippines,Buyer From Philippines,PH,,,,,2026-06-23,VERIFIED Jun-23-26,2026-08-28T07:35:04+00:00,66,DATE,https://www.go4worldbusiness.com/buylead/view/1306413/wanted-:-green-tea.html,https://www.go4worldbusiness.com/buyers/tea.html,"VERIFIED Jun-23-26 Wanted : Green Tea Buyer From Philippines Quantity Required: 10,000 Boxes Payment Terms: LC Destination: Philippines Looking for suppliers from: Worldwide Inquire Now Add to Favorites Product Description Buyer is interested to receive quotations for the following RFQ - Product Name: Green Tea Specifications: Hot Tea (Loose Leaf + Tea Bags) Category: Green Tea Quantity: 10000 Box/Boxes Initially Details: Looking for custom manufacturer who can formulate us our preferred tea. Quantity Required : 10000 Box/Boxes Shipping Terms : CIF Destination Port : Philippines Payment Terms : LC Looking for suppliers from : Worldwide Contact : Jeru Bayron Buyer Of Green Tea",8cf8c1e57a21564b99ebfaaa9d599cb004ad5a6f7933aefd90ebb87b8ab580e5,LIVE,UNVERIFIED_MARKETPLACE_POST,platform_login_or_membership,30,5,8,4,47,C,True,NEEDS_VERIFICATION,80cb635abf78e89c18ab3b94d30f46028f970c75cf005be4e3cfcccbbb3d1f51,truth-v1.1.0,1,go4worldbusiness
2a6d2ab05e49d3625a2d3bdabbfec98b,tradekey,B2B_MARKETPLACE_RFQ,TEA,TEA,RFQ_OR_BUY_OFFER,Monthly Supply Requirement for Tea,"Monthly Supply Requirement for Tea Please send a commercial offer for Tea with clear specification, export packing details, shelf life, and pictures of current stock. We prefer suppliers who can arrange palletized packing, inspectio... Tags: Spices | Tea Exporter | Wholesale Tea | Tea Import | Tea Price | Tea Packaging | Food Grade Tea | Tea Distributor | Tea Shipment This buyer wants to receive quotations only from Premium Members . Saudi Arabia Posted on: 22 Jul 2026 Contact Buyer now",True,Monthly,VALID,,,False,,,,UNRESOLVED,,Saudi Arabia,Saudi Arabia,SA,,,,,2026-07-22,Posted on: 22 Jul 2026,2026-08-28T07:34:03+00:00,37,DATE,https://importer.tradekey.com/buyoffer/Monthly-Supply-Requirement-For-Tea-3831847.html,https://www.tradekey.com/tea-buyer/,"Monthly Supply Requirement for Tea Please send a commercial offer for Tea with clear specification, export packing details, shelf life, and pictures of current stock. We prefer suppliers who can arrange palletized packing, inspectio... Tags: Spices | Tea Exporter | Wholesale Tea | Tea Import | Tea Price | Tea Packaging | Food Grade Tea | Tea Distributor | Tea Shipment This buyer wants to receive quotations only from Premium Members . Saudi Arabia Posted on: 22 Jul 2026 Contact Buyer now",ea0b1f3f60fff12f082d72611c741918fc9ea0b7c6330ffd330844c8d6d29071,LIVE,UNVERIFIED_MARKETPLACE_POST,platform_login_or_membership,30,5,8,4,47,C,True,NEEDS_VERIFICATION,7038f59c16e4287c876c45a57bb93ece887d55d6f5ee7463239ec667dd3737b6,truth-v1.1.0,1,tradekey
493ce49b21686e115582b12bfa4c7587,tradekey,B2B_MARKETPLACE_RFQ,TEA,TEA,RFQ_OR_BUY_OFFER,Bulk Sourcing Request for Tea Leaf Wraps,"Bulk Sourcing Request for Tea Leaf Wraps We are evaluating new sources for Tea Leaf Wraps as part of our supplier expansion plan. Our current demand is connected with buyers in USA. Price is important, but consistency and timely dispatch... Tags: Tea Leaf Wraps | Tea Leaf Wraps Supplier | Tea Leaf Wraps Export This buyer wants to receive quotations only from Premium Members . USA Posted on: 11 Aug 2026 Contact Buyer now",False,,MISSING,,,False,,,,UNRESOLVED,,USA,USA,US,,,,,2026-08-11,Posted on: 11 Aug 2026,2026-08-28T07:34:03+00:00,17,DATE,https://importer.tradekey.com/buyoffer/Bulk-Sourcing-Request-For-Tea-Leaf-Wraps-3856843.html,https://www.tradekey.com/tea-buyer/,"Bulk Sourcing Request for Tea Leaf Wraps We are evaluating new sources for Tea Leaf Wraps as part of our supplier expansion plan. Our current demand is connected with buyers in USA. Price is important, but consistency and timely dispatch... Tags: Tea Leaf Wraps | Tea Leaf Wraps Supplier | Tea Leaf Wraps Export This buyer wants to receive quotations only from Premium Members . USA Posted on: 11 Aug 2026 Contact Buyer now",ea0b1f3f60fff12f082d72611c741918fc9ea0b7c6330ffd330844c8d6d29071,LIVE,UNVERIFIED_MARKETPLACE_POST,platform_login_or_membership,20,5,18,4,47,C,True,NEEDS_VERIFICATION,bc142322ec5b594e670c9452e5c33955a6e9cfed27747f0e1cd15f85d5e17d50,truth-v1.1.0,1,tradekey
68efd14573ce6f0dcbf8914ec89b28e0,tradekey,B2B_MARKETPLACE_RFQ,TEA,TEA,RFQ_OR_BUY_OFFER,100 % Premium Qualty Green Tea,100 % Premium Qualty Green Tea We are in need of **0 % premium qualty green tea from good seller. Product Informatiom **0 % Premium Qualty Green Tea with smooth and great taste. Feel free to contact us for more d... Tags: Tea Benin Posted on: 05 Aug 2026 Contact Buyer now,False,,MISSING,,,False,,,,UNRESOLVED,,Benin,Benin,BJ,,,,,2026-08-05,Posted on: 05 Aug 2026,2026-08-28T07:34:03+00:00,23,DATE,https://importer.tradekey.com/buyoffer/100-Premium-Qualty-Green-Tea-3862877.html,https://www.tradekey.com/tea-buyer/,100 % Premium Qualty Green Tea We are in need of **0 % premium qualty green tea from good seller. Product Informatiom **0 % Premium Qualty Green Tea with smooth and great taste. Feel free to contact us for more d... Tags: Tea Benin Posted on: 05 Aug 2026 Contact Buyer now,ea0b1f3f60fff12f082d72611c741918fc9ea0b7c6330ffd330844c8d6d29071,LIVE,UNVERIFIED_MARKETPLACE_POST,platform_login_or_membership,20,5,18,4,47,C,True,NEEDS_VERIFICATION,a0a591c42e1755bb6a6f7adf4fdf3c0d327b4d1c5a5def0a451ab7b49f2d70b7,truth-v1.1.0,1,tradekey
6955185113dc7a5e1957b1cef0b0c980,tradekey,B2B_MARKETPLACE_RFQ,TEA,TEA,RFQ_OR_BUY_OFFER,Regular Supply Inquiry for Tea and tea related items,Regular Supply Inquiry for Tea and tea related items We are currently reviewing suppliers for Tea and tea related items and would like to receive serious quotations. Please quote with export handling suitable for Netherlands. Quotations should inclu... Tags: Tea And Tea Related Items | Tea And Tea Related Items Supplier | Tea And Tea Related Items Export This buyer wants to receive quotations only from Premium Members . Netherlands Posted on: 17 Aug 2026 Contact Buyer now,False,,MISSING,,,False,,,,UNRESOLVED,,Netherlands,Netherlands,NL,,,,,2026-08-17,Posted on: 17 Aug 2026,2026-08-28T07:34:03+00:00,11,DATE,https://importer.tradekey.com/buyoffer/Regular-Supply-Inquiry-For-Tea-And-Tea-Related-Items-3856829.html,https://www.tradekey.com/tea-buyer/,Regular Supply Inquiry for Tea and tea related items We are currently reviewing suppliers for Tea and tea related items and would like to receive serious quotations. Please quote with export handling suitable for Netherlands. Quotations should inclu... Tags: Tea And Tea Related Items | Tea And Tea Related Items Supplier | Tea And Tea Related Items Export This buyer wants to receive quotations only from Premium Members . Netherlands Posted on: 17 Aug 2026 Contact Buyer now,ea0b1f3f60fff12f082d72611c741918fc9ea0b7c6330ffd330844c8d6d29071,LIVE,UNVERIFIED_MARKETPLACE_POST,platform_login_or_membership,20,5,18,4,47,C,True,NEEDS_VERIFICATION,d25459adbf92e2d93587358cff2dc58eba5493bfc0a4e7753a29555619b121a0,truth-v1.1.0,1,tradekey
752caadfd1fe483089e0d775f36bd9d8,tradekey,B2B_MARKETPLACE_RFQ,TEA,TEA,RFQ_OR_BUY_OFFER,Heathscooneydoo,Heathscooneydoo I need dzl scoobbveyy sbax and spice and mix and tea and *0 *5 and spice mix weed dragons Stevie. Money issues and hot dogs for belts ville no dabonnah allowed no hot now eat ass n scrumptious Tags: What USA Posted on: 06 Aug 2026 Contact Buyer now,False,,MISSING,,,False,,,,UNRESOLVED,,USA,USA,US,,,,,2026-08-06,Posted on: 06 Aug 2026,2026-08-28T07:34:03+00:00,22,DATE,https://importer.tradekey.com/buyoffer/Heathscooneydoo-3868375.html,https://www.tradekey.com/tea-buyer/,Heathscooneydoo I need dzl scoobbveyy sbax and spice and mix and tea and *0 *5 and spice mix weed dragons Stevie. Money issues and hot dogs for belts ville no dabonnah allowed no hot now eat ass n scrumptious Tags: What USA Posted on: 06 Aug 2026 Contact Buyer now,ea0b1f3f60fff12f082d72611c741918fc9ea0b7c6330ffd330844c8d6d29071,LIVE,UNVERIFIED_MARKETPLACE_POST,platform_login_or_membership,20,5,18,4,47,C,True,NEEDS_VERIFICATION,1c36b36a83a380fa555176249e30d4fdd14d7074b61368b93f9a99d5e723ab18,truth-v1.1.0,1,tradekey
7c9a1b40bcf490b51d942efcfbe39d1f,tradekey,B2B_MARKETPLACE_RFQ,TEA,TEA,RFQ_OR_BUY_OFFER,Long-Term Supply Inquiry for BAGS,Long-Term Supply Inquiry for BAGS Kindly share your best offer for BAGS. We prefer suppliers who can support regular shipments and provide clear documentation with the offer. individually wrapped or bulk-packed tea bags can be cons... Tags: Bags | Other Bags | Bags Supplier This buyer wants to receive quotations only from Premium Members . Kenya Posted on: 14 Aug 2026 Contact Buyer now,False,,MISSING,,,False,,,,UNRESOLVED,,Kenya,Kenya,KE,,,,,2026-08-14,Posted on: 14 Aug 2026,2026-08-28T07:34:03+00:00,14,DATE,https://importer.tradekey.com/buyoffer/Long-Term-Supply-Inquiry-For-BAGS-3858703.html,https://www.tradekey.com/tea-buyer/,Long-Term Supply Inquiry for BAGS Kindly share your best offer for BAGS. We prefer suppliers who can support regular shipments and provide clear documentation with the offer. individually wrapped or bulk-packed tea bags can be cons... Tags: Bags | Other Bags | Bags Supplier This buyer wants to receive quotations only from Premium Members . Kenya Posted on: 14 Aug 2026 Contact Buyer now,ea0b1f3f60fff12f082d72611c741918fc9ea0b7c6330ffd330844c8d6d29071,LIVE,UNVERIFIED_MARKETPLACE_POST,platform_login_or_membership,20,5,18,4,47,C,True,NEEDS_VERIFICATION,b714c3216a6c2e46acc177c8dcd775fc97c6b62a64af71ffc14909732c5f2653,truth-v1.1.0,1,tradekey
8d0ec354af9d677943df86da4e56a29f,tradekey,B2B_MARKETPLACE_RFQ,TEA,TEA,RFQ_OR_BUY_OFFER,Purchase Requirement for Herbal Tea,"Purchase Requirement for Herbal Tea Current demand exists for Herbal Tea , mainly for resale through our local network. Pricing is important, but we will not compromise on basic product standards. Preferred details include *5 g / *0... Tags: Organic Tea | Natural Herbal Infusion | Loose Leaf Tea | Wellness Tea | Herbal Tea | Export Offer | Import Requirement | Wholesale Supply This buyer wants to receive quotations only from Premium Members . Pakistan Posted on: 24 Jun 2026 Contact Buyer now",True,5 g,VALID,,,False,,,,UNRESOLVED,,Pakistan,Pakistan,PK,,,,,2026-06-24,Posted on: 24 Jun 2026,2026-08-28T07:34:03+00:00,65,DATE,https://importer.tradekey.com/buyoffer/Purchase-Requirement-For-Herbal-Tea-3850199.html,https://www.tradekey.com/tea-buyer/,"Purchase Requirement for Herbal Tea Current demand exists for Herbal Tea , mainly for resale through our local network. Pricing is important, but we will not compromise on basic product standards. Preferred details include *5 g / *0... Tags: Organic Tea | Natural Herbal Infusion | Loose Leaf Tea | Wellness Tea | Herbal Tea | Export Offer | Import Requirement | Wholesale Supply This buyer wants to receive quotations only from Premium Members . Pakistan Posted on: 24 Jun 2026 Contact Buyer now",ea0b1f3f60fff12f082d72611c741918fc9ea0b7c6330ffd330844c8d6d29071,LIVE,UNVERIFIED_MARKETPLACE_POST,platform_login_or_membership,30,5,8,4,47,C,True,NEEDS_VERIFICATION,66bdbeef0ac810dde3d6306f9f00c65d4f8a599b7e28b84b1de0756af1ffb971,truth-v1.1.0,1,tradekey
a084109bcc549d5476c9895aaf0aa21f,tradekey,B2B_MARKETPLACE_RFQ,TEA,TEA,RFQ_OR_BUY_OFFER,Seeking Supplier for Ready-To-Drink Tea Beverages for Afghanistan,Seeking Supplier for Ready-To-Drink Tea Beverages for Afghanistan The following ready-to-drink tea beverages requirement is being circulated to a limited group of manufacturers for technical and commercial comparison. Required technical information: Please state... Tags: Ready To Drink Tea Beverages | Ready To Drink Tea Beverages Supplier | Ready To Drink Tea Beverages Manufacturer This buyer wants to receive quotations only from Premium Members . Afghanistan Posted on: 20 Aug 2026 Contact Buyer now,False,,MISSING,,,False,,,,UNRESOLVED,,Afghanistan,Afghanistan,AF,,,,,2026-08-20,Posted on: 20 Aug 2026,2026-08-28T07:34:03+00:00,8,DATE,https://importer.tradekey.com/buyoffer/Seeking-Supplier-For-Ready-To-Drink-Tea-Beverages-For-Afghanistan-3870907.html,https://www.tradekey.com/tea-buyer/,Seeking Supplier for Ready-To-Drink Tea Beverages for Afghanistan The following ready-to-drink tea beverages requirement is being circulated to a limited group of manufacturers for technical and commercial comparison. Required technical information: Please state... Tags: Ready To Drink Tea Beverages | Ready To Drink Tea Beverages Supplier | Ready To Drink Tea Beverages Manufacturer This buyer wants to receive quotations only from Premium Members . Afghanistan Posted on: 20 Aug 2026 Contact Buyer now,ea0b1f3f60fff12f082d72611c741918fc9ea0b7c6330ffd330844c8d6d29071,LIVE,UNVERIFIED_MARKETPLACE_POST,platform_login_or_membership,20,5,18,4,47,C,True,NEEDS_VERIFICATION,050fde21c895c13c6b99a842baacce0f580b658ea0d80278bf303a93c43722ba,truth-v1.1.0,1,tradekey
a6004ef198bdb7760ea3ec001fcdcf64,tradekey,B2B_MARKETPLACE_RFQ,TEA,TEA,RFQ_OR_BUY_OFFER,Buyer Seeking Qualified Exporters of Arizona Iced Tea,"Buyer Seeking Qualified Exporters of Arizona Iced Tea This requirement supports an upcoming customer program, so consistent quality, clear documentation, and reliable delivery performance are important. The current requirement is specifically for ariz... Tags: Arizona Iced Tea | Arizona Iced Tea Supplier | Arizona Iced Tea Manufacturer | Bulk Arizona Iced Tea | Arizona Iced Tea Exporter | Arizona Iced Tea Wholesale | Arizona Iced Tea Quotation | Arizona Iced Tea Importer | Commercial Arizona Iced Tea Supply This buyer wants to receive quotations only from Premium Members . UAE Posted on: 10 Aug 2026 Contact Buyer now",False,,MISSING,,,False,,,,UNRESOLVED,,UAE,UAE,AE,,,,,2026-08-10,Posted on: 10 Aug 2026,2026-08-28T07:34:03+00:00,18,DATE,https://importer.tradekey.com/buyoffer/Buyer-Seeking-Qualified-Exporters-Of-Arizona-Iced-Tea-3869041.html,https://www.tradekey.com/tea-buyer/,"Buyer Seeking Qualified Exporters of Arizona Iced Tea This requirement supports an upcoming customer program, so consistent quality, clear documentation, and reliable delivery performance are important. The current requirement is specifically for ariz... Tags: Arizona Iced Tea | Arizona Iced Tea Supplier | Arizona Iced Tea Manufacturer | Bulk Arizona Iced Tea | Arizona Iced Tea Exporter | Arizona Iced Tea Wholesale | Arizona Iced Tea Quotation | Arizona Iced Tea Importer | Commercial Arizona Iced Tea Supply This buyer wants to receive quotations only from Premium Members . UAE Posted on: 10 Aug 2026 Contact Buyer now",ea0b1f3f60fff12f082d72611c741918fc9ea0b7c6330ffd330844c8d6d29071,LIVE,UNVERIFIED_MARKETPLACE_POST,platform_login_or_membership,20,5,18,4,47,C,True,NEEDS_VERIFICATION,b4e8a0c9e241febe8edf5080d9a242e8fdd3f1a4a37fbc1b6c21706598d56e36,truth-v1.1.0,1,tradekey
b40b1abda65343b2043e1a701c4909bd,tradekey,B2B_MARKETPLACE_RFQ,TEA,TEA,RFQ_OR_BUY_OFFER,Bulk Sourcing Request for Tea,Bulk Sourcing Request for Tea Our company is checking export options for Tea for an upcoming purchase cycle. Please quote with export handling suitable for Russia. Both manufacturers and experienced exporters may contact us wi... Tags: Tea Supplier | Tea Export This buyer wants to receive quotations only from Premium Members . Russia Posted on: 15 Aug 2026 Contact Buyer now,False,,MISSING,,,False,,,,UNRESOLVED,,Russia,Russia,RU,,,,,2026-08-15,Posted on: 15 Aug 2026,2026-08-28T07:34:03+00:00,13,DATE,https://importer.tradekey.com/buyoffer/Bulk-Sourcing-Request-For-Tea-3856849.html,https://www.tradekey.com/tea-buyer/,Bulk Sourcing Request for Tea Our company is checking export options for Tea for an upcoming purchase cycle. Please quote with export handling suitable for Russia. Both manufacturers and experienced exporters may contact us wi... Tags: Tea Supplier | Tea Export This buyer wants to receive quotations only from Premium Members . Russia Posted on: 15 Aug 2026 Contact Buyer now,ea0b1f3f60fff12f082d72611c741918fc9ea0b7c6330ffd330844c8d6d29071,LIVE,UNVERIFIED_MARKETPLACE_POST,platform_login_or_membership,20,5,18,4,47,C,True,NEEDS_VERIFICATION,69fbca7ca2b5acaecc776cb7aa026cbc7312f6b7fa00ab0079a22f131775a779,truth-v1.1.0,1,tradekey
0363e837fc9a023423f8ffab32d08891,go4worldbusiness,B2B_MARKETPLACE_RFQ,TEA,TEA,,Wanted : Tea Like Sencha And Matcha Tea,"VERIFIED Aug-04-26 Wanted : Tea Like Sencha And Matcha Tea Buyer From Japan Quantity Required: 1 - 5 Kilograms Payment Terms: L/C Destination: Japan Looking for suppliers from: Worldwide Inquire Now Add to Favorites Product Description Please provide a quotation to the following requirement from importer - Product Name: Tea Specifications : Type: Sencha And Matcha Tea Ceremonial Or Premium Okimidori Matcha Quantity - 1 - 5 Kg As Sample Later 500 Kg HS Code: 090230, 090220 Quantity Required : 1 - 5 Kilogram/Kilograms(sample) Shipping Terms : CIF Destination Port : Japan Payment Terms : L/C Looking for suppliers from : Worldwide Contact : Praise Buyer Of Tea | Matcha Tea",True,1 - 5 Kilograms,VALID,Quantity Required: 1 - 5 Kilograms,,True,,,Praise,PERSON_ONLY,Contact : Praise,Japan,Buyer From Japan,JP,,,,,2026-08-04,VERIFIED Aug-04-26,2026-08-28T07:35:04+00:00,24,DATE,https://www.go4worldbusiness.com/buylead/view/1314744/wanted-:-tea-like-sencha-and-matcha-tea.html,https://www.go4worldbusiness.com/buyers/tea.html,"VERIFIED Aug-04-26 Wanted : Tea Like Sencha And Matcha Tea Buyer From Japan Quantity Required: 1 - 5 Kilograms Payment Terms: L/C Destination: Japan Looking for suppliers from: Worldwide Inquire Now Add to Favorites Product Description Please provide a quotation to the following requirement from importer - Product Name: Tea Specifications : Type: Sencha And Matcha Tea Ceremonial Or Premium Okimidori Matcha Quantity - 1 - 5 Kg As Sample Later 500 Kg HS Code: 090230, 090220 Quantity Required : 1 - 5 Kilogram/Kilograms(sample) Shipping Terms : CIF Destination Port : Japan Payment Terms : L/C Looking for suppliers from : Worldwide Contact : Praise Buyer Of Tea | Matcha Tea",8cf8c1e57a21564b99ebfaaa9d599cb004ad5a6f7933aefd90ebb87b8ab580e5,LIVE,UNVERIFIED_MARKETPLACE_POST,platform_login_or_membership,15,5,18,4,42,C,True,REJECT_NOT_DIRECT_REQUIREMENT,eb449cec5aa50ddebb0fdb1d7066ae1fcd34cb679a1d5a2afaa7691a68f2f530,truth-v1.1.0,1,go4worldbusiness
95be0da53420eae1847d2b9847ef6a1b,go4worldbusiness,B2B_MARKETPLACE_RFQ,TEA,TEA,,Wanted : Tea Like Matcha Powder And Itoen Oi Ocha Powder,"VERIFIED Aug-17-26 Wanted : Tea Like Matcha Powder And Itoen Oi Ocha Powder Buyer From Philippines Quantity Required: 500 - 600 Kilograms Payment Terms: L/C Destination: Manila, Philippines Looking for suppliers from: Worldwide Inquire Now Add to Favorites Product Description Please quote for the following wholesale product requirement - Product Name: Tea Specifications : Type: Matcha Powder And Itoen Oi Ocha Powder Matcha And Itoen Oi Ocha (green Tea Powde)r For Beverages Cheep Cost And Good Qualtiy For Retail And Bulk Quantity: 500-600 Kg Initially Later LCL HS Code: 090220, 210690 Quantity Required : 500 - 600 Kilogram/Kilograms Daily Shipping Terms : CIF Destination Port : Manila, Philippines Payment Terms : L/C Looking for suppliers from : Worldwide Contact : Gemma M. Perez Buyer Of Tea | Matcha Tea | Tea Powder",True,500 - 600 Kilograms,VALID,Quantity Required: 500 - 600 Kilograms,,True,,,Gemma M. Perez,PERSON_ONLY,Contact : Gemma M. Perez,Philippines,Buyer From Philippines,PH,,,,500 - 600,2026-08-17,VERIFIED Aug-17-26,2026-08-28T07:35:04+00:00,11,DATE,https://www.go4worldbusiness.com/buylead/view/1317100/wanted-:-tea-like-matcha-powder-and-itoen-oi-ocha-powder.html,https://www.go4worldbusiness.com/buyers/tea.html,"VERIFIED Aug-17-26 Wanted : Tea Like Matcha Powder And Itoen Oi Ocha Powder Buyer From Philippines Quantity Required: 500 - 600 Kilograms Payment Terms: L/C Destination: Manila, Philippines Looking for suppliers from: Worldwide Inquire Now Add to Favorites Product Description Please quote for the following wholesale product requirement - Product Name: Tea Specifications : Type: Matcha Powder And Itoen Oi Ocha Powder Matcha And Itoen Oi Ocha (green Tea Powde)r For Beverages Cheep Cost And Good Qualtiy For Retail And Bulk Quantity: 500-600 Kg Initially Later LCL HS Code: 090220, 210690 Quantity Required : 500 - 600 Kilogram/Kilograms Daily Shipping Terms : CIF Destination Port : Manila, Philippines Payment Terms : L/C Looking for suppliers from : Worldwide Contact : Gemma M. Perez Buyer Of Tea | Matcha Tea | Tea Powder",8cf8c1e57a21564b99ebfaaa9d599cb004ad5a6f7933aefd90ebb87b8ab580e5,LIVE,UNVERIFIED_MARKETPLACE_POST,platform_login_or_membership,15,5,18,4,42,C,True,REJECT_NOT_DIRECT_REQUIREMENT,0bfe8a10afad25e9a02db94cd010bb16e2e66e77246b64d1435adc368f51be71,truth-v1.1.0,1,go4worldbusiness
c167673cbefd785d1955999a495bc295,go4worldbusiness,B2B_MARKETPLACE_RFQ,CHILI,CHILI,,Wanted : Spices Like Dried Red Chilies,"VERIFIED Aug-17-26 Wanted : Spices Like Dried Red Chilies Buyer From Viet Nam Quantity Required: 1 Twenty-Foot Container Payment Terms: L/C Destination: Ho Chi Minh, Viet Nam Looking for suppliers from: Worldwide Inquire Now Add to Favorites Product Description The buyer would like to receive quotations for - Product Name: Spices Specifications : Type: Dried Red Chilies Types : (jinda, Sannam, Teja, Myanmar Varieties) Send Us The Best Quotes Any Origin HS Code: 090421 Quantity Required : 1 Twenty-Foot Container Shipping Terms : CIF Destination Port : Ho Chi Minh, Viet Nam Payment Terms : L/C Looking for suppliers from : Worldwide Contact : Mitca Buyer Of Spices | Dry Red Chilli",True,1 Twenty-Foot Container,VALID,Quantity Required: 1 Twenty-Foot Container,,True,,,Mitca,PERSON_ONLY,Contact : Mitca,Viet Nam,Buyer From Viet Nam,VN,,,,,2026-08-17,VERIFIED Aug-17-26,2026-08-28T07:35:01+00:00,11,DATE,https://www.go4worldbusiness.com/buylead/view/1317209/wanted-:-spices-like-dried-red-chilies.html,https://www.go4worldbusiness.com/buyers/chili.html,"VERIFIED Aug-17-26 Wanted : Spices Like Dried Red Chilies Buyer From Viet Nam Quantity Required: 1 Twenty-Foot Container Payment Terms: L/C Destination: Ho Chi Minh, Viet Nam Looking for suppliers from: Worldwide Inquire Now Add to Favorites Product Description The buyer would like to receive quotations for - Product Name: Spices Specifications : Type: Dried Red Chilies Types : (jinda, Sannam, Teja, Myanmar Varieties) Send Us The Best Quotes Any Origin HS Code: 090421 Quantity Required : 1 Twenty-Foot Container Shipping Terms : CIF Destination Port : Ho Chi Minh, Viet Nam Payment Terms : L/C Looking for suppliers from : Worldwide Contact : Mitca Buyer Of Spices | Dry Red Chilli",7f5c2b04c97cb4427b2ad13425d56fee5f2f0172e1034c7b6114babaf342f8ad,LIVE,UNVERIFIED_MARKETPLACE_POST,platform_login_or_membership,15,5,18,4,42,C,True,REJECT_NOT_DIRECT_REQUIREMENT,0b9302e19d6f907da7f8e098f7da2c5f700ee18534c5f2f6c1aa22656fe6259e,truth-v1.1.0,1,go4worldbusiness
43ede6cb6946ab6dd6b6d529029595bc,tradekey,B2B_MARKETPLACE_RFQ,TEA,TEA,RFQ_OR_BUY_OFFER,Bulk Buying Request for Bags,"Bulk Buying Request for Bags We are checking reliable exporters who can supply Bags. Please note the following before quoting: individually wrapped or bulk-packed tea bags can be considered please mention tea grade, flavor op... This buyer wants to receive quotations only from Premium Members . Vietnam Posted on: 14 Jul 2026 Contact Buyer now",True,,MISSING,,,False,,,,UNRESOLVED,,Vietnam,Vietnam,VN,,,,,2026-07-14,Posted on: 14 Jul 2026,2026-08-28T07:34:03+00:00,45,DATE,https://importer.tradekey.com/buyoffer/Bulk-Buying-Request-For-Bags-3858559.html,https://www.tradekey.com/tea-buyer/,"Bulk Buying Request for Bags We are checking reliable exporters who can supply Bags. Please note the following before quoting: individually wrapped or bulk-packed tea bags can be considered please mention tea grade, flavor op... This buyer wants to receive quotations only from Premium Members . Vietnam Posted on: 14 Jul 2026 Contact Buyer now",ea0b1f3f60fff12f082d72611c741918fc9ea0b7c6330ffd330844c8d6d29071,LIVE,UNVERIFIED_MARKETPLACE_POST,platform_login_or_membership,25,5,8,4,42,C,True,NEEDS_VERIFICATION,f039950f2724ad7f22771f24b1636ecc99abbffd889d79be03979c9ff3af1836,truth-v1.1.0,1,tradekey
b34b2b517a6944d667731ee8d0b0244c,tradekey,B2B_MARKETPLACE_RFQ,TEA,TEA,RFQ_OR_BUY_OFFER,Import Inquiry for tea and Coffee,"Import Inquiry for tea and Coffee We are evaluating new sources for tea and Coffee as part of our supplier expansion plan. The goods are intended for the Saudi Arabia market. Suppliers should share packing details, shipment terms,... Tags: Tea And Coffee | Tea And Coffee Supplier | Tea And Coffee Export This buyer wants to receive quotations only from Premium Members . Saudi Arabia Posted on: 14 Jul 2026 Contact Buyer now",True,,MISSING,,,False,,,,UNRESOLVED,,Saudi Arabia,Saudi Arabia,SA,,,,,2026-07-14,Posted on: 14 Jul 2026,2026-08-28T07:34:03+00:00,45,DATE,https://importer.tradekey.com/buyoffer/Import-Inquiry-For-Tea-And-Coffee-3856825.html,https://www.tradekey.com/tea-buyer/,"Import Inquiry for tea and Coffee We are evaluating new sources for tea and Coffee as part of our supplier expansion plan. The goods are intended for the Saudi Arabia market. Suppliers should share packing details, shipment terms,... Tags: Tea And Coffee | Tea And Coffee Supplier | Tea And Coffee Export This buyer wants to receive quotations only from Premium Members . Saudi Arabia Posted on: 14 Jul 2026 Contact Buyer now",ea0b1f3f60fff12f082d72611c741918fc9ea0b7c6330ffd330844c8d6d29071,LIVE,UNVERIFIED_MARKETPLACE_POST,platform_login_or_membership,25,5,8,4,42,C,True,NEEDS_VERIFICATION,a2cfcd651dc0cacca5b8d185277a055bcf1712a8190d435d52f58938adcc8874,truth-v1.1.0,1,tradekey
0b4b260c6ad06c268b7c3402568d0ec2,go4worldbusiness,B2B_MARKETPLACE_RFQ,CHILI,CHILI,RFQ_OR_BUY_OFFER,"Wanted : Spices Like Turmeric, Chili","VERIFIED Apr-09-26 Wanted : Spices Like Turmeric, Chili Buyer From Latvia Quantity Required: 1 Twenty-Foot Container Payment Terms: LC/TT Destination: Latvia Looking for suppliers from: India Inquire Now Add to Favorites Product Description Please quote for the following wholesale product requirement - Product name: Spices Specifications: Types: Turmeric, Chili (like cumin, coriander) Material: Dried spices Uses: Cooking Suppliers & Manufacturers: India only Quantity Required : 1 Twenty-Foot Container Shipping Terms : FOB/CIF Destination Port : Latvia Payment Terms : LC/TT Looking for suppliers from : India Contact : Mr. Ashish Buyer Of Spices | Turmeric | Red Chilli (Whole)",False,1 Twenty-Foot Container,VALID,Quantity Required: 1 Twenty-Foot Container,,True,,,Mr. Ashish,PERSON_ONLY,Contact : Mr. Ashish,Latvia,Buyer From Latvia,LV,,,,,2026-04-09,VERIFIED Apr-09-26,2026-08-28T07:35:01+00:00,141,DATE,https://www.go4worldbusiness.com/buylead/view/1291214/wanted-:-spices-like-turmeric-chili.html,https://www.go4worldbusiness.com/buyers/chili.html,"VERIFIED Apr-09-26 Wanted : Spices Like Turmeric, Chili Buyer From Latvia Quantity Required: 1 Twenty-Foot Container Payment Terms: LC/TT Destination: Latvia Looking for suppliers from: India Inquire Now Add to Favorites Product Description Please quote for the following wholesale product requirement - Product name: Spices Specifications: Types: Turmeric, Chili (like cumin, coriander) Material: Dried spices Uses: Cooking Suppliers & Manufacturers: India only Quantity Required : 1 Twenty-Foot Container Shipping Terms : FOB/CIF Destination Port : Latvia Payment Terms : LC/TT Looking for suppliers from : India Contact : Mr. Ashish Buyer Of Spices | Turmeric | Red Chilli (Whole)",7f5c2b04c97cb4427b2ad13425d56fee5f2f0172e1034c7b6114babaf342f8ad,LIVE,UNVERIFIED_MARKETPLACE_POST,platform_login_or_membership,30,5,0,4,39,D,True,BACKGROUND_OR_STALE,207a2e99fd0a3ee5e1d723f49b1428eb74b2ce23fa6b186e56d1f7fc956bf7ef,truth-v1.1.0,1,go4worldbusiness
4bc293b80452731827c55e1eca4eeeb2,go4worldbusiness,B2B_MARKETPLACE_RFQ,CHILI,CHILI,RFQ_OR_BUY_OFFER,"Wanted : Spices Like Turmeric, Chili","VERIFIED Apr-29-26 Wanted : Spices Like Turmeric, Chili Buyer From Hong Kong Quantity Required: 1 Twenty-Foot Container Payment Terms: L/C Or T/T Destination: Hong Kong Looking for suppliers from: Worldwide Inquire Now Add to Favorites Product Description Buyer is interested to receive quotations for the following RFQ - Product Name: Spices Specifications : Type: Whole, Ground (like Turmeric, Chili) Material: Dried Spices Uses: Cooking Quantity Required : 1 Twenty-Foot Container Shipping Terms : FOB Or CIF Destination Port : Hong Kong Payment Terms : L/C Or T/T Looking for suppliers from : Worldwide Contact : Ameen Buyer Of Spices | Red Chilli | Turmeric",False,1 Twenty-Foot Container,VALID,Quantity Required: 1 Twenty-Foot Container,,True,,,Ameen,PERSON_ONLY,Contact : Ameen,Hong Kong,Buyer From Hong Kong,HK,,,,,2026-04-29,VERIFIED Apr-29-26,2026-08-28T07:35:01+00:00,121,DATE,https://www.go4worldbusiness.com/buylead/view/1295117/wanted-:-spices-like-turmeric-chili.html,https://www.go4worldbusiness.com/buyers/chili.html,"VERIFIED Apr-29-26 Wanted : Spices Like Turmeric, Chili Buyer From Hong Kong Quantity Required: 1 Twenty-Foot Container Payment Terms: L/C Or T/T Destination: Hong Kong Looking for suppliers from: Worldwide Inquire Now Add to Favorites Product Description Buyer is interested to receive quotations for the following RFQ - Product Name: Spices Specifications : Type: Whole, Ground (like Turmeric, Chili) Material: Dried Spices Uses: Cooking Quantity Required : 1 Twenty-Foot Container Shipping Terms : FOB Or CIF Destination Port : Hong Kong Payment Terms : L/C Or T/T Looking for suppliers from : Worldwide Contact : Ameen Buyer Of Spices | Red Chilli | Turmeric",7f5c2b04c97cb4427b2ad13425d56fee5f2f0172e1034c7b6114babaf342f8ad,LIVE,UNVERIFIED_MARKETPLACE_POST,platform_login_or_membership,30,5,0,4,39,D,True,BACKGROUND_OR_STALE,338633b56d5d2ff27d6785430095c514b95eab574c7ce694dded6327a99e2774,truth-v1.1.0,1,go4worldbusiness
55cf272b56e30036aaf809173fa53f75,go4worldbusiness,B2B_MARKETPLACE_RFQ,CHILI,CHILI,RFQ_OR_BUY_OFFER,Wanted : Spices Like Dry Red Chili,VERIFIED May-11-26 Wanted : Spices Like Dry Red Chili Buyer From Malaysia Quantity Required: 1 Twenty-Foot Container Payment Terms: L/C- ETA 45 Days Destination: Malaysia Looking for suppliers from: Worldwide Inquire Now Add to Favorites Product Description The buyer would like to receive quotations for - Product Name: Spices Specifications : Type: All Like Dry Red Chili Etc. Quantity Required : 1 Twenty-Foot Container Shipping Terms : CIF Destination Port : Malaysia Payment Terms : L/C- ETA 45 Days Looking for suppliers from : Worldwide Contact : Tony Buyer Of Spices | Red Chilli | Dry Red Chilli,False,1 Twenty-Foot Container,VALID,Quantity Required: 1 Twenty-Foot Container,,True,,,Tony,PERSON_ONLY,Contact : Tony,Malaysia,Buyer From Malaysia,MY,,,,,2026-05-11,VERIFIED May-11-26,2026-08-28T07:35:01+00:00,109,DATE,https://www.go4worldbusiness.com/buylead/view/1297461/wanted-:-spices-like-dry-red-chili.html,https://www.go4worldbusiness.com/buyers/chili.html,VERIFIED May-11-26 Wanted : Spices Like Dry Red Chili Buyer From Malaysia Quantity Required: 1 Twenty-Foot Container Payment Terms: L/C- ETA 45 Days Destination: Malaysia Looking for suppliers from: Worldwide Inquire Now Add to Favorites Product Description The buyer would like to receive quotations for - Product Name: Spices Specifications : Type: All Like Dry Red Chili Etc. Quantity Required : 1 Twenty-Foot Container Shipping Terms : CIF Destination Port : Malaysia Payment Terms : L/C- ETA 45 Days Looking for suppliers from : Worldwide Contact : Tony Buyer Of Spices | Red Chilli | Dry Red Chilli,7f5c2b04c97cb4427b2ad13425d56fee5f2f0172e1034c7b6114babaf342f8ad,LIVE,UNVERIFIED_MARKETPLACE_POST,platform_login_or_membership,30,5,0,4,39,D,True,BACKGROUND_OR_STALE,d3d68d3f47995576ea0964bb61a403ab22fc86e090f6d5c3a21d4f3c01939ca5,truth-v1.1.0,1,go4worldbusiness
c6c0f83138682cc7744987c59692c0f6,go4worldbusiness,B2B_MARKETPLACE_RFQ,CHILI,CHILI,RFQ_OR_BUY_OFFER,"Wanted : Spices Like Turmeric, Chili","VERIFIED Mar-31-26 Wanted : Spices Like Turmeric, Chili Buyer From Oman Quantity Required: 1 Twenty-Foot Container Payment Terms: LC Destination: Oman Looking for suppliers from: Worldwide Inquire Now Add to Favorites Product Description Buyer is interested to receive quotations for the following RFQ - Product Name: Spices Specifications: Types: Turmeric, Chili (like cumin, coriander) Material: Dried spices Uses: Cooking Quantity Required : 1 Twenty-Foot Container Shipping Terms : FOB/CIF Destination Port : Oman Payment Terms : LC Looking for suppliers from : Worldwide Contact : Joel Briston / Shaik Buyer Of Spices | Turmeric | Red Chilli (Whole)",False,1 Twenty-Foot Container,VALID,Quantity Required: 1 Twenty-Foot Container,,True,,,Joel Briston / Shaik,PERSON_ONLY,Contact : Joel Briston / Shaik,Oman,Buyer From Oman,OM,,,,,2026-03-31,VERIFIED Mar-31-26,2026-08-28T07:35:01+00:00,150,DATE,https://www.go4worldbusiness.com/buylead/view/1289361/wanted-:-spices-like-turmeric-chili.html,https://www.go4worldbusiness.com/buyers/chili.html,"VERIFIED Mar-31-26 Wanted : Spices Like Turmeric, Chili Buyer From Oman Quantity Required: 1 Twenty-Foot Container Payment Terms: LC Destination: Oman Looking for suppliers from: Worldwide Inquire Now Add to Favorites Product Description Buyer is interested to receive quotations for the following RFQ - Product Name: Spices Specifications: Types: Turmeric, Chili (like cumin, coriander) Material: Dried spices Uses: Cooking Quantity Required : 1 Twenty-Foot Container Shipping Terms : FOB/CIF Destination Port : Oman Payment Terms : LC Looking for suppliers from : Worldwide Contact : Joel Briston / Shaik Buyer Of Spices | Turmeric | Red Chilli (Whole)",7f5c2b04c97cb4427b2ad13425d56fee5f2f0172e1034c7b6114babaf342f8ad,LIVE,UNVERIFIED_MARKETPLACE_POST,platform_login_or_membership,30,5,0,4,39,D,True,BACKGROUND_OR_STALE,c90c63dbc2dc0b1283f20b456631333bcc012e0e12a0cd1df4f22e5fe045aa05,truth-v1.1.0,1,go4worldbusiness
cf5c411ea650772ef7a59b532a585277,go4worldbusiness,B2B_MARKETPLACE_RFQ,CHILI,CHILI,RFQ_OR_BUY_OFFER,"Wanted : Spices Like Turmeric, Chili","VERIFIED Apr-08-26 Wanted : Spices Like Turmeric, Chili Buyer From Qatar Quantity Required: 1 Twenty-Foot Container Payment Terms: LC Destination: Qatar Looking for suppliers from: Worldwide Inquire Now Add to Favorites Product Description The buyer would like to receive quotations for - Product Name: Spices Specifications: Types: Turmeric, Chili (like cumin, coriander) Material: Dried spices Uses: Cooking Quantity Required : 1 Twenty-Foot Container Shipping Terms : CIF Destination Port : Qatar Payment Terms : LC Looking for suppliers from : Worldwide Contact : Mr. Hizab Buyer Of Spices | Red Chilli | Turmeric",False,1 Twenty-Foot Container,VALID,Quantity Required: 1 Twenty-Foot Container,,True,,,Mr. Hizab,PERSON_ONLY,Contact : Mr. Hizab,Qatar,Buyer From Qatar,QA,,,,,2026-04-08,VERIFIED Apr-08-26,2026-08-28T07:35:01+00:00,142,DATE,https://www.go4worldbusiness.com/buylead/view/1290882/wanted-:-spices-like-turmeric-chili.html,https://www.go4worldbusiness.com/buyers/chili.html,"VERIFIED Apr-08-26 Wanted : Spices Like Turmeric, Chili Buyer From Qatar Quantity Required: 1 Twenty-Foot Container Payment Terms: LC Destination: Qatar Looking for suppliers from: Worldwide Inquire Now Add to Favorites Product Description The buyer would like to receive quotations for - Product Name: Spices Specifications: Types: Turmeric, Chili (like cumin, coriander) Material: Dried spices Uses: Cooking Quantity Required : 1 Twenty-Foot Container Shipping Terms : CIF Destination Port : Qatar Payment Terms : LC Looking for suppliers from : Worldwide Contact : Mr. Hizab Buyer Of Spices | Red Chilli | Turmeric",7f5c2b04c97cb4427b2ad13425d56fee5f2f0172e1034c7b6114babaf342f8ad,LIVE,UNVERIFIED_MARKETPLACE_POST,platform_login_or_membership,30,5,0,4,39,D,True,BACKGROUND_OR_STALE,9cc957a389b5ed36d18afc4b8a06e508961ed3d5f6768edc94be8013acbae8bb,truth-v1.1.0,1,go4worldbusiness
d00da4838b59d94f92c3de1cec68909b,go4worldbusiness,B2B_MARKETPLACE_RFQ,CHILI,CHILI,RFQ_OR_BUY_OFFER,"Wanted : Spices Like Turmeric, Chili","VERIFIED Apr-27-26 Wanted : Spices Like Turmeric, Chili Buyer From United Arab Emirates Quantity Required: Not specified Payment Terms: LC Destination: United Arab Emirates Looking for suppliers from: Worldwide Inquire Now Add to Favorites Product Description Buyer is interested to receive quotations for the following RFQ - Product Name: Spices Specifications: Types: Whole, Ground (like turmeric, chili) Material: Dried spices Uses: Cooking Contact email only Quantity Required : 0 Twenty-Foot Container Shipping Terms : FOB/CIF Destination Port : United Arab Emirates Payment Terms : LC Looking for suppliers from : Worldwide Contact : SULABH NARAYAN SINGH Buyer Of Spices | Turmeric | Red Chilli (Whole)",False,Not specified,VALID,Quantity Required: Not specified,,True,,,SULABH NARAYAN SINGH,PERSON_ONLY,Contact : SULABH NARAYAN SINGH,United Arab Emirates,Buyer From United Arab Emirates,AE,,,,,2026-04-27,VERIFIED Apr-27-26,2026-08-28T07:35:01+00:00,123,DATE,https://www.go4worldbusiness.com/buylead/view/1294518/wanted-:-spices-like-turmeric-chili.html,https://www.go4worldbusiness.com/buyers/chili.html,"VERIFIED Apr-27-26 Wanted : Spices Like Turmeric, Chili Buyer From United Arab Emirates Quantity Required: Not specified Payment Terms: LC Destination: United Arab Emirates Looking for suppliers from: Worldwide Inquire Now Add to Favorites Product Description Buyer is interested to receive quotations for the following RFQ - Product Name: Spices Specifications: Types: Whole, Ground (like turmeric, chili) Material: Dried spices Uses: Cooking Contact email only Quantity Required : 0 Twenty-Foot Container Shipping Terms : FOB/CIF Destination Port : United Arab Emirates Payment Terms : LC Looking for suppliers from : Worldwide Contact : SULABH NARAYAN SINGH Buyer Of Spices | Turmeric | Red Chilli (Whole)",7f5c2b04c97cb4427b2ad13425d56fee5f2f0172e1034c7b6114babaf342f8ad,LIVE,UNVERIFIED_MARKETPLACE_POST,platform_login_or_membership,30,5,0,4,39,D,True,BACKGROUND_OR_STALE,dcfde93b9eef43629c6023af246e50878c9fc4556391d20f68bbda5d1d572739,truth-v1.1.0,1,go4worldbusiness
d76f6770005147f2a750bd24f79e29d7,tradekey,B2B_MARKETPLACE_RFQ,TEA,TEA,RFQ_OR_BUY_OFFER,Import Requirement for Oolong Tea,Import Requirement for Oolong Tea We want to evaluate Oolong Tea for an upcoming purchase cycle. Suppliers with stable quality and clear export documents are preferred. A small trial order may be placed first before moving toward ... Tags: Oolong Tea | Oolong Tea Supplier | Oolong Tea Quotation | Bulk Oolong Tea This buyer wants to receive quotations only from Premium Members . Indonesia Posted on: 20 Jul 2026 Contact Buyer now,False,,MISSING,,,False,,,,UNRESOLVED,,Indonesia,Indonesia,ID,,,,,2026-07-20,Posted on: 20 Jul 2026,2026-08-28T07:34:03+00:00,39,DATE,https://importer.tradekey.com/buyoffer/Import-Requirement-For-Oolong-Tea-3850101.html,https://www.tradekey.com/tea-buyer/,Import Requirement for Oolong Tea We want to evaluate Oolong Tea for an upcoming purchase cycle. Suppliers with stable quality and clear export documents are preferred. A small trial order may be placed first before moving toward ... Tags: Oolong Tea | Oolong Tea Supplier | Oolong Tea Quotation | Bulk Oolong Tea This buyer wants to receive quotations only from Premium Members . Indonesia Posted on: 20 Jul 2026 Contact Buyer now,ea0b1f3f60fff12f082d72611c741918fc9ea0b7c6330ffd330844c8d6d29071,LIVE,UNVERIFIED_MARKETPLACE_POST,platform_login_or_membership,20,5,8,4,37,D,True,WEAK_SIGNAL,103b4602e9c2f0353d35d1069170718aca7cff5e0fb1f06edd26c2f5ceeccfb6,truth-v1.1.0,1,tradekey
b38b0956c63c07d98367f0658f710732,go4worldbusiness,B2B_MARKETPLACE_RFQ,CHILI,CHILI,,Wanted : Spices Like Dried Red Chilies,VERIFIED Jul-01-26 Wanted : Spices Like Dried Red Chilies Buyer From Malaysia Quantity Required: 1 Twenty-Foot Container Payment Terms: L/C Or T/T Destination: Malaysia Looking for suppliers from: Worldwide Inquire Now Add to Favorites Product Description Please provide a quotation to the following requirement from importer - Product Name: Spices Specifications : Type: Dried Red Chilies Style: Whole With And Without Stems Quantity Required : 1 Twenty-Foot Container Shipping Terms : FOB Or CIF Destination Port : Malaysia Payment Terms : L/C Or T/T Looking for suppliers from : Worldwide Contact : Khoh Buyer Of Spices | Dry Red Chilli,False,1 Twenty-Foot Container,VALID,Quantity Required: 1 Twenty-Foot Container,,True,,,Khoh,PERSON_ONLY,Contact : Khoh,Malaysia,Buyer From Malaysia,MY,,,,,2026-07-01,VERIFIED Jul-01-26,2026-08-28T07:35:01+00:00,58,DATE,https://www.go4worldbusiness.com/buylead/view/1308248/wanted-:-spices-like-dried-red-chilies.html,https://www.go4worldbusiness.com/buyers/chili.html,VERIFIED Jul-01-26 Wanted : Spices Like Dried Red Chilies Buyer From Malaysia Quantity Required: 1 Twenty-Foot Container Payment Terms: L/C Or T/T Destination: Malaysia Looking for suppliers from: Worldwide Inquire Now Add to Favorites Product Description Please provide a quotation to the following requirement from importer - Product Name: Spices Specifications : Type: Dried Red Chilies Style: Whole With And Without Stems Quantity Required : 1 Twenty-Foot Container Shipping Terms : FOB Or CIF Destination Port : Malaysia Payment Terms : L/C Or T/T Looking for suppliers from : Worldwide Contact : Khoh Buyer Of Spices | Dry Red Chilli,7f5c2b04c97cb4427b2ad13425d56fee5f2f0172e1034c7b6114babaf342f8ad,LIVE,UNVERIFIED_MARKETPLACE_POST,platform_login_or_membership,10,5,8,4,27,D,True,REJECT_NOT_DIRECT_REQUIREMENT,eafb588f0112c56fa7d1cbf15771cac794c1d453e24f29a0cc4253ae177153bb,truth-v1.1.0,2,go4worldbusiness
b4e5d268f9acac8423b7e6c42c44dc1e,go4worldbusiness,B2B_MARKETPLACE_RFQ,CHILI,CHILI,,Wanted : Spices Like Dry Red Chilies,VERIFIED Jun-17-26 Wanted : Spices Like Dry Red Chilies Buyer From India Quantity Required: 5 - 25 Tons Payment Terms: Bank Transfer Destination: India Looking for suppliers from: Worldwide Inquire Now Add to Favorites Product Description Please provide a quotation to the following requirement from importer - Product Name: Spices Specifications : Type: Dry Red Chilies Teja Quantity Required : 5 - 25 Ton/Tons Shipping Terms : FOR Destination Port : India Payment Terms : Bank Transfer Looking for suppliers from : Worldwide Contact : Rajni Sethi Buyer Of Spices | Red Chilli | Dry Red Chilli,False,5 - 25 Tons,VALID,Quantity Required: 5 - 25 Tons,,True,,,Rajni Sethi,PERSON_ONLY,Contact : Rajni Sethi,India,Buyer From India,IN,,,,,2026-06-17,VERIFIED Jun-17-26,2026-08-28T07:35:01+00:00,72,DATE,https://www.go4worldbusiness.com/buylead/view/1305402/wanted-:-spices-like-dry-red-chilies.html,https://www.go4worldbusiness.com/buyers/chili.html,VERIFIED Jun-17-26 Wanted : Spices Like Dry Red Chilies Buyer From India Quantity Required: 5 - 25 Tons Payment Terms: Bank Transfer Destination: India Looking for suppliers from: Worldwide Inquire Now Add to Favorites Product Description Please provide a quotation to the following requirement from importer - Product Name: Spices Specifications : Type: Dry Red Chilies Teja Quantity Required : 5 - 25 Ton/Tons Shipping Terms : FOR Destination Port : India Payment Terms : Bank Transfer Looking for suppliers from : Worldwide Contact : Rajni Sethi Buyer Of Spices | Red Chilli | Dry Red Chilli,7f5c2b04c97cb4427b2ad13425d56fee5f2f0172e1034c7b6114babaf342f8ad,LIVE,UNVERIFIED_MARKETPLACE_POST,platform_login_or_membership,10,5,8,4,27,D,True,REJECT_NOT_DIRECT_REQUIREMENT,85cf658e6f1fef8bdb6a8d425407b6ccf1e6e33de99159c0fe98ed96b40d7245,truth-v1.1.0,1,go4worldbusiness
17d6d163865e72868bff7c7bceac3c7e,tradekey,B2B_MARKETPLACE_RFQ,TEA,TEA,,Project Purchase of Matcha Tea,"Project Purchase of Matcha Tea A buyer based in Pakistan requires reliable supply of matcha tea for an upcoming order. Please state grade, origin, harvest date, moisture, organic certification, pack size, and shelf life. Competi... Tags: Matcha Tea | Matcha Tea Supplier | Matcha Tea Manufacturer | Matcha Tea Exporter | Bulk Matcha Tea | Wholesale Matcha Tea | Matcha Tea Price | Import Matcha Tea | Matcha Tea Distributor | Matcha Tea Quotation This buyer wants to receive quotations only from Premium Members . Pakistan Posted on: 14 Jul 2026 Contact Buyer now",True,,MISSING,,,False,,,,UNRESOLVED,,Pakistan,Pakistan,PK,,,,,2026-07-14,Posted on: 14 Jul 2026,2026-08-28T07:34:03+00:00,45,DATE,https://importer.tradekey.com/buyoffer/Project-Purchase-Of-Matcha-Tea-3860863.html,https://www.tradekey.com/tea-buyer/,"Project Purchase of Matcha Tea A buyer based in Pakistan requires reliable supply of matcha tea for an upcoming order. Please state grade, origin, harvest date, moisture, organic certification, pack size, and shelf life. Competi... Tags: Matcha Tea | Matcha Tea Supplier | Matcha Tea Manufacturer | Matcha Tea Exporter | Bulk Matcha Tea | Wholesale Matcha Tea | Matcha Tea Price | Import Matcha Tea | Matcha Tea Distributor | Matcha Tea Quotation This buyer wants to receive quotations only from Premium Members . Pakistan Posted on: 14 Jul 2026 Contact Buyer now",ea0b1f3f60fff12f082d72611c741918fc9ea0b7c6330ffd330844c8d6d29071,LIVE,UNVERIFIED_MARKETPLACE_POST,platform_login_or_membership,5,5,8,4,22,D,True,REJECT_NOT_DIRECT_REQUIREMENT,04e91ac9642b95f0a7c47ffd3a140fe45b4fe4fea23f60773a2a979e50629b63,truth-v1.1.0,1,tradekey
