source_code,source_type,category_code,query_term,publication_number,title,description_raw,buyer_name_raw,buyer_country_raw,public_business_email,public_business_phone,published_at,deadline_at,place_of_performance_country,source_url,observed_at,snapshot_sha256,data_mode,verification_status,exact_word_match,food_context_match,qualification_status,qualification_reason_zh
ted_eu,OFFICIAL_PROCUREMENT,CHILI,chili,452453-2024,France – Meat preserves and preparations – Fourniture de plats cuisinés appertisés HALAL en conserves individuelles 300g.,Poste 1 : BARQ LASAGNES PUR BŒUF HALAL 300G ; Poste 2 : BARQ BOULETTES KEBAB HALAL 300G ; Poste 3 : BARQ CHILI CON CARNE HALAL 300G.,MINARM/SCA/PFC-RBT,FRA,pfc-rbt.contact.fct@intradef.gouv.fr,,2024-07-26+02:00,2024-09-24+02:00,FRA,https://ted.europa.eu/en/notice/-/detail/452453-2024,2026-08-27T21:34:02+00:00,e3c00211df1d107c83da594b2e48e84ccc7d0bab49bb08a68c7434658ee23196,LIVE,OFFICIAL_PUBLISHED_NOTICE,True,True,QUALIFIED_OFFICIAL_PROCUREMENT,精确产品词与食品采购语境同时命中
ted_eu,OFFICIAL_PROCUREMENT,CHILI,chili,386705-2025,France – Canned goods and field rations – Fourniture de plats cuisinés appertisés en barquettes 300g,FOURNITURE DE PLATS CUISINES APPERTISES EN BARQUETTES DE 300G- THON LAIT DE COCO RIZ PARFUME | THON PIPERADE | COUSCOUS POULET | SAUMON RIZ LEGUMES | TABOULE VOLAILLE | CREVETTES POULET A L'ASIATIQUE | TORTELLINI PUR BOEUF | SALADE THON GINGEMBRE SESAME | SALADE ORIENTALE | BOULETTES KEBAB | LASAGNES PUR BOEUF | CHILI CON CARNE | SALADE DE PATES AU POULET | THON EN SALADE | GRATIN DE MACARONIS AU BOEUF | PETIT SALE LENTILLES DU PUY | ROUGAIL DE SAUCISSES | CASSOULET SUPERIEUR AU CANARD | PORC CREOLE RIZ ANANAS | SAUTE DE PORC AU CURRY | JOUE DE PORC AUX RAVIOLES | RISOTTO DE PORC CHAMPIGNONS | PATES A LA CARBONARA | PAELLA | POTEE PAYSANNE | SAUCISSON PISTACHE | SALADE DE GESIER QUINOA ROUGE | PARMENTIER DE CANARD | SAUCISSE DE STRASBOURG PATES | LASAGNES VEGETARIENNES | QUENELLES SAUCE AURORE | GALETTES VEGETARIENNES | SALADE DE FRUITS SECS | CHILI SIN CARNE,MINARM/SCA/PFC-RBT,FRA,pfc-rbt.contact.fct@intradef.gouv.fr,,2025-06-16+02:00,,FRA | FRA | FRA | FRA | FRA | FRA | FRA | FRA | FRA | FRA | FRA | FRA | FRA | FRA | FRA | FRA | FRA | FRA | FRA | FRA | FRA | FRA | FRA | FRA | FRA | FRA | FRA | FRA | FRA | FRA | FRA | FRA | FRA | FRA,https://ted.europa.eu/en/notice/-/detail/386705-2025,2026-08-27T21:34:02+00:00,e3c00211df1d107c83da594b2e48e84ccc7d0bab49bb08a68c7434658ee23196,LIVE,OFFICIAL_PUBLISHED_NOTICE,True,True,QUALIFIED_OFFICIAL_PROCUREMENT,精确产品词与食品采购语境同时命中
ted_eu,OFFICIAL_PROCUREMENT,CHILI,chili,555192-2025,"Poland – Vegetable oils – Dostawa olejów, sosów zup i przypraw przetworzonych, kawy, miodu, soków i dań instant w roku 2026 (magazyny w Grudziądzu, Grupie, Chełmnie i Brodnicy)","Przedmiotem jest sukcesywna realizacja dostaw olejów i tłuszczy roślinnych do jednostek wojskowych w roku 2026 zgodnie ze wskazanymi przez Zamawiającego normami oraz asortymentem, ilościami i wymaganiami oraz zgodnie z warunkami określonymi przez Zamawiającego. Miejsce realizacji: jednostki wojskowe w Grudziądzu, Grupie (gm. Dragacz), Chełmnie i Brodnicy (Polska, woj. kujawsko-pomorskie). Zakres podstawowy: dostawa olejów i tłuszczy roślinnych w roku 2026 (magazyny w Grudziądzu, Grupie, Chełmnie i Brodnicy) olej rzepakowy 3 000,00 l, oliwa z oliwek 5,00 l, margaryna jednoporcjowa 1,00 kg, margaryna 1 000,00 kg | Przedmiotem jest sukcesywna realizacja dostaw sosów, zup, przypraw przetworzonych do jednostek wojskowych w roku 2026 zgodnie ze wskazanymi przez Zamawiającego normami oraz asortymentem, ilościami i wymaganiami oraz zgodnie z warunkami określonymi przez Zamawiającego. Miejsce realizacji: jednostki wojskowe w Grudziądzu, Grupie (gm. Dragacz), Chełmnie i Brodnicy (Polska, woj. kujawsko-pomorskie). Zakres (zamówienie podstawowe): dostawa sosów, zup, przypraw przetworzonych w roku 2026 (magazyny w Grudziądzu, Grupie, Chełmnie i Brodnicy) sos sojowy jasny 10,00 l, sos barbecue 10,00 l, sos słodko-kwaśny 10,00 l, barszcz czerwony – instant 5,00 kg, barszcz czerwony koncentrat w płynie 5,00 kg, żurek na zakwasie koncentrat 200,00 kg, rosół wołowy 1,00 kg, majonez jednoporcjowy 200,00 kg, majonez 1 000,00 kg, musztarda jednoporcjowa 1 000,00 kg, musztarda 300,00 kg, ketchup jednoporcjowy 1 000,00 kg, ketchup 200,00 kg, przyprawa do zup w płynie 300,00 l, przyprawa do mięsa 100,00 kg, przyprawa uniwersalna 100,00 kg, przyprawa gyros 5,00 kg, przyprawa garam masala 5,00 kg, przyprawa do kurczaka 30,00 kg, ocet 1 000,00 l, ocet balsamiczny 10,00 l, koncentrat pomidorowy 1 000,00 kg, kwasek cytrynowy spożywczy 10,00 kg, żelatyna spożywcza 5,00 kg, drożdże suszone 2,00 kg, liść laurowy 10,00 kg, majeranek 40,00 kg, tymianek 5,00 kg, kminek cały 5,00 kg, ziele angielskie 20,00 kg, borowik suszony 30,00 kg, podgrzybek suszony 1,00 kg, rozmaryn 5,00 kg, czosnek 10,00 kg, papryka chili 5,00 kg, papryka słodka 5,00 kg, papryka słodka wędzona 5,00 kg, bazylia 5,00 kg, oregano 5,00 kg, przyprawa curry 10,00 kg, kurkuma 5,00 kg, kolendra 5,00 kg, cynamon 5,00 kg, zioła prowansalskie 10,00 kg, pieprz czarny mielony 10,00 kg, pieprz cytrynowy 5,00 kg, imbir mielony 5,00 kg, estragon 3,00 kg, lubczyk 5,00 kg, goździki 3,00 kg, gałka muszkatołowa 3,00 kg | Przedmiotem jest sukcesywna realizacja dostaw kawy i herbaty do jednostek wojskowych w roku 2026 zgodnie ze wskazanymi przez Zamawiającego normami oraz asortymentem, ilościami i wymaganiami oraz zgodnie z warunkami określonymi przez Zamawiającego. Miejsce realizacji: jednostki wojskowe w Grudziądzu, Grupie (gm. Dragacz), Chełmnie i Brodnicy (Polska, woj. kujawsko-pomorskie). Zakres (zamówienie podstawowe): dostawa kawy i herbaty w roku 2026 (magazyny w Grudziądzu, Grupie, Chełmnie i Brodnicy) kawa naturalna mielona 1,00 kg, kawa rozpuszczalna 50,00 kg, herbata czarna liściasta 1,00 kg, herbata czarna w torebkach (ekspresowa) 700,00 kg, herbata witaminizowana smaki: cytrynowy, malinowym, wieloowocowym 500,00 kg | Przedmiotem jest sukcesywna realizacja dostaw miodu do jednostek wojskowych w roku 2026 zgodnie ze wskazanymi przez Zamawiającego normami oraz asortymentem, ilościami i wymaganiami oraz zgodnie z warunkami określonymi przez Zamawiającego. Miejsce realizacji: jednostki wojskowe w Grudziądzu, Grupie (gm. Dragacz), Chełmnie i Brodnicy (Polska, woj. kujawsko-pomorskie). Zakres (zamówienie podstawowe): dostawa miodu w roku 2026 (magazyny w Grudziądzu, Grupie, Chełmnie i Brodnicy): miód nektarowy wielokwiatowy 20,00 kg miód nektarowy wielokwiatowy jednoporcjowy 80,00 kg | Przedmiotem jest sukcesywna realizacja dostaw soków do jednostek wojskowych w roku 2026 zgodnie ze wskazanymi przez Zamawiającego normami oraz asortymentem, ilościami i wymaganiami oraz zgodnie z warunkami określonymi przez Zamawiającego. Miejsce realizacji: jednostki wojskowe w Grudziądzu, Grupie (gm. Dragacz), Chełmnie i Brodnicy (Polska, woj. kujawsko-pomorskie). Zakres (zamówienie podstawowe): dostawa soków w roku 2026 (magazyny w Grudziądzu, Grupie, Chełmnie i Brodnicy) sok jabłkowy 0,2l - 2 000,00 l, sok jabłkowy 1l - 1 000,00 l, sok pomarańczowy 0,2l - 2 000,00 l, sok pomarańczowy 1l - 1 000,00 l, sok z czarnej porzeczki tłoczony 1l -1,00 l, sok wieloowocowy (multiwitamina) 0,2l - 2 000,00 l, sok wieloowocowy (multiwitamina) 1l - 1 000,00 l, sok pomidorowy 0,3l i 0,33l - 5,00 l, nektar z czarnej porzeczki 0,3l i 0,33l - 1 000,00 l, nektar z czarnej porzeczki 1l 1 000,00 l | Przedmiotem jest sukcesywna realizacja dostaw dań instant do jednostek wojskowych w roku 2026 zgodnie ze wskazanymi przez Zamawiającego normami oraz asortymentem, ilościami i wymaganiami oraz zgodnie z warunkami określonymi przez Zamawiającego. Miejsce realizacji: jednostki wojskowe w Grudziądzu, Grupie (gm. Dragacz), Chełmnie i Brodnicy (Polska, woj. kujawsko-pomorskie). Zakres (zamówienie podstawowe): dostawa dań instant w roku 2026 (magazyny w Grudziądzu, Grupie, Chełmnie i Brodnicy): zupa instant - zupa grochowa z grzankami 20,00 kg, zupa instant - zupa pieczarkowa z grzankami 20,00 kg, zupa instant - żurek z grzankami 20,00 kg",Skarb Państwa - 13 Wojskowy Oddział Gospodarczy (13 WOG),POL,13wog.przetargi@ron.mil.pl,,2025-08-26+02:00,,POL | POL | POL | POL | POL | POL,https://ted.europa.eu/en/notice/-/detail/555192-2025,2026-08-27T21:34:02+00:00,e3c00211df1d107c83da594b2e48e84ccc7d0bab49bb08a68c7434658ee23196,LIVE,OFFICIAL_PUBLISHED_NOTICE,True,True,QUALIFIED_OFFICIAL_PROCUREMENT,精确产品词与食品采购语境同时命中
ted_eu,OFFICIAL_PROCUREMENT,CHILI,chili,241678-2026,"Belgium – Fruit, vegetables and related products – Aankoop op afroep van vegetarische componenten","Vegetarische snacks, zonder vleesvervanger, diepvries - Groenteloempia - Kaaskroket - Quiche tomaat-mozzarella - Kaasburger met bloemkool | Vegetarische of veganistische gevulde groente, al dan niet met vleesvervanger, diepvries - Gevulde rode paprika | Vegetarische of veganistische pasta, zonder vleesvervanger, diepvries - Tortellini 4 kazen | Vegetarische of veganistische ovenschotels met zetmeel, al dan niet met vleesvervanger, koelvers - Hachis Parmentier - Moussaka met zoete aardappel - Groentelasagne - Lasagne met spinazie | Vegetarische of veganistische bereidingen zonder zetmeel, al dan niet met vleesvervanger, koelvers - Chili sin carne - Balletjes in tomatensaus - Zweedse balletjes in tomatensaus | Sausen vegetarisch of veganistisch voor diverse gerechten, koelvers - Veganistische bolognaisesaus - Currysaus - Provençaalse saus - Archiducsaus - Hollandse saus - Béarnaisesaus - Béchamelsaus | Sausen vegetarisch of veganistisch voor pastagerechten, diepvries of kamertemperatuur - Mascarpone Rosso saus - Prima Vera saus",Universiteit Gent,BEL,aankoopbeleid@ugent.be,,2026-04-09+02:00,2026-04-23+02:00 | 2026-04-23+02:00 | 2026-04-23+02:00 | 2026-04-23+02:00 | 2026-04-23+02:00 | 2026-04-23+02:00 | 2026-04-23+02:00,BEL | BEL | BEL | BEL | BEL | BEL | BEL,https://ted.europa.eu/en/notice/-/detail/241678-2026,2026-08-27T21:34:02+00:00,e3c00211df1d107c83da594b2e48e84ccc7d0bab49bb08a68c7434658ee23196,LIVE,OFFICIAL_PUBLISHED_NOTICE,True,True,QUALIFIED_OFFICIAL_PROCUREMENT,精确产品词与食品采购语境同时命中
ted_eu,OFFICIAL_PROCUREMENT,CHILI,chili,244566-2026,Belgium – Meat – Aankoop op afroep van vleescomponenten,"Bewerkte burger, diepvries - Varkenskaasburger - Kalkoenschnitzel - Kalkoen cordon bleu - Kipschnitzel Italiano | Bereidingen met varkensvlees, koelvers - Varkensstoverij - Goulash - Gyros - Chili con carne - Braadworst | Pastaschotel met varkensvlees, koelvers - Lasagne bolognaise - Macaroni | Bereidingen met varkensgehakt, koelvers - Balletjes in tomatensaus | Gerechten met kip en kalkoen, koelvers - Kipbil gebakken - Kip tikka masala - Kip op z’n oosters - Kippendij op Oosterse wijze - Kip rode curry - Kalkoengebraad met ajuin mosterdsaus | Gerechten met kip, koelvers - vol-au-vent | Hybride producten, al dan niet met vleesvervanger, met groenten, koelvers of diepvries - Hybride burger - Hybride worst",Universiteit Gent,BEL,aankoopbeleid@ugent.be,,2026-04-10+02:00,2026-04-23+02:00 | 2026-04-23+02:00 | 2026-04-23+02:00 | 2026-04-23+02:00 | 2026-04-23+02:00 | 2026-04-23+02:00 | 2026-04-23+02:00,BEL | BEL | BEL | BEL | BEL | BEL | BEL,https://ted.europa.eu/en/notice/-/detail/244566-2026,2026-08-27T21:34:02+00:00,e3c00211df1d107c83da594b2e48e84ccc7d0bab49bb08a68c7434658ee23196,LIVE,OFFICIAL_PUBLISHED_NOTICE,True,True,QUALIFIED_OFFICIAL_PROCUREMENT,精确产品词与食品采购语境同时命中
ted_eu,OFFICIAL_PROCUREMENT,CHILI,chili,264614-2026,"Belgium – Food, beverages, tobacco and related products – Openbare aanbesteding voor de levering en distributie van levensmiddelen",Lait demi écrémé U.H.T | Huile de mais | Chili con carne | Compotines en gourdes pour enfants | Confiture d’abricots | Ratatouille | Vol au vent | Harengs à la sauce tomate | Café moulu 100% arabica issu du commerce équitable | Pâtes: farfalle | Riz | Tomates pelées concassées en cubes | Haricots verts brisés | Haricots blancs | Chocolat noir,SPP Intégration Sociale,BEL,mi.dso@mi-is.be,,2026-04-17+02:00,2026-05-04+02:00 | 2026-05-04+02:00 | 2026-05-04+02:00 | 2026-05-04+02:00 | 2026-05-04+02:00 | 2026-05-04+02:00 | 2026-05-04+02:00 | 2026-05-04+02:00 | 2026-05-04+02:00 | 2026-05-04+02:00 | 2026-05-04+02:00 | 2026-05-04+02:00 | 2026-05-04+02:00 | 2026-05-04+02:00 | 2026-05-04+02:00,BEL | BEL | BEL | BEL | BEL | BEL | BEL | BEL | BEL | BEL | BEL | BEL | BEL | BEL | BEL,https://ted.europa.eu/en/notice/-/detail/264614-2026,2026-08-27T21:34:02+00:00,e3c00211df1d107c83da594b2e48e84ccc7d0bab49bb08a68c7434658ee23196,LIVE,OFFICIAL_PUBLISHED_NOTICE,True,True,QUALIFIED_OFFICIAL_PROCUREMENT,精确产品词与食品采购语境同时命中
ted_eu,OFFICIAL_PROCUREMENT,CHILI,chili,381486-2026,France – Canned goods and field rations – Fourniture de plats cuisinés appertisés en barquettes 300g,FOURNITURE DE PLATS CUISINES APPERTISES EN BARQUETTES DE 300G- THON LAIT DE COCO RIZ PARFUME | THON PIPERADE | COUSCOUS POULET | SAUMON RIZ LEGUMES | TABOULE VOLAILLE | CREVETTES POULET A L'ASIATIQUE | TORTELLINI PUR BOEUF | SALADE THON GINGEMBRE SESAME | SALADE ORIENTALE | BOULETTES KEBAB | LASAGNES PUR BOEUF | CHILI CON CARNE | SALADE DE PATES AU POULET | THON EN SALADE | GRATIN DE MACARONIS AU BOEUF | PETIT SALE LENTILLES DU PUY | ROUGAIL DE SAUCISSES | CASSOULET SUPERIEUR AU CANARD | PORC CREOLE RIZ ANANAS | SAUTE DE PORC AU CURRY | JOUE DE PORC AUX RAVIOLES | RISOTTO DE PORC CHAMPIGNONS | PATES A LA CARBONARA | PAELLA | POTEE PAYSANNE | SAUCISSON PISTACHE | SALADE DE GESIER QUINOA ROUGE | PARMENTIER DE CANARD | SAUCISSE DE STRASBOURG PATES | LASAGNES VEGETARIENNES | QUENELLES SAUCE AURORE | GALETTES VEGETARIENNES | SALADE DE FRUITS SECS | CHILI SIN CARNE,MINARM/SCA/PFC-RBT,FRA,pfc-rbt.contact.fct@intradef.gouv.fr,,2026-06-03+02:00,,FRA | FRA | FRA | FRA | FRA | FRA | FRA | FRA | FRA | FRA | FRA | FRA | FRA | FRA | FRA | FRA | FRA | FRA | FRA | FRA | FRA | FRA | FRA | FRA | FRA | FRA | FRA | FRA | FRA | FRA | FRA | FRA | FRA | FRA,https://ted.europa.eu/en/notice/-/detail/381486-2026,2026-08-27T21:34:02+00:00,e3c00211df1d107c83da594b2e48e84ccc7d0bab49bb08a68c7434658ee23196,LIVE,OFFICIAL_PUBLISHED_NOTICE,True,True,QUALIFIED_OFFICIAL_PROCUREMENT,精确产品词与食品采购语境同时命中
ted_eu,OFFICIAL_PROCUREMENT,CHILI,chili,438767-2026,"Hungary – Food, beverages, tobacco and related products – Büféáru közbeszerzése 2025","Büféáru beszerzése a Budapest Film Zrt. részére 5 részben. I. rész Popcorn, nacho, édesség Popcorn kukorica (sós) 13276 kg Olaj popcorn sütéshez 3466 kg Speciális só popcorn sütéshez 403 kg Nachos chips, szósz és jalapeno paprika összesen 9591 kg Nacho tál 2- és 3 rekeszes összesen: 29785 db Egyéb édes és sós snackáru: 15782 db A fenti mennyiségek 12 hónapra vetített becsült mennyiségek, melyekre az ajánlatkérő nem vállal lehívási kötelezettséget, azok csak az ajánlatok megfelelő összehasonlítását szolgálják. A szerződés keretösszege nettó 46 368 600 Ft. A Megrendelő a Keretösszeg kimerítésére a Keretösszeg 70 %-nak erejéig vállal lehívási kötelezettséget. Ajánlattevő köteles az Ajánlatkérő számára új, azaz bontatlan és használatlan, rendeltetésszerű használatra alkalmas termékeket megajánlani. Ahol a műszaki leírás meghatározott eredetű, típusú dologra, eljárásra, tevékenységre, személyre, illetve szabadalomra, vagy védjegyre való hivatkozást tartalmaz, úgy ezt kizárólag a közbeszerzés tárgyának, vagy annak valamely elemének egyértelmű és közérthető meghatározása tette szükségessé, és a megnevezés csak a tárgy jellegének egyértelmű meghatározása érdekében történt, ajánlatérő büfészolgáltatására tekintettel, a vevőkör igényeinek figyelembevétele mellett, szakmai szempontok miatt. Az ajánlatkérő bármely, a leírásban meghatározott árukkal műszakilag, esztétikailag és minőségileg egyenértékű, a leírásban hivatkozott árukkal felhasználhatóságában, használhatóságában, kezelhetőségében, rendeltetésében és tartósságában egyenértékű, más gyártású áru(k) teljesítését és/vagy felhasználását is elfogadja akkor is, ha a 321/2015. (X. 30.) Korm. r. 46. § (3) bekezdésében előírt „vagy ezzel egyenértékű” kifejezés bármely okból az adott helyen nem került feltüntetésre. Az ajánlatkérő új áru(k)ra kér ajánlatot, használt áru nem fogadható el. A meghatározott követelmények, feltételek az ajánlatkérő minimális előírásai, az ajánlatkérő számára ezeknél kedvezőbb jellemzőkkel rendelkező árura is tehető ajánlat, így az előírt minimum feltételekkel megegyező, vagy annál kedvezőbb jellemzőkkel rendelkező áruk felelhetnek meg műszaki és kereskedelmi szempontból, azzal, hogy a kedvezőbb megajánlás külön értékelés alá nem kerül. | Büféáru beszerzése a Budapest Film Zrt. részére 5 részben. II. Alkoholos italok, ízesítők Tervezett mennyiségek Alkoholos italok: 21523 db, Chai latte por: 7 kg Szirupok: 273 liter Pürék (gyümölcsös): 131 liter Egyéb alkoholos italok: 4397 liter A fenti mennyiségek 12 hónapra vetített becsült mennyiségek, melyekre az ajánlatkérő nem vállal lehívási kötelezettséget, azok csak az ajánlatok megfelelő összehasonlítását szolgálják. A szerződés keretösszege nettó 17 122 400 Ft. A Megrendelő a Keretösszeg kimerítésére a Keretösszeg 70 %-nak erejéig vállal lehívási kötelezettséget. Ajánlattevő köteles az Ajánlatkérő számára új, azaz bontatlan és használatlan, rendeltetésszerű használatra alkalmas termékeket megajánlani. Ahol a műszaki leírás meghatározott eredetű, típusú dologra, eljárásra, tevékenységre, személyre, illetve szabadalomra, vagy védjegyre való hivatkozást tartalmaz, úgy ezt kizárólag a közbeszerzés tárgyának, vagy annak valamely elemének egyértelmű és közérthető meghatározása tette szükségessé, és a megnevezés csak a tárgy jellegének egyértelmű meghatározása érdekében történt, ajánlatérő büfészolgáltatására tekintettel, a vevőkör igényeinek figyelembevétele mellett, szakmai szempontok miatt. Az ajánlatkérő bármely, a leírásban meghatározott árukkal műszakilag, esztétikailag és minőségileg egyenértékű, a leírásban hivatkozott árukkal felhasználhatóságában, használhatóságában, kezelhetőségében, rendeltetésében és tartósságában egyenértékű, más gyártású áru(k) teljesítését és/vagy felhasználását is elfogadja akkor is, ha a 321/2015. (X. 30.) Korm. r. 46. § (3) bekezdésében előírt „vagy ezzel egyenértékű” kifejezés bármely okból az adott helyen nem került feltüntetésre. Az ajánlatkérő új áru(k)ra kér ajánlatot, használt áru nem fogadható el. A meghatározott követelmények, feltételek az ajánlatkérő minimális előírásai, az ajánlatkérő számára ezeknél kedvezőbb jellemzőkkel rendelkező árura is tehető ajánlat, így az előírt minimum feltételekkel megegyező, vagy annál kedvezőbb jellemzőkkel rendelkező áruk felelhetnek meg műszaki és kereskedelmi szempontból, azzal, hogy a kedvezőbb megajánlás külön értékelés alá nem kerül. | Büféáru beszerzése a Budapest Film Zrt. részére 5 részben. III. rész Alkoholmentes italok, kávé Tervezett mennyiség/év Post Mix kész üdítő: 27875 liter Üdítő: 62 011 db Ásványvíz: 26 803 db Koffeinmentes kávé: 1542 db Kávé kapszula: 700 db Papírpohár: 38 100 db Papírpohár fedő: 38 100 db A fenti mennyiségektől ajánlatkérő a ténylegesen felmerülő beszerzési igényének megfelelően jogosult +/-15 (tizenöt) %-kal eltérni. Nyertes ajánlattevő által rendelkezésre bocsátandó és telepítendő eszközök: Helyszín gép fajtája darabszám Corvin büfé Italadagoló berendezés (Post Mix torony) 4db Álló hűtő 2db Corvin kávézó Álló hűtő 1db Álló hűtő 1db Kávégép 1db Kávédaráló 1db Puskin büfé Álló hűtő 1db Álló hűtő 1db Tabán büfé Álló hűtő 1db Álló hűtő 1db Kino kávézó Álló hűtő 1db Kávégép 1db Kávédaráló 1db Művész büfé Álló hűtő 1db Álló hűtő 1db Tekintettel arra, hogy az egyes gyártóknál eltérő lehet a keverési arány, a Post Mix kész üdítő termék kategóriában nem a Bag in Boxos szirup mennyisége, hanem kész üdítő mennyisége került meghatározásra. A telepített eszközök tekintetében szerviz háttér biztosítása elvárás: • Post Mix gép és perifériái: hibaelhárítás megkezdése a bejelentéstől számított max. 24 órán belül • Hűtők: hibaelhárítás megkezdése a bejelentéstől számított max. 48 órán belül • Kávégépek és kávédarálók: hibaelhárítás megkezdése a bejelentéstől számított max. 24 órán belül. Ajánlattevő köteles az Ajánlatkérő számára új, azaz bontatlan és használatlan, rendeltetésszerű használatra alkalmas termékeket megajánlani. Ahol a műszaki leírás meghatározott eredetű, típusú dologra, eljárásra, tevékenységre, személyre, illetve szabadalomra, vagy védjegyre való hivatkozást tartalmaz, úgy ezt kizárólag a közbeszerzés tárgyának, vagy annak valamely elemének egyértelmű és közérthető meghatározása tette szükségessé, és a megnevezés csak a tárgy jellegének egyértelmű meghatározása érdekében történt, ajánlatérő büfészolgáltatására tekintettel, a vevőkör igényeinek figyelembevétele mellett, szakmai szempontok miatt. Az ajánlatkérő bármely, a leírásban meghatározott árukkal műszakilag, esztétikailag és minőségileg egyenértékű, a leírásban hivatkozott árukkal felhasználhatóságában, használhatóságában, kezelhetőségében, rendeltetésében és tartósságában egyenértékű, más gyártású áru(k) teljesítését és/vagy felhasználását is elfogadja akkor is, ha a 321/2015. (X. 30.) Korm. r. 46. § (3) bekezdésében előírt „vagy ezzel egyenértékű” kifejezés bármely okból az adott helyen nem került feltüntetésre. Az ajánlatkérő új áru(k)ra kér ajánlatot, használt áru nem fogadható el. A meghatározott követelmények, feltételek az ajánlatkérő minimális előírásai, az ajánlatkérő számára ezeknél kedvezőbb jellemzőkkel rendelkező árura is tehető ajánlat, így az előírt minimum feltételekkel megegyező, vagy annál kedvezőbb jellemzőkkel rendelkező áruk felelhetnek meg műszaki és kereskedelmi szempontból, azzal, hogy a kedvezőbb megajánlás külön értékelés alá nem kerül. | Büféáru beszerzése a Budapest Film Zrt. részére 5 részben. IV. rész Egyéb darabáru Tervezett mennyiség: ÁFONYA GYÜMÖLCS KG 16 BACON SZALONNA KG 29 BALZSAMECETKRÉM L 28 BANÁN KG 83 CITROM KG 172 CITROMLÉ L 485 CSEMEGE KUKORICA KG 32 DIABETIKUS ALMÁS KEKSZ DB 138 DIABETIKUS NÁPOLYI DB 110 EPER KG 32 EPER FAGYASZTOTT KG 12 FAGYASZTOTT CSIRKEMELL KG 26 FAHÉJ KG 0,4 FINOMLISZT KG 16 FOKHAGYMAPOR KG 1 JOGHURT L 40 GRILLSAJT KG 13 JUHARSZIRUP L 2 KÁVÉTEJSZÍN DB 886 KÍGYÓUBORKA KG 40 KOKTÉLPARADICSOM KG 117 SÜTHETŐ CSEMEGEKOLBÁSZ KG 39 KRÉMFEHÉRSAJT KG 19 KRISTÁLYCUKOR KG 230 LILAHAGYMALEKVÁR KG 5 LIME KG 59 LIMELÉ L 15 MAJONÉZ KG 46 MÁLNA KG 18 MENTA KG 7 MÉZ KG 12 MILKA CSOKI KG 6 NAPRAFORGÓ OLAJ L 69 NARANCS KG 246 NUTELLA KG 51 OLIVAOLAJ L 14 OLÍVABOGYÓ KG 15 ÖNTET CSOKOLÁDÉ L 25 ÖNTET ÉDES CHILI SZÓSZ L 6 ÖNTET FOKHAGYMÁS MAJONÉZ L 5 ÖNTET KARAMELL L 17 ÖNTET KETCHUP L 46 ÖNTET MUSTÁR L 35 PARADICSOM KG 83 PIRÍTOTT HAGYMA KG 9 PUDINGPOR KG 5 SALÁTA KG 321 SZELETELT CHEDDAR DB 1159 TRAPPISTA SAJT KG 58 TASAKOS CITROMLÉ DB 2070 TASAKOS MÉZ DB 2760 TEJ UHT 1,5% LAKTÓZMENTES L 1021 TEJ UHT 2,8% L 3950 TEJ UHT 3,2% L 83 NÖVÉNYI TEJ L 820 TEJSZÍNHAB DB 388 TOJÁS DB 1438 TONHAL KONZERV DB 154 TORTILLA LAP DB 393 VAJ KG 3 A fenti mennyiségek 12 hónapra vetített becsült mennyiségek, melyekre az ajánlatkérő nem vállal lehívási kötelezettséget, azok csak az ajánlatok megfelelő összehasonlítását szolgálják. A szerződés keretösszege nettó 8 285 400 Ft. A Megrendelő a Keretösszeg kimerítésére a Keretösszeg 70 %-nak erejéig vállal lehívási kötelezettséget. Ajánlattevő köteles az Ajánlatkérő számára új, azaz bontatlan és használatlan, rendeltetésszerű használatra alkalmas termékeket megajánlani. Ahol a műszaki leírás meghatározott eredetű, típusú dologra, eljárásra, tevékenységre, személyre, illetve szabadalomra, vagy védjegyre való hivatkozást tartalmaz, úgy ezt kizárólag a közbeszerzés tárgyának, vagy annak valamely elemének egyértelmű és közérthető meghatározása tette szükségessé, és a megnevezés csak a tárgy jellegének egyértelmű meghatározása érdekében történt, ajánlatérő büfészolgáltatására tekintettel, a vevőkör igényeinek figyelembevétele mellett, szakmai szempontok miatt. Az ajánlatkérő bármely, a leírásban meghatározott árukkal műszakilag, esztétikailag és minőségileg egyenértékű, a leírásban hivatkozott árukkal felhasználhatóságában, használhatóságában, kezelhetőségében, rendeltetésében és tartósságában egyenértékű, más gyártású áru(k) teljesítését és/vagy felhasználását is elfogadja akkor is, ha a 321/2015. (X. 30.) Korm. r. 46. § (3) bekezdésében előírt „vagy ezzel egyenértékű” kifejezés bármely okból az adott helyen nem került feltüntetésre. Az ajánlatkérő új áru(k)ra kér ajánlatot, használt áru nem fogadható el. A meghatározott követelmények, feltételek az ajánlatkérő minimális előírásai, az ajánlatkérő számára ezeknél kedvezőbb jellemzőkkel rendelkező árura is tehető ajánlat, így az előírt minimum feltételekkel megegyező, vagy annál kedvezőbb jellemzőkkel rendelkező áruk felelhetnek meg műszaki és kereskedelmi szempontból, azzal, hogy a kedvezőbb megajánlás külön értékelés alá nem kerül. | Büféáru beszerzése a Budapest Film Zrt. részére 5 részben. V. rész Mirelit Tervezett mennyiség: Mirelit étel - 6537 db Mirelit étel - 263 kg Fritőz olaj - 155 liter A szerződés keretösszege nettó 5 294 200 Ft. A Megrendelő a Keretösszeg kimerítésére a Keretösszeg 70 %-nak erejéig vállal lehívási kötelezettséget. Ajánlattevő köteles az Ajánlatkérő számára új, azaz bontatlan és használatlan, rendeltetésszerű használatra alkalmas termékeket megajánlani. Ahol a műszaki leírás meghatározott eredetű, típusú dologra, eljárásra, tevékenységre, személyre, illetve szabadalomra, vagy védjegyre való hivatkozást tartalmaz, úgy ezt kizárólag a közbeszerzés tárgyának, vagy annak valamely elemének egyértelmű és közérthető meghatározása tette szükségessé, és a megnevezés csak a tárgy jellegének egyértelmű meghatározása érdekében történt, ajánlatérő büfészolgáltatására tekintettel, a vevőkör igényeinek figyelembevétele mellett, szakmai szempontok miatt. Az ajánlatkérő bármely, a leírásban meghatározott árukkal műszakilag, esztétikailag és minőségileg egyenértékű, a leírásban hivatkozott árukkal felhasználhatóságában, használhatóságában, kezelhetőségében, rendeltetésében és tartósságában egyenértékű, más gyártású áru(k) teljesítését és/vagy felhasználását is elfogadja akkor is, ha a 321/2015. (X. 30.) Korm. r. 46. § (3) bekezdésében előírt „vagy ezzel egyenértékű” kifejezés bármely okból az adott helyen nem került feltüntetésre. Az ajánlatkérő új áru(k)ra kér ajánlatot, használt áru nem fogadható el. A meghatározott követelmények, feltételek az ajánlatkérő minimális előírásai, az ajánlatkérő számára ezeknél kedvezőbb jellemzőkkel rendelkező árura is tehető ajánlat, így az előírt minimum feltételekkel megegyező, vagy annál kedvezőbb jellemzőkkel rendelkező áruk felelhetnek meg műszaki és kereskedelmi szempontból, azzal, hogy a kedvezőbb megajánlás külön értékelés alá nem kerül.",Budapest Film Forgalmazó és Moziüzemi Zártkörűen Működő Részvénytársaság,HUN,hegedus.laszlo@bpfilm.hu,,2026-06-25+02:00,,HUN | HUN | HUN | HUN | HUN | HUN | HUN | HUN | HUN | HUN | HUN | HUN | HUN | HUN | HUN | HUN | HUN | HUN | HUN | HUN | HUN | HUN | HUN | HUN | HUN,https://ted.europa.eu/en/notice/-/detail/438767-2026,2026-08-27T21:34:02+00:00,e3c00211df1d107c83da594b2e48e84ccc7d0bab49bb08a68c7434658ee23196,LIVE,OFFICIAL_PUBLISHED_NOTICE,True,True,QUALIFIED_OFFICIAL_PROCUREMENT,精确产品词与食品采购语境同时命中
ted_eu,OFFICIAL_PROCUREMENT,CHILI,chili,465133-2026,"Hungary – Food, beverages, tobacco and related products – Élelmiszer beszerzés","Az eljárás elektronikus katalógusra vonatkozó részletes szabályait a közbeszerzési dokumentumok tartalmazzák. Ajánlatkérő a Kbt. 50. §. (2) d) foglalt követelményeknek a keretösszeg megadásával a hirdetményében (BT-24, II.1.4) pont) megfelel, tekintettel Kbt. 3. §. 18. foglaltakra. A részletes tételenkénti mennyiségeket az elektronikus katalógus tartalmazza. 1. RÉSZ: ZÖLDSÉGFÉLÉK, GYÜMÖLCSÖK, TOJÁS tétel termék megnevezése 1. Alma 2. Bab száraz 3. Banán 4. Borsó feles 5. Burgonya 6. Citrom 7. Cseresznye 8. Fejessaláta 9. Fokhagyma 10. Gomba 11. Káposzta fejes 12. Káposzta kel 13. Káposzta vörös 14. Kivi 15. Körte 16. Lencse 17. Lilahagyma 18. Mandarin 19. Narancs 20. Nektarin 21. Őszibarack 22. Paradicsom 23. Póréhagyma kg 24. Retek, csomós 25. Retek, jégcsap 26. Savanyú káposzta 27. Szilva 28. Szőlő 29. Tojás 30. Uborka 31. Újhagyma, csomós 32. Vöröshagyma 33. Zöldpaprika | Az eljárás elektronikus katalógusra vonatkozó részletes szabályait a közbeszerzési dokumentumok tartalmazzák. Ajánlatkérő a Kbt. 50. §. (2) d) foglalt követelményeknek a keretösszeg megadásával a hirdetményében (BT-24, II.1.4) pont) megfelel, tekintettel Kbt. 3. §. 18. foglaltakra. A részletes tételenkénti mennyiségeket az elektronikus katalógus tartalmazza. 2. RÉSZ: TEJ, TEJTERMÉKEK tétel termék megnevezése 1. Eidámi sajt 2. Főzőtejszín (növényi) 3. Gyümölcsös joghurt 4. Kaukázusi kefír 5. Kefír (kicsi) 6. Kefír (nagy) 7. Köményes sajt 8. Krémtúró 9. Laktózmentes tej 10. Tömlős natúr sajtkrém 11. Natúr, ömlesztett sajt 12. Laktózmentes natúr, ömlesztett sajt 13. Mini vaj 14. Natúr joghurt 15. Laktózmentes kemény sajt 16. Poharas kakaó 17. Poharas tej 18. Puding 19. Tej 2,8% 20. Tejföl 20% 21. Tejföl 22. Trappista sajt 23. Kenhető zsíros krémsajt 24. Túró, zsírszegény 25. Túrórudi, natúr 26. UH tej dobozos 1,5% | Az eljárás elektronikus katalógusra vonatkozó részletes szabályait a közbeszerzési dokumentumok tartalmazzák. Ajánlatkérő a Kbt. 50. §. (2) d) foglalt követelményeknek a keretösszeg megadásával a hirdetményében (BT-24, II.1.4) pont) megfelel, tekintettel Kbt. 3. §. 18. foglaltakra. A részletes tételenkénti mennyiségeket az elektronikus katalógus tartalmazza. 3. RÉSZ: SÜTŐIPARI TERMÉKEK tétel termék megnevezése 1. Bécsi fánk 2. Briós 3. Búrkifli 4. Élesztő 5. Fatörzs 6. Félbarna kenyér 7. Teljes kiőrlésű (korpás) kifli 8. Kuglóf 9. Magos zsemle 10. Mini fonott kalács 11. Mini sajtos rúd 12. Mini túrós táska 13. Pogácsa (sajtos, korpás) 14. Sajtos perec 15. Sajtos-tökmagvas kocka 16. Tejes kifli 17. Vizes zsemle 18. vegán kalács | Az eljárás elektronikus katalógusra vonatkozó részletes szabályait a közbeszerzési dokumentumok tartalmazzák. Ajánlatkérő a Kbt. 50. §. (2) d) foglalt követelményeknek a keretösszeg megadásával a hirdetményében (BT-24, II.1.4) pont) megfelel, tekintettel Kbt. 3. §. 18. foglaltakra. A részletes tételenkénti mennyiségeket az elektronikus katalógus tartalmazza. 4. RÉSZ: MIRELIT TERMÉKEK tétel termék megnevezése ZÖLDSÉG, GYÜMÖLCS 1. Almacsík „M” 2. Brokkoli „M” 3. Burgonyakrokett „M” 4. Császármorzsa „M” 5. Húsleveszöldség „M” 6. Ízes derelye „M” 7. Kapor „M” 8. Karalábé „M” 9. Karfiol „M” 10. Kelbimbó „M” 11. Kukorica „M” 12. Leveles tészta „M” 13. Mákkal töltött nudli „M” 14. Mexikói saláta „M” 15. Nudli „M” 16. Paraj „M” 17. Petrezselyem gyökér „M” 18. Petrezselyemzöld „M” 19. Röszti „M” 20. Sárgarépa „M” 21. Sóska „M” 22. Sütőtök „M” 23. Szilvás gombóc „M” 24. Tök „M” 25. Túrós derelye „M” 26. Túróval töltött nudli „M” 27. Vegyes főzelék „M” 28. Zellerkocka „M” 29. Zöldbab „M” 30. Zöldborsó „M” BAROMFIFÉLÉK, HALAK 31. Csirkecomb egész „M” 32. Csirkecomb felső „M” 33. Csirkemáj „M” 34. Csirkemellfilé „M” 35. Csirkezúza „M” 36. Pulykamáj „M” 37. Pulykamellfilé „M” 38. Halászlé sűrítmény „M” 39. Hekktörzs „M” 40. Panírozott halrudacskák „M” 41. Ponty szelet „M” 42. Halfilé „M” | Az eljárás elektronikus katalógusra vonatkozó részletes szabályait a közbeszerzési dokumentumok tartalmazzák. Ajánlatkérő a Kbt. 50. §. (2) d) foglalt követelményeknek a keretösszeg megadásával a hirdetményében (BT-24, II.1.4) pont) megfelel, tekintettel Kbt. 3. §. 18. foglaltakra. A részletes tételenkénti mennyiségeket az elektronikus katalógus tartalmazza. 5. RÉSZ: FRISS HÚSIPARI, FELVÁGOTT TERMÉKEK tétel termék megnevezése FRISS TŐKEHÚS 1. Füstölt csülök 2. Marha színhús 3. Sertés csülök 4. Sertés oldalas 5. Sertés tarja 6. Sertéscomb csont és bőr nélkül 7. Sertésdagadó 8. Sertéskaraj csont nélkül FELVÁGOTTAK, HÚSIPARI TERMÉKEK 9. Baromfi virsli 10. Bacon, szeletelt 11. Cserkészkolbász 12. Kópé szelet 13. Csirkemájas 14. Csirkemell csemege 15. Gluténmentes kenőmájas 16. Kenyérszalonna 17. Krinolin 18. Lecsókolbász 19. Májas hurka 20. Mozaik baromfi felvágott 21. Párizsi 22. Pecsenye sütnivaló kolbász 23. Pulyka pizza szelet 24. Pulykamell sonka 25. Sonkás felvágott 26. Tepertőkrém 27. Turista szalámi 28. Véres hurka 29. Zala felvágott 30. Száraz csemegeszalámi | Az eljárás elektronikus katalógusra vonatkozó részletes szabályait a közbeszerzési dokumentumok tartalmazzák. Ajánlatkérő a Kbt. 50. §. (2) d) foglalt követelményeknek a keretösszeg megadásával a hirdetményében (BT-24, II.1.4) pont) megfelel, tekintettel Kbt. 3. §. 18. foglaltakra. A részletes tételenkénti mennyiségeket az elektronikus katalógus tartalmazza. 6. RÉSZ: FŰSZÉRT ÉS EGYÉB TERMÉKEK tétel termék megnevezése KONZERVEK 1. Gomba konzerv 2. Lecsó konzerv 3. Paradicsompüré SAVANYÚSÁG 4. Almapaprika 5. Céklacsíkok 6. Csalamádé 7. Csemege uborka BEFŐTTEK 8. Befőtt ananász 9. Befőtt cseresznye magozott 10. Befőtt alma (diabetikus) 11. Befőtt meggy (diabetikus) 12. Befőtt meggy magozott 13. Befőtt őszibarack HÚSKONZERVEK 14. Csirkehúsos pástétom 15. Húspótló növényi pástétom 16. Készétel konzerv 1. kat. 17. Készétel konzerv 2. kat. 18. Készétel konzerv 3. kat. 19. Májkrém szárnyas 20. Sertésmájkrém 21. Bébiétel több ízben MALOMIPARI TERMÉKEK 22. Búzadara 23. Búzakorpa étkezési 24. Liszt 25. Rizs 26. Rizsliszt 27. Zsemlemorzsa FŰSZEREK 28. Babérlevél 29. Bazsalikom 30. Bors, fekete őrölt 31. Curry 32. Ételecet 20% 33. Fahéj őrölt 34. Gyros fűszerkeverék 35. Kókuszreszelék 36. Kakukkfű, morzsolt 37. Koriander, őrölt 38. Köménymag 39. Majoranna morzsolt 40. Oregánó 41. Paprika fűszer 42. Rozmaring, morzsolt 43. Só, jódozott 44. Sütőpor 45. Szárított petrezselyemzöld 46. Szegfűszeg 47. Szerecsendió 48. Tárkony 49. Tzatziki por 50. Vaníliás cukor CUKOR ÉS ÉDESIPARI TERMÉKEK 51. Babapiskóta 52. reszelt citromhéj 53. Citromlé 54. Csokiparány 55. Diabetikus jam 56. Diabetikus köleskása 57. Diabetikus müzliszelet 58. Diabetikus ostyaszelet 59. Gyümölcsös müzliszelet 60. Háztartási keksz 61. Jam 62. Gyümölcsös-müzlis omlós keksz 63. teljes kiőrlésű gabonás keksz 64. Kristálycukor 65. Kukoricakeményítő 66. Mazsola 67. Méz 68. Méz diabetikus 69. Mokka cukor 70. Nápolyi 71. Porcukor 72. Szaloncukor 73. Vanilia ízű pudingpor 74. Zabkása almával és mazsolával SZÁRAZTÉSZTÁK 75. Barna rizs 76. Bulgur 77. Csőtészta (kagylótészta, szarvacska, spagetti, rövidcső, orsó) 78. Dörzstarhonya 79. Fehérjeszegény tészta (kocka, spagetti, szélesmetélt, cső) 80. Köles 81. Kusz-kusz 82. Levestészta (kiskocka, cérnametélt, kiskagyló, ABC) 83. Nagy kocka tészta 84. Penne tészta 85. Szélesmetélt 86. Tarhonya ZSIRADÉKOK 87. Margarin 20 g 88. Étolaj 1/1 89. Margarin 10 g 90. Margarin csészés 91. Margarin 0,25 kg 92. Sütőmargarin KÉNYELMI TERMÉKEK 93. Ásványvíz szénsavas 94. Ásványvíz szénsavmentes 95. Filteres tea 96. Gyümölcslé, 0,2 l 97. Gyümölcslé, 1/1 98. Gyümölcslé 100% ananászlé 99. Kávé, őrölt 100. Teaízesítő 101. Brokkolikrémleves 102. Burgonyapüre por 103. Chili Con Carne alap 104. Csoki (nyúl - télapó) 105. Csontleves alap 106. Darált mák 107. Dejó 108. Ecetes torma 109. Édesfelfújt alap 110. Ételízesítő 111. Flekken fűszerkeverék 112. Fokhagymakrémleves 113. Folyékony édesítő 114. Gluténmentes extrudált kenyér 115. Gluténmentes ételsűrítő 116. Gluténmentes liszt 117. Gluténmentes száraztészta 118. Gluténmentes zsemlemorzsa 119. Gombakrémleves 120. Grill fűszerkeverék 121. Gulyásleves alap 122. 5 gabonás gombóc 123. Ízvarázs zöldséges 124. Kakaópor 125. Karfiolkrémleves 126. Kínai édes-savanyú alap 127. Köret és zöldség fűszerkeverék 128. Lenmag 129. Levesgyöngy 130. Májgombóc levesbetét 131. Majonéz 132. Marha húsleves alap 133. Mustár 134. Olasz paradicsomos alap bolognaihoz 135. Paprikakrém 136. Pizzakrém 137. Póréhagymakrémleves 138. Sómentes csontleves 139. Sómentes ételízesítő 140. Sómentes marhaerőleves 141. Sómentes tyúkhúsleves 142. Spárgakrémleves 143. Sütésálló lekvár 144. Sütőtök krémleves 2kg 145. Szárnyas fűszerkeverék 146. Szárnyaskrémleves 147. Szezámmag 148. Szója kocka 149. Tojáspor 150. Tyúkhúsleves alap 151. Zellerkrémleves 152. Zöldségerőleves alap 153. Instant kakaós italpor 154. Diabetikus pótkávé 155. Édesített pótkávé 156. Gyümölcspép 157. Instant tea 158. Instant tea diabetikus 159. Kakaós gabonapehely 160. Mézes - magvas szelet",Zala Vármegyei Szent Rafael Kórház,HUN,zmkorhaz@zmkorhaz.hu,,2026-07-07+02:00,,HUN | HUN | HUN | HUN | HUN | HUN,https://ted.europa.eu/en/notice/-/detail/465133-2026,2026-08-27T21:34:02+00:00,e3c00211df1d107c83da594b2e48e84ccc7d0bab49bb08a68c7434658ee23196,LIVE,OFFICIAL_PUBLISHED_NOTICE,True,True,QUALIFIED_OFFICIAL_PROCUREMENT,精确产品词与食品采购语境同时命中
ted_eu,OFFICIAL_PROCUREMENT,CHILI,chili,553724-2026,Poland – Miscellaneous food products – ZP/CZD/091/26 Dostawa produktów sypkich i przypraw -2 pakiety,"Przedmiotem zamówienia jest dostawa produktów sypkich: 1. Barszcz biały 2. Batonik biszkoptowy z nadzieniem 3. Biszkopty-ciasteczka 4. Budyń waniliowy / śmietankowy bez cukru 5. Chrupki kukurydziane 6. Ciasteczka zbożowe 7. Ciasteczka kruche 8. Ciasteczka słone 9. Cukier kryształ biały 10. Cukier brązowy 11. Cukier puder 12. Cukier waniliowy opakowanie 13. Gorzka czekolada 14. Fasola biała, średnia 15. Galaretka owocowa 16. Glukoza 17. Groch łuskany 18. Herbatniki 19. Herbata liściasta czarna 20. Herbata ekspresowa czarna w torebkach ze sznureczkiem 21. Herbata czarna ekspresowa . 22. Herbata expresowa owocowa, 23. Herbata expresowa zielon 24. Herbata z suszu owocowego 25. Jajko z niespodzianką 26. Kakao naturalne 27. Kasza gryczana prażona 28. Kasza jaglana 29. Kasza jęczmienna drobna 30. Kasza kukurydziana 31. Kasza manna 32. Kasza pęczak 33. Kawa mielona 34. Kawa rozpuszczalna 35. Kawa zbożowa rozpuszczalna 36. Kisiel bez cukru 37. Kotlety sojowe 38. Koncentrat kremu cukierniczego 40. Kleik ryżowy dla niemowląt 41. Mak niebieski 42. Mak biały 43. Makaron lasagne 44. Makaron cannelloni 45. Makaron conchiglioni 46. Makaron kokardki 47. Makaron nitki cięte 48. Makaron spaghetti 49. Makaron świderki 50. Makaron zacierki 51. Makaron razowy/pełnoziarnisty 52. Makaron kolorowy, 53. Mąka kukurydziana, 54. Mąka pszenna typ 450 55. Mąka orkiszowa 56. Mąka ziemniaczana 57. Migdały płatki 58. Mleko w proszku 59. Mleko skondensowane słodzone 60. Krem z octu balsamicznego 61. Ocet balsamiczny 62. Ocet jabłkowy 63. Otręby pszenne 64. Orzechy włoskie łuskane 65. Wafle ryżowe naturalne 66. Pieczywo chrupkie lekkie żytnie 67. Wafle kukurydziane 68. Płatki kukurydziane bez glutenu 69. Płatki owsiane błyskawiczne 70. Płatki jęczmienne 71. Płatki ryżowe 72. Pestki dyni łuskane 73. Rodzynki 74. Ryż długi ziarnisty biały 75. Ryż brązowy 76. Soda oczyszczona 77. Sól jodowana 78. Suchary bez cukru 79. Słonecznik łuskany 80. Sezam nasiona 81. Spody z ciasta kruchego do babeczek, 82. Śliwki suszone 83. Usztywniacz do bitej śmietany 84. Żelatyna spożywcza 85. Wafle gryczane/jęczmienne/owsiane bez dodatku 86. Wafle tortowe 87. Wafelki przekładane, 88. Wafle andruty opłatkowe, 89. Paluszki 90. Kasza Bulgur 91. Soczewica 92. Kasza Kuskus 93. Żurawina suszona 94. Susz warzywny 95. Grzyby suszone 96. Cieciorka 97. Rurki kruche 98. Pinsa 99. Tortilla 100. Posypka cukiernicza 101. Nasiona Chia 102. Wiórki kokosowe 103. Musy owocowe 104. Batoniki z nadzieniem mlecznym 105. Makaron ryżowy Szczegółowe informacje na temat zakresu zawarte są w zał. nr 1, 2 i 5 do SWZ. | Przedmiotem zamówienia jest dostawa przypraw: 1. Amoniak 2. Aromaty do ciast 3. Bazylia suszona 4. Curry 5. Chili 6. Cynamon 7. Gałka muszkatołowa 8. Goździki 9. Imbir mielony 10. Uniwersalna przyprawa do potraw 11. Kwasek cytrynowy 12. Kumin, kmin rzymski 13. Kardamon 14. Kminek 15. Liście laurowe 16. Majeranek 17. Mięta suszona mielona 18. Oregano suszone 19. Papryka ostra mielona 20. Papryka słodka mielona 21. Proszek do pieczenia 22. Pieprz czarny mielony 23. Przyprawa do ryb 24. Przyprawa do gyrosa 25. Przyprawa do dań kuchni chińskiej 26. Przyprawa do dań kuchni meksykańskiej 27. Przyprawa do dań kuchni arabskiej 28. Pomidory suszone z ziołami i czosnkiem 29. Przyprawa do piernika 30. Tymianek 31. Trawa cytrynowa cięta 32. Ziele angielskie 33. Zioła prowansalskie 34. Kurkuma 35. Kostki rosołowe lub bulionowe Szczegółowe informacje na temat zakresu zawarte są w zał. nr 1, 2 i 5 do SWZ.","Instytut ""Pomnik-Centrum Zdrowia Dziecka""",POL,zamowienia.publiczne@ipczd.pl,,2026-08-10+02:00,2026-09-07+02:00 | 2026-09-07+02:00,POL | POL,https://ted.europa.eu/en/notice/-/detail/553724-2026,2026-08-27T21:34:02+00:00,e3c00211df1d107c83da594b2e48e84ccc7d0bab49bb08a68c7434658ee23196,LIVE,OFFICIAL_PUBLISHED_NOTICE,True,True,QUALIFIED_OFFICIAL_PROCUREMENT,精确产品词与食品采购语境同时命中
ted_eu,OFFICIAL_PROCUREMENT,CHILI,paprika,497369-2024,"Hungary – Food, beverages, tobacco and related products – Élelmiszeripari termékek és alapanyagok beszerzése","Hús és húskészítmények Szállítás gyakorisága: hetente 3 alkalom Megnevezés / 1 éves felhasználás mennyisége/ Mennyiségi egység Szarvas apróhús 20 kg Marha színhús: lapocka csont nélkül 250 kg nyak 350 kg rostélyos csont nélkül 150 kg Sertéshúsrészek: tarja csont nélkül 1 400 kg comb csont nélkül 400 kg lapocka csont nélkül 2 600 kg karaj csont nélkül 200 kg oldalas (csíkozva) 300 kg Köröm (megrendelés db-ban) 150 kg malackaraj bőrős, csont nélkül 30 kg dagadó csont nélkül 400 kg húsos csont 100 kg fehér csont 400 kg csontozott csülök 60 kg bőrke (kocsonyahús) 30 kg Sertés zsír 50 kg Sertés belsőség: pacal (csíkozott,fagyasztott,előfőzött) 70 kg Füstölt sertéshús: tarja 400 kg csülök 20 kg marha nyelv 20 kg Szalonnafélék: bacon 30 kg főtt császár 450 kg csécsi 100 kg füstölt csemege szalonna 300 kg erdélyi 250 kg kolozsvári 30 kg Sertéshúskészítmény: tepertő 120 kg disznósajt 100 kg krinolin műbeles 300 kg Frankfurti virsli ,vagy azzal azonos minőség (megrendelés db-ban) 1 000 kg Sonkafélék: sonkaszalámi 200 kg csülöksonka 20 kg pizzasonka 240 kg gépsonka 40 kg szendvicssonka 20 kg Májkészítmények: Gyulai kenőmájas, vagy azzal azonos minőség 250 kg bácskai hurka 200 kg májas hurka 40 kg Véres hurka 40 kg Kolbászfélék: sütnivaló 40 kg debreceni (megrendelés db-ban) 400 kg parasztkolbász 50 kg lecsókolbász 180 kg cserkész 50 kg gyulai páros 10 kg Szalámik: paprikás 40 kg csemege 40 kg téli 10 kg Marhafelvágott : párisi 220 kg Sertésfelvágott: olasz 280 kg zalai 450 kg zöldséges 200 kg soproni 350 kg párisi 100 kg mortadella 180 kg löncs felvágott 300 kg göngyölt sült császár 20 kg csemege karaj 40 kg turista 350 kg Baromfihús és készítményei: Csirkehús előhűtött: alsó comb (megrendelés db-ban) 80 kg felső comb (16-18 dkg)(megrendelés db-ban) 1 000 kg egész comb (megrendelés db-ban) 1 000 kg felsőcomb filé 100 kg mellfilé 450 kg szárny (megrendelés db-ban) 220 kg Pulykahús előhűtött felsőcomb filé 200 kg mellfilé 250 kg Liba előhűtött: szárnytő (megrendelés db-ban) 80 kg felső comb (megrendelés db-ban) 150 kg Baromfifelvágott és készítmény: baromfipárisi 250 kg baromfi mozaik 300 kg pulykasonka 200 kg pulykapárisi 250 kg füstölt pulykapárisi 180 kg csirkemell sonka 80 kg Zsiradékok: étkezési libazsír 0,5 kg-os 300 kg Mélyhűtött termékek: pulykazúza 30 kg csirkemáj szív nélkül 300 kg A terméklista megnevezés oszlopában meghatározott minimum elvárásként előírtaktól és az előírt teljes mennyiségtől eltérni nem lehet. Az egyes termékeknél meghatározott gyártmányra, típusra történő hivatkozások csak a közbeszerzés tárgyának, minőségi követelményeinek egyértelmű és közérthető meghatározása érdekében történtek, a 321/2015.(X.30.) Korm. rend. 46. § (3) bekezdése értelmében ajánlatkérő azzal mindenben egyenértékű terméket elfogad. A megajánlott terméknek az előírttal egyenértékű műszaki paraméterekkel kell rendelkeznie és annak típusát ajánlattevőnek a szakmai ajánlatban meg kell adnia. Az egyenértékűség bizonyítása az ajánlattevő feladata. | Mélyfagyasztott termékek Szállítás gyakorisága: hetente 3 alkalom Megnevezés / 1 éves felhasználás mennyisége/ Mennyiségi egység szilvás gombóc 150 kg sárgabarackos gombóc 80 kg szilvalekváros derelye 200 kg császármorzsa 50 kg nudli 160 kg túrós derelye 60 kg gesztenye massza 1 kg-os 50 kg szalagos fánk (baracklekvárral töltve) 50 kg baromfi vagdalt 50 kg Leveles tészta (24x500g) 120 kg Fagyasztott gyümölcsök alma kocka 600 kg meggy magozott 750 kg őszibarack felezett 50 kg szilva felezett 100 kg szamóca 60 kg egres 40 kg málna 30 kg erdei gyümölcs mix 30 kg Fagyasztott zöldségek zöldborsó 1 800 kg sárgahüvelyű zöldbab 1 200 kg karfiol rózsa 600 kg brokkoli 600 kg sárgarépakocka 1 000 kg gyökérkocka 1 000 kg zellerkocka 350 kg karalábékocka 250 kg cukkini kocka 30 kg kelbimbó 10 kg kukorica morzsolt 60 kg húsleves zöldség 40 kg gyalult tök 1 200 kg parajkrém 360 kg sóskakrém 150 kg petrezselyemzöld 1 kg-os 10 kg kapor 1 kg-os 10 kg francia zöldségkeverék 100 kg mexikói keverék 40 kg lecsó keverék (paprika,paradicsom) kockázott 20 kg fejtett bab 300 kg fokhagyma gerezdek (tisztított) 40 kg sütőtök kocka 200 kg Hal és halkészítmények Afrikai harcsafilé (bőr nélkül) 380 kg Pangasius halfilé, vagy azzal azonos minőség 60 kg Halászlé sűrítmény 200 gr. 250 db Ponty belsőség 40 kg A terméklista megnevezés oszlopában meghatározott minimum elvárásként előírtaktól és az előírt teljes mennyiségtől eltérni nem lehet. Az egyes termékeknél meghatározott gyártmányra, típusra történő hivatkozások csak a közbeszerzés tárgyának, minőségi követelményeinek egyértelmű és közérthető meghatározása érdekében történtek, a 321/2015.(X.30.) Korm. rend. 46. § (3) bekezdése értelmében ajánlatkérő azzal mindenben egyenértékű terméket elfogad. A megajánlott terméknek az előírttal egyenértékű műszaki paraméterekkel kell rendelkeznie és annak típusát ajánlattevőnek a szakmai ajánlatban meg kell adnia. Az egyenértékűség bizonyítása az ajánlattevő feladata. | Zöldség, gyümölcs és tojás Szállítás gyakorisága: hetente 3 alkalom Megnevezés / 1 éves felhasználás mennyisége/ Mennyiségi egység Burgonya 15 000 kg Tisztított burgonya 500 kg Kifli burgonya 50 kg Uborka kígyó 800 kg Gomba 500 kg Jégcsapretek 300 kg Fokhagyma 200 kg Vöröshagyma 4 000 kg Lilahagyma 300 kg Sütőtök 120 kg Gyökér 20 kg Sárgarépa 2 800 kg Karalábé 550 kg Zellergumó 1 000 kg Alma 5 000 kg Kiwi (megrendelés db-ban) 30 kg Nektarin (megrendelés db-ban) 500 kg Cseresznye 350 kg Meggy 250 kg Földieper 250 kg Sárgabarack 250 kg Körte (megrendelés db-ban) 2 500 kg Mandarin (megrendelés db-ban) 800 kg Narancs (megrendelés db-ban) 1 500 kg Citrom 150 kg Őszibarack (megrendelés db-ban) 400 kg Banán (megrendelés db-ban) 6 000 kg Szilva 200 kg Szőlő csemege 400 kg Dinnye, görög 700 kg Dinnye, sárga 650 kg Gyömbér 10 kg Hónapos retek 720 csomó Újhagyma 1 200 csomó Póréhagyma 500 db Fejes saláta 700 db Jégsaláta 15 db Lolo rosso 20 db Fejes káposzta 800 kg Lila káposzta 200 kg Kelkáposzta 1 000 kg Savanyú káposzta levél 120 kg Savanyú káposzta szálas 550 kg Ecetben tartósított zöldségek (kg-os kiszerelés) kovászos uborka 620 kg ecetes almapaprika édes 80 kg vegyes vágott savanyúság 200 kg ecetes cékla 500 kg csemege uborka 50 kg ecetes dinnye 120 kg káposztával töltött almapaprika édes 25 kg Paradicsom (megrendelés db-ban) 3 000 kg TV paprika (megrendelés db-ban) 800 kg Lecsó paprika 400 kg Kápia paprika 400 kg Kaliforniai paprika 40 kg Hegyes erős 20 db Szárazbab 50 kg Lencse 100 kg Feles borsó 100 kg Árpagyöngy 10 kg Étkezési mák DARÁLVA 40 kg Dióbél 120 kg Cukkini 150 kg petrezselyem zöld 3 200 csomó Francia petrezselyem zöld 20 csomó snidling 80 db bazsalikom 10 csomó zeller zöld 350 csomó kapor 650 csomó Tojás Tojás (fertőtlenített, M-es méretű) 40 000 db A terméklista megnevezés oszlopában meghatározott minimum elvárásként előírtaktól és az előírt teljes mennyiségtől eltérni nem lehet. Az egyes termékeknél meghatározott gyártmányra, típusra történő hivatkozások csak a közbeszerzés tárgyának, minőségi követelményeinek egyértelmű és közérthető meghatározása érdekében történtek, a 321/2015.(X.30.) Korm. rend. 46. § (3) bekezdése értelmében ajánlatkérő azzal mindenben egyenértékű terméket elfogad. A megajánlott terméknek az előírttal egyenértékű műszaki paraméterekkel kell rendelkeznie és annak típusát ajánlattevőnek a szakmai ajánlatban meg kell adnia. Az egyenértékűség bizonyítása az ajánlattevő feladata. | Pékáru Szállítás gyakorisága: naponta az alábbi 3 telephelyre: 1182 Budapest, Alacskai út 22. 1092 Budapest, Mészáros Lőrinc utca 26. 1201 Budapest, Virág Benedek utca 36. Megnevezés / 1 éves felhasználás mennyisége/ Mennyiségi egység Kenyér félbarna szeletelt 1 kg-os 17 000 kg teljes őrlésű szeletelt 1 kg-os 4 000 kg teljes őrlésű formakenyér, szeletelt 1 kg-os 7 000 kg Zsemle vizes 54 g-os 36 000 db mini zsemle 20 g-os 60 db Kifli tejes 44 g-os 5 000 db Baguette 0,5 kg-os 10 db Elkészített péksütemények db-os fonott kalács 0,5 kg-os 3 000 db kuglóf 0,5 kg-os 1 800 db édes aprósütemény 20 kg sós aprópogácsa 30 kg sajtos pogácsa 100 g-os 500 db fatörzs kifli 100 g-os 4 000 db briós 100 g-os 4 000 db puffancs 100 g-os 3 500 db Élesztő 0,5 kg-os 10 kg Cukrászati termékek Kókusz kocka 100 g-os 300 db Piskóta kocka 100 g-os 2 500 db Ízes pikóta tekercs 80 g-os 350 db Linzer karika 100 g-os 1 050 db Ischler 100 g-os 1 050 db Csokoládé torta szelet 120 g-os 1 000 db Gesztenye torta szelet 120 g-os 300 db Gyümölcsös túrótorta szelet 120 g-os 560 db Diabetikus cukrászsütemény (A diabetikus cukrászsüteményeknél a cukrot kérjük helyettesíteni szacharinnal vagy ezzel azonos minőségű édesítőszerrel.) Diabetikus linzer v. ischler 80 g-os 200 db Diabetikus csokoládé torta szelet 100 g-os 200 db A terméklista megnevezés oszlopában meghatározott minimum elvárásként előírtaktól és az előírt teljes mennyiségtől eltérni nem lehet. Az egyes termékeknél meghatározott gyártmányra, típusra történő hivatkozások csak a közbeszerzés tárgyának, minőségi követelményeinek egyértelmű és közérthető meghatározása érdekében történtek, a 321/2015.(X.30.) Korm. rend. 46. § (3) bekezdése értelmében ajánlatkérő azzal mindenben egyenértékű terméket elfogad. A megajánlott terméknek az előírttal egyenértékű műszaki paraméterekkel kell rendelkeznie és annak típusát ajánlattevőnek a szakmai ajánlatban meg kell adnia. Az egyenértékűség bizonyítása az ajánlattevő feladata. | Tej és tejtermékek Szállítás gyakorisága: naponta az alábbi két teljesítési helyszínre: 1182 Budapest, Alacskai út 22. 1201 Budapest, Virág Benedek utca 36 Megnevezés / 1 éves felhasználás mennyisége/ Mennyiségi egység Tej, 1,5 %-os zsírtartalmú, 5 literes 18 000 liter UHT tej 1,5 %-os 1 literes 7 000 liter Laktózmentes tej 1 literes 800 liter Főzőtejszín 20 %-os, 0,5 literes 700 liter Habalap (Hulala) 30 liter Tejföl 20% zsírtartalmú 5 literes 2 300 liter Tejföl 20 %-os poharas 3 000 pohár Laktózmentes tejföl poharas 120 pohár Kefir poharas 175 g-os 10 000 pohár Natur joghurt 5 literes 500 liter Natur joghurt 175 g-os 10 000 pohár Danon gyümölcs joghurt 125 gr. (különféle ízben) 6 000 pohár Zott szivecske joghurt 125 gr. (különféle ízben) 6 000 pohár Zott szivecske puding 125 gr. (különféle ízben) 4 000 pohár Tejszinhabos puding 175 gr. (különféle ízben 4 000 pohár Milli krémpuding 125 gr. (különféle ízben) 4 000 pohár UPDATE gyümölcs joghurt 1 600 pohár UPDATE krémpuding 2 000 pohár UPDATE túró desszert 7 000 db Vajkrém magyaros 250 g-os 200 kg Vajkrém natúr 250 g-os 200 kg Túró félzsíros 0,5 kg-os 100 kg Túró félzsíros 5 kg-os 700 kg Túrórudi pöttyös 30 g-os, vagy azzal azonos minőség 23 000 db Juhtúró 1 kg-os 30 kg 6 cikkelyes kockasajt natúr 200g/ doboz 50 doboz 8 cikkelyes kockasajt natúr 140g/ doboz 300 doboz Krémsajt 1 kg-os 230 kg Tömlős medvesajt 50 g-os 2 000 db Tömlős juhtúró 100 g-os 10 db Kemény sajtok gouda 170 kg edami 220 kg trappista 300 kg köményes 170 kg feta 10 kg ementáli 170 kg füstölt 150 kg FLÓRA light margarin 500 g-os 3 000 kg RÁMA tégla margarin 500 g-os 1 200 kg A terméklista megnevezés oszlopában meghatározott minimum elvárásként előírtaktól és az előírt teljes mennyiségtől eltérni nem lehet. Az egyes termékeknél meghatározott gyártmányra, típusra történő hivatkozások csak a közbeszerzés tárgyának, minőségi követelményeinek egyértelmű és közérthető meghatározása érdekében történtek, a 321/2015.(X.30.) Korm. rend. 46. § (3) bekezdése értelmében ajánlatkérő azzal mindenben egyenértékű terméket elfogad. A megajánlott terméknek az előírttal egyenértékű műszaki paraméterekkel kell rendelkeznie és annak típusát ajánlattevőnek a szakmai ajánlatban meg kell adnia. Az egyenértékűség bizonyítása az ajánlattevő feladata. | Vegyes termékek Szállítás gyakorisága: hetenti 1 alkalom Megnevezés / 1 éves felhasználás mennyisége/ Mennyiségi egység Szardínia, tépőzáras 125 g-os 2 500 db Szardínia, tépőzáras 125 g-os paradicsomos 1 000 db Májkészítmények sertésmájkrém 65 g-os, tépőzáras 3 000 db szárnyasmájkrém 65 g-os, tépőzáras 3 000 db Baromfihúsból készült termékek baromfi pástétom 50 g-os, tépőzáras 500 db Citromlé 1 literes 50%-os 1 800 db Citromlé 1 literes 100 %-os (RAUCH vagy azzal azonos minőségű) 100 db Tartósított és/vagy konzervált zöldség csemege uborka 5 l-es 20 db lecsó 5 l-es 180 db Paradicsompüré 5 kg-os (aranyfácán vagy azzal azonos minőség) 80 db Paradicsompüré 0,85 kg-os (aranyfácán vagy azzal azonos minőség) 80 db Gombakonzerv 5 l-es 10 db Kajszibarack jam 5kg-os 10 db Kajszibarack jam 1 kg-os 80 db Málnadzsem 40 dkg-os 150 db Vegyes gyümölcs íz ládás (sütésálló) 100 kg Mazsola 1 kg-os 20 kg Arany mazsola 1 kg-os 2 kg Napraforgó étolaj 1 l-es 3 000 db Olivaolaj 5 liter Kukoricadara 1 kg-os 80 kg Finomliszt 1 kg-os BL 55-ös 2 000 kg Rétesliszt 1 kg-os 30 kg Bulgur 500 kg Búzadara 1 kg-os 400 kg Hosszúszemű rizs, fényezetlen ""A"" minőségű 1 kg-os 1 300 kg Étkezési keményítő 5 kg Pudingpor 1 kg-os,csokoládé,vanília ízben 40 kg Gála pudingpor 8 dkg-os 20 cs Cukrozatlan UHT tejszinhab spray 700 ml-es (Debic) 20 db Méz kg-os 2 kg Méz, mini 25 g-os 3 200 db Kakaópor 1 kg-os szerencsi, holland, vagy azzal azonos minőség 40 kg Tejcsokoládé figura (mikulás, nyúl) 60 g-os 560 db Szaloncukor zselés ömlesztett 30 kg Szaloncukor Bonbonetti 350 g-os, zselés 550 db Szaloncukor Stühmer 350 g-os 100 dz Szaloncukor Milka 350 g-os 50 dz Cukor kristálycukor 1 kg-os 300 kg kockacukor 250 dkg-os 10 dz porcukor 1 kg-os 150 db Levesbetét Tomadini, vagy azzal azonos minőség cérnácska 300 kg cérnametélt 25 kg rizsszem 20 kg kis karika 200 kg kis csillag 200 kg kis kocka 150 kg gyöngy kagyló 100 kg betütészta 60 kg csigatészta 100 kg reszelt tészta (kézi tarhonya) 100 kg eperlevél 200 kg Körettészta Tomadini, vagy azzal azonos minőség összesen gépi tarhonya 200 kg kis könyök 100 kg orsó 150 kg kis cső 150 kg nagy kocka fodros 450 kg kis szarvacska 150 kg penne 40 kg Makaróni, Tomadini, vagy azzal azonos minőség 100 kg Metélt tészta, Tomadini vékony, vagy azzal azonos minőség 200 kg Spagetti, Tomadini, vagy azzal azonos minőség 100 kg Lasagne tészta 30 kg Capuccino (SWEETAB 3 in 1 fruktózzal) 25 dz Omnia kávé szemes 1 kg-os 20 kg Omnia kávé őrölt 250 g-os 10 csomag Pótkávé, cikória 5 kg-os 40 kg Konzum tea 250 g-os 30 kg Filteres gyümölcstea vegyes ízben MILFORD 150 doboz Tárkonyecet 0,5 l-es 5 db Ecet 1 l-es 20 %-os 60 db Mustár 0,92 kg-os 60 db Mustár 5 kg-os 40 db Majonéz 5 kg-os 20 db Ételízesítő-keverékek Knorr, vagy azzal azonos minőségű ételízesítő 1 kg-os SÓ NÉLKÜL 220 kg Knorr, vagy azzal azonos minőségű füstölt hús ízesítő 1 kg-os 5 kg Bors fekete egész 1 kg-os 1 kg Bors fekete őrölt 1 kg-os 20 kg Fehérbors 250 g-os 40 csomag Oregano 250 g-os 4 csomag Fahéj őrölt 250 g-os 25 csomag Fűszerpaprika csemege 1 kg-os 180 kg Köménymag őrölt 1 kg-os 12 kg Majoranna morzsolt 250 g-os 20 csomag Szegfűszeg 250 g-os, őrölt 20 csomag Bazsalikom 250 g-os 2 csomag Tárkony morzsolt 250 g-os 4 csomag Vaniliás cukor 1 kg-os 20 kg Babérlevél 250 g-os 16 csomag Szerecsendió őrőlt 250 g-os 10 csomag Só finomított, jódozott 1 kg-os 1 200 kg Halászlé kocka 10 dz Erős pista 200 g-os 10 db Gulyáskrém 2500 g-os 6 db Piros arany 2500 g-os 6 db Diétás termékek Poly Sweet 250 ml-es 2 200 db Édesítőpor (Pötyi vagy Süssina 75 g classic) 50 db glukonon 500 g-os 70 kg diabetikus miniméz 20 g-os 900 db Diabetikus befőttek 1 l-es alma 650 db meggy 500 db almapüré 260 db Diabetikus dzsem 200 g-os, sárgabarack 400 db Diabetikus minijam 20 g-os 900 db Diabetikus csoki figura (mikulás, nyúl) 30 g. 120 db Diabetikus szaloncukor 250 g-os 100 csomag Befőttek alma 5 l-es 180 db alma 1 l-es 20 db meggy, magozott 5 l-es 180 db meggy, magozott 1 l-es 20 db őszibarack 5 l-es 300 db Ketchup 5 kg-os 15 db Ketchup 0,92 kg-os 60 db Ecetes torma 5 kg-os 5 db Olajbogyó (fekete, magazott) 5 db Minijam 25 g-os, meggy, sárgabarack, őszibarack ízben 3 200 db Szódabikarbóna 50 g-os 60 csomag Sütőpor 1 kg-os 2 kg Sütőrum 1 literes 5 liter Háztartási keksz 1 kg-os 50 kg Babapiskóta 250 g-os 10 csomag Sós aprósütemény (Benei) 10 kg Édes teasütemény (Benei) 150 kg Győri édes keksz 320 csomag Győri kismackó 320 db Piskóta szelet (csomagolt 280 g-os) 26 000 db Cukormentes piskóta szelet (250 g-os, Norbi update vagy azzal azonos minőségű) 7 000 db Sós keksz (kréker) 100 g-os 320 csomag Réteslap 40 csomag Zsemlemorzsa 0,5 kg-os 250 kg Levesgyöngy 70 kg Gyümölcs ivólé sűritmény, Grand Gold Juice, vagy azzal azonos minőségű 1 l-es, narancs, grape-fruit, ananász 36 db Ásványvíz 1,5 l-es szénsavas, mentes 1 600 db Ásványvíz 0,33 l-es Theodora (műanyag flakonos) szénsavas 600 db Ásványvíz 0,33 l-es Theodora (műanyag flakonos) szénsav mentes 120 db Sportkupakos ízesített víz 0,5 literes 250 db Szénsavas üdítő 0,5 l-es (fanta, coca-cola, tonik) 250 db Szörp (narancs, bodza) 0,5 literes 100 liter Vörösbor (Varga Merlot édes) 120 db Pezsgő (Törley félédes, édes) 60 db Dobozos sör (Dreher) 60 db Alkoholmentes pezsgő 60 db Rostos gyümölcslé 1 l-es (szürt alma) 60 db Sió Vitatigris gyümölcslé 1 l-es 360 db Instant teapor Gast-Food 500 g-os (különféle ízben, 100 l tea elkészítéséhez) 1 800 csomag A terméklista megnevezés oszlopában meghatározott minimum elvárásként előírtaktól és az előírt teljes mennyiségtől eltérni nem lehet. Az egyes termékeknél meghatározott gyártmányra, típusra történő hivatkozások csak a közbeszerzés tárgyának, minőségi követelményeinek egyértelmű és közérthető meghatározása érdekében történtek, a 321/2015.(X.30.) Korm. rend. 46. § (3) bekezdése értelmében ajánlatkérő azzal mindenben egyenértékű terméket elfogad. A megaján",Fővárosi Önkormányzat Alacskai Úti Idősek Otthona,HUN,elelmezes@alacska.com,,2024-08-19+02:00,2024-09-19+02:00 | 2024-09-19+02:00 | 2024-09-19+02:00 | 2024-09-19+02:00 | 2024-09-19+02:00 | 2024-09-19+02:00,HUN | HUN | HUN | HUN | HUN | HUN,https://ted.europa.eu/en/notice/-/detail/497369-2024,2026-08-27T21:34:02+00:00,2916c7b43f4e129739cce98018252a005377b653dfc1fc425ec28f1806892205,LIVE,OFFICIAL_PUBLISHED_NOTICE,True,True,QUALIFIED_OFFICIAL_PROCUREMENT,精确产品词与食品采购语境同时命中
ted_eu,OFFICIAL_PROCUREMENT,CHILI,paprika,662175-2025,Hungary – Miscellaneous food products – Különféle élelmiszerek beszerzése 2026. évre,"Szállítási szerződés az alábbi élelmiszerek szállítására: 1. Tőkehúsok, húsrészek (sertés, marha) 11 500 kg szállítására. Részletes leírás, specifikáció a dokumentációban található. A 321/2015. Korm.r. 46.§ (3) bekezdése alapján a szerződés tárgya által indokoltan a műszaki leírás hivatkozik meghatározott gyártmányú, típusú, márkanevű termékre, árura. Ajánlatkérő megítélése szerint így lehetséges a szerződés tárgyának (2) bekezdés szerinti, kellően pontos és érthető leírása. Az ilyen megnevezés mellett a ""vagy azzal egyenértékű"" kifejezést kell szerepeltetni. Felhívjuk a figyelmet, hogy az egyenértékűség bizonyítása az ajánlattevő feladata. Amennyiben a teljes egyenértékűség nem áll fenn, akkor az ajánlatkérő az ajánlatot érvényteleníti a Kbt. 73. § (1) bekezdése e) pontja alapján, mivel ekkor a Kbt. 2.§ (2) bekezdése alapján nem biztosítható az ajánlattevők esélyegyenlősége. Az ajánlattevő által szállított élelmiszer termékeknek meg kell felelnie az élelmiszer termékek forgalomba hozatalára vonatkozó jogszabályoknak, valamint a Magyar Élelmiszerkönyv előírásainak. Ajánlattevő kizárólag I. osztályú minőségű árura vonatkozóan tehet árajánlatot, illetve az Ajánlatkérő csak I. osztályú minőségű árut fogad el. | Szállítási szerződés az alábbi élelmiszerek szállítására: 2. Húskészítmények (sertés, marha, baromfi) 13 000 kg, 4 000 db Így különösen: összesen 13 000 kg felvágottak, sonkák, különböző virslik, lecsókolbász, krinolin, kenőmájas, és 2000 db mini májas, 1000 db szeletelt külön csomagolt szalámi, kolbász, 1000 db szeletelt külön csomagolt gépsonka és pulyka párizsi felvágott. Részletes leírás, specifikáció a dokumentációban található. A 321/2015. Korm.r. 46.§ (3) bekezdése alapján a szerződés tárgya által indokoltan a műszaki leírás hivatkozik meghatározott gyártmányú, típusú, márkanevű termékre, árura. Ajánlatkérő megítélése szerint így lehetséges a szerződés tárgyának (2) bekezdés szerinti, kellően pontos és érthető leírása. Az ilyen megnevezés mellett a ""vagy azzal egyenértékű"" kifejezést kell szerepeltetni. Felhívjuk a figyelmet, hogy az egyenértékűség bizonyítása az ajánlattevő feladata. Amennyiben a teljes egyenértékűség nem áll fenn, akkor az ajánlatkérő az ajánlatot érvényteleníti a Kbt. 73. § (1) bekezdése e) pontja alapján, mivel ekkor a Kbt. 2.§ (2) bekezdése alapján nem biztosítható az ajánlattevők esélyegyenlősége. Az ajánlattevő által szállított élelmiszer termékeknek meg kell felelnie az élelmiszer termékek forgalomba hozatalára vonatkozó jogszabályoknak, valamint a Magyar Élelmiszerkönyv előírásainak. Ajánlattevő kizárólag I. osztályú minőségű árura vonatkozóan tehet árajánlatot, illetve az Ajánlatkérő csak I. osztályú minőségű árut fogad el. Ajánlattevő köteles a megajánlott termékek olyan termékspecifikációs lapját, gyártmánylapját becsatolni, amely tartalmazza a következő összetevőket: telített zsírsav-, zsír-, energia- fehérje-, szénhidrát-, cukor- és sótartalom, valamit allergén összetevők. | Szállítási szerződés az alábbi élelmiszerek szállítására: 3. Baromfihúsok, húsrészek 6200 kg Részletes leírás, specifikáció a dokumentációban található. A 321/2015. Korm.r. 46.§ (3) bekezdése alapján a szerződés tárgya által indokoltan a műszaki leírás hivatkozik meghatározott gyártmányú, típusú, márkanevű termékre, árura. Ajánlatkérő megítélése szerint így lehetséges a szerződés tárgyának (2) bekezdés szerinti, kellően pontos és érthető leírása. Az ilyen megnevezés mellett a ""vagy azzal egyenértékű"" kifejezést kell szerepeltetni. Felhívjuk a figyelmet, hogy az egyenértékűség bizonyítása az ajánlattevő feladata. Amennyiben a teljes egyenértékűség nem áll fenn, akkor az ajánlatkérő az ajánlatot érvényteleníti a Kbt. 73. § (1) bekezdése e) pontja alapján, mivel ekkor a Kbt. 2.§ (2) bekezdése alapján nem biztosítható az ajánlattevők esélyegyenlősége. Az ajánlattevő által szállított élelmiszer termékeknek meg kell felelnie az élelmiszer termékek forgalomba hozatalára vonatkozó jogszabályoknak, valamint a Magyar Élelmiszerkönyv előírásainak. Ajánlattevő kizárólag I. osztályú minőségű árura vonatkozóan tehet árajánlatot, illetve az Ajánlatkérő csak I. osztályú minőségű árut fogad el. | Szállítási szerződés az alábbi élelmiszer szállítására: 4. Tej, tejtermékek 31 020 l, 53 500 db, 2000 doboz, 2765 kg Így különösen: összesen 31 020 l tej, tejföl, joghurt, kefír, habtejszín, összesen 53 500 db tej, joghurt, kefír (poharas), mini margarin, túró rudi, tejszelet, 2000 doboz kockasajt, 2765 kg különböző sajtok, tehéntúró. Részletes leírás, specifikáció a dokumentációban található. A 321/2015. Korm.r. 46.§ (3) bekezdése alapján a szerződés tárgya által indokoltan a műszaki leírás hivatkozik meghatározott gyártmányú, típusú, márkanevű termékre, árura. Ajánlatkérő megítélése szerint így lehetséges a szerződés tárgyának (2) bekezdés szerinti, kellően pontos és érthető leírása. Az ilyen megnevezés mellett a ""vagy azzal egyenértékű"" kifejezést kell szerepeltetni. Felhívjuk a figyelmet, hogy az egyenértékűség bizonyítása az ajánlattevő feladata. Amennyiben a teljes egyenértékűség nem áll fenn, akkor az ajánlatkérő az ajánlatot érvényteleníti a Kbt. 73. § (1) bekezdése e) pontja alapján, mivel ekkor a Kbt. 2.§ (2) bekezdése alapján nem biztosítható az ajánlattevők esélyegyenlősége. Az ajánlattevő által szállított élelmiszer termékeknek meg kell felelnie az élelmiszer termékek forgalomba hozatalára vonatkozó jogszabályoknak, valamint a Magyar Élelmiszerkönyv előírásainak. Ajánlattevő kizárólag I. osztályú minőségű árura vonatkozóan tehet árajánlatot, illetve az Ajánlatkérő csak I. osztályú minőségű árut fogad el. Ajánlattevő köteles a megajánlott termékek olyan termékspecifikációs lapját, gyártmánylapját becsatolni, amely tartalmazza a következő összetevőket: telített zsírsav-, zsír-, energia- fehérje-, szénhidrát-, cukor- és sótartalom, valamit allergén összetevők. | Szállítási szerződés az alábbi élelmiszerek szállítására: 5. Sütőipari termékek 40 200 kg, 42 500 db Így különösen: összesen 40 200 kg kenyér, kalács, kuglóf, zsemlemorzsa, összesen 42 500 db különböző zsemle, kifli, rétes és különböző péksütemények. Részletes leírás, specifikáció a dokumentációban található. A 321/2015. Korm.r. 46.§ (3) bekezdése alapján a szerződés tárgya által indokoltan a műszaki leírás hivatkozik meghatározott gyártmányú, típusú, márkanevű termékre, árura. Ajánlatkérő megítélése szerint így lehetséges a szerződés tárgyának (2) bekezdés szerinti, kellően pontos és érthető leírása. Az ilyen megnevezés mellett a ""vagy azzal egyenértékű"" kifejezést kell szerepeltetni. Felhívjuk a figyelmet, hogy az egyenértékűség bizonyítása az ajánlattevő feladata. Amennyiben a teljes egyenértékűség nem áll fenn, akkor az ajánlatkérő az ajánlatot érvényteleníti a Kbt. 73. § (1) bekezdése e) pontja alapján, mivel ekkor a Kbt. 2.§ (2) bekezdése alapján nem biztosítható az ajánlattevők esélyegyenlősége. Az ajánlattevő által szállított élelmiszer termékeknek meg kell felelnie az élelmiszer termékek forgalomba hozatalára vonatkozó jogszabályoknak, valamint a Magyar Élelmiszerkönyv előírásainak. Ajánlattevő kizárólag I. osztályú minőségű árura vonatkozóan tehet árajánlatot, illetve az Ajánlatkérő csak I. osztályú minőségű árut fogad el. Ajánlattevő köteles a megajánlott termékek olyan termékspecifikációs lapját, gyártmánylapját becsatolni, amely tartalmazza a következő összetevőket: telített zsírsav-, zsír-, energia- fehérje-, szénhidrát-, cukor- és sótartalom, valamit allergén összetevők. | Szállítási szerződés az alábbi élelmiszerek szállítására: 6. Szárazáru, konzervek, egyéb élelmiszerek 45 900 db, 7222 l, 19106 kg Így különösen: összesen 45 900 db különböző konzervek, savanyúságok, befőttek, csokik, müzli szeletek, összesen 7222 l ecet, étolaj, ásványvíz, édesítőszer, citromlé, összesen 19 106 kg száraztészták, fűszerek, tea, kávé, pudingpor, liszt, cukor, rizs, stb. Részletes leírás, specifikáció a dokumentációban található. A 321/2015. Korm.r. 46.§ (3) bekezdése alapján a szerződés tárgya által indokoltan a műszaki leírás hivatkozik meghatározott gyártmányú, típusú, márkanevű termékre, árura. Ajánlatkérő megítélése szerint így lehetséges a szerződés tárgyának (2) bekezdés szerinti, kellően pontos és érthető leírása. Az ilyen megnevezés mellett a ""vagy azzal egyenértékű"" kifejezést kell szerepeltetni. Felhívjuk a figyelmet, hogy az egyenértékűség bizonyítása az ajánlattevő feladata. Amennyiben a teljes egyenértékűség nem áll fenn, akkor az ajánlatkérő az ajánlatot érvényteleníti a Kbt. 73. § (1) bekezdése e) pontja alapján, mivel ekkor a Kbt. 2.§ (2) bekezdése alapján nem biztosítható az ajánlattevők esélyegyenlősége. Az ajánlattevő által szállított élelmiszer termékeknek meg kell felelnie az élelmiszer termékek forgalomba hozatalára vonatkozó jogszabályoknak, valamint a Magyar Élelmiszerkönyv előírásainak. Ajánlattevő kizárólag I. osztályú minőségű árura vonatkozóan tehet árajánlatot, illetve az Ajánlatkérő csak I. osztályú minőségű árut fogad el. Ajánlattevő köteles a megajánlott termékek olyan termékspecifikációs lapját, gyártmánylapját becsatolni, amely tartalmazza a következő összetevőket: telített zsírsav-, zsír-, energia- fehérje-, szénhidrát-, cukor- és sótartalom, valamit allergén összetevők. | Szállítási szerződés az alábbi élelmiszerek szállítására: 7. Gyorsfagyasztott termékek 12 150 kg, 30 liter, 150 db Így különösen: összesen 12 150 kg mirelit zöldség, gyümölcs, hal, vadhús, bélszínroló, derelye, 30 l jégkrém desszert, 150 db fagyasztott halászlé sűrítmény. Részletes leírás, specifikáció a dokumentációban található. A 321/2015. Korm.r. 46.§ (3) bekezdése alapján a szerződés tárgya által indokoltan a műszaki leírás hivatkozik meghatározott gyártmányú, típusú, márkanevű termékre, árura. Ajánlatkérő megítélése szerint így lehetséges a szerződés tárgyának (2) bekezdés szerinti, kellően pontos és érthető leírása. Az ilyen megnevezés mellett a ""vagy azzal egyenértékű"" kifejezést kell szerepeltetni. Felhívjuk a figyelmet, hogy az egyenértékűség bizonyítása az ajánlattevő feladata. Amennyiben a teljes egyenértékűség nem áll fenn, akkor az ajánlatkérő az ajánlatot érvényteleníti a Kbt. 73. § (1) bekezdése e) pontja alapján, mivel ekkor a Kbt. 2.§ (2) bekezdése alapján nem biztosítható az ajánlattevők esélyegyenlősége. Az ajánlattevő által szállított élelmiszer termékeknek meg kell felelnie az élelmiszer termékek forgalomba hozatalára vonatkozó jogszabályoknak, valamint a Magyar Élelmiszerkönyv előírásainak. Ajánlattevő kizárólag I. osztályú minőségű árura vonatkozóan tehet árajánlatot, illetve az Ajánlatkérő csak I. osztályú minőségű árut fogad el. Ajánlattevő köteles a megajánlott termékek olyan termékspecifikációs lapját, gyártmánylapját becsatolni, amely tartalmazza a következő összetevőket: telített zsírsav-, zsír-, energia- fehérje-, szénhidrát-, cukor- és sótartalom, valamit allergén összetevők. | Szállítási szerződés az alábbi élelmiszerek szállítására: 8. Zöldség, főzelékfélék, gyümölcsök, tojás 57 900 db, 38 190 kg, 1900 csomó Így különösen: összesen 57 900 db paprika, saláta, csöves kukorica, tojás, 38 190 kg különböző zöldség, gyümölcs és 1900 csomó zöldhagyma, piros retek, zeller levél. Részletes leírás, specifikáció a dokumentációban található. A 321/2015. Korm.r. 46.§ (3) bekezdése alapján a szerződés tárgya által indokoltan a műszaki leírás hivatkozik meghatározott gyártmányú, típusú, márkanevű termékre, árura. Ajánlatkérő megítélése szerint így lehetséges a szerződés tárgyának (2) bekezdés szerinti, kellően pontos és érthető leírása. Az ilyen megnevezés mellett a ""vagy azzal egyenértékű"" kifejezést kell szerepeltetni. Felhívjuk a figyelmet, hogy az egyenértékűség bizonyítása az ajánlattevő feladata. Amennyiben a teljes egyenértékűség nem áll fenn, akkor az ajánlatkérő az ajánlatot érvényteleníti a Kbt. 73. § (1) bekezdése e) pontja alapján, mivel ekkor a Kbt. 2.§ (2) bekezdése alapján nem biztosítható az ajánlattevők esélyegyenlősége. Az ajánlattevő által szállított élelmiszer termékeknek meg kell felelnie az élelmiszer termékek forgalomba hozatalára vonatkozó jogszabályoknak, valamint a Magyar Élelmiszerkönyv előírásainak. Ajánlattevő kizárólag I. osztályú minőségű árura vonatkozóan tehet árajánlatot, illetve az Ajánlatkérő csak I. osztályú minőségű árut fogad el. Ajánlattevő köteles a megajánlott termékek olyan termékspecifikációs lapját, gyártmánylapját becsatolni, amely tartalmazza a következő összetevőket: telített zsírsav-, zsír-, energia- fehérje-, szénhidrát-, cukor- és sótartalom, valamit allergén összetevők.",Fővárosi Önkormányzat Gyulai Idősek Otthona,HUN,gyulaotthon@gyulaotthon.hu,,2025-10-09+02:00,2025-11-07+02:00 | 2025-11-07+02:00 | 2025-11-07+02:00 | 2025-11-07+02:00 | 2025-11-07+02:00 | 2025-11-07+02:00 | 2025-11-07+02:00 | 2025-11-07+02:00,HUN | HUN | HUN | HUN | HUN | HUN | HUN | HUN,https://ted.europa.eu/en/notice/-/detail/662175-2025,2026-08-27T21:34:02+00:00,2916c7b43f4e129739cce98018252a005377b653dfc1fc425ec28f1806892205,LIVE,OFFICIAL_PUBLISHED_NOTICE,True,True,QUALIFIED_OFFICIAL_PROCUREMENT,精确产品词与食品采购语境同时命中
ted_eu,OFFICIAL_PROCUREMENT,CHILI,paprika,688097-2025,"Hungary – Food, beverages, tobacco and related products – Főzési alapanyag és élelmiszer beszerzése 2026.","1. rész: Füstölt termékek, felvágottak beszerzése keretszerződés keretében összesen nettó 4.500.000 Ft keretösszegben. Főbb mennyiségi adatok: Bajai uzsonna kg 100 Fokhagymás felvágott kg 80 Füstölt csülök kg 100 Füstölt, főtt császár kg 120 Füstölt, főtt tarja kg 80 Füstölt, főtt lapocka kg 100 Füstölt kolbász kg 80 Füstölt csemege szalonna legalább 6 cm vastag kg 200 Kenőmájas kg 100 Lecsókolbász kg 500 Olasz felvágott kg 120 Párizsi sertés kg 400 Pulykasonka kg 100 Sajtos párizsi kg 50 Sonkás felvágott kg 200 Soproni felvágott kg 80 Tavaszi rolád kg 80 Vastag kolbász kg 200 Zala felvágott kg 100 Zsír kg 80 Irányadóak a 321/2015. (X.30.) Korm. rendelet 46. § (3) bek. rendelkezései („vagy azzal egyenértékű”). Ajánlatkérő nem köteles a szerződés fennállása alatt a teljes mennyiséget megrendelni. A részletes követelményeket az egyéb közbeszerzési dokumentumok részét képező árazatlan pénzügyi-szakmai ajánlat (ártáblázat) tartalmazza. | 2. rész: Előhűtött sertés- és tőkehúsok beszerzése keretszerződés keretében összesen nettó 14.000.000 Ft keretösszegben. Főbb mennyiségek: Húsos csont kg 500 Marha húsos csont kg 150 Marha velős csont kg 100 Sertés lapocka csont nélkül kg 300 Sertés köröm kg 200 Sertés oldalas kg 150 Sertéscomb csont nélkül kg 4 500 Sertéskaraj csont nélkül kg 2 500 Sertéstarja csont nélkül kg 200 Tepertőkrém kg 20 Irányadóak a 321/2015. (X.30.) Korm. rendelet 46. § (3) bek. rendelkezései („vagy azzal egyenértékű”). Ajánlatkérő nem köteles a szerződés fennállása alatt a teljes mennyiséget megrendelni. A részletes követelményeket az egyéb közbeszerzési dokumentumok részét képező árazatlan pénzügyi-szakmai ajánlat (ártáblázat) tartalmazza. | 3. rész: Előhűtött baromfihúsok beszerzése keretszerződés keretében összesen nettó 9.000.000 Ft keretösszegben. Főbb mennyiségek: Csirke felsőcomb kg 3 200 Csirkemáj szív nélkül fagyasztott kg 500 Csirkemell filé kg 2 000 Egész csirke kg 100 Egész tyúk - kistestű kg 100 Baromfi roppanós virsli kg 350 Filézett pulyka felsőcomb kg 200 Pulyka apróhús kg 80 Pulykamáj kg 50 Irányadóak a 321/2015. (X.30.) Korm. rendelet 46. § (3) bek. rendelkezései („vagy azzal egyenértékű”). Ajánlatkérő nem köteles a szerződés fennállása alatt a teljes mennyiséget megrendelni. A részletes követelményeket az egyéb közbeszerzési dokumentumok részét képező árazatlan pénzügyi-szakmai ajánlat (ártáblázat) tartalmazza. | 4. rész: Alapvető élelmiszerek (tészta, befőtt, savanyúság) beszerzése keretszerződés keretében összesen nettó 27.000.000 Ft keretösszegben. Főbb mennyiségek: AromaMix Vajas-Finom fűsz.kev.zsirad kg 22 Árpagyöngy kg 200 Ásványvíz l 99 Babérlevél kg 1 Baromfimájas pástétom gluténmentes (tyúkos) kg 150 Baromfimájkrém tépőzáras kg 227,5 Bazsalikom kg 0,8 Minimargarin kg 500 Bors egész kg 0,6 Bors őrölt kg 12 Bors fehér őrölt kg 1 Bulgur kg 100 Burgonyapehely kg 100 Búzadara kg 300 Citromlé 50 %-os l 1 200 Consomé alap kg 100 Csicseriborsó kg 20 Csokoládé szelet kg 64,5 Csokoládépuding-por kg 10 Csombor (Borsikafű) kg 5 Delikát 8 kg 200 Diab. mini jam kg 40 Diab. mini méz kg 20 Ételecet l 50 Étolaj napraforgó l 2 500 Fahéj őrölt kg 4 Folyékony édesítőszer l 100 Glukonon kg 20 Grízgaluska levesbetét kg 150 Gyümölcsös müzliszelet cukor nélkül kg 72 Hajdina kg 100 Halászlé alap kg 60 Harcsapástétom gluténmentes kg 200 Háztartási keksz kg 200 Háztartási keksz cukorstop kg 50 Jilk sütőpaszta kg 10 Kacsamáj pástétom (májkrém alu) kg 100 Kakaó kg 40 Kakukkfű kg 0,32 Kókuszreszelék kg 10 Korpovit keksz kg 125 Köles kg 200 Kömény őrölt kg 4 Kristálycukor kg 2 500 Lecsó natúr kg 800 Lékötő kg 10 Lestyánlevél kg 5 Liola tejszín l 500 Liszt kg 3 500 Majonéz kg 100 Majoranna kg 3 Mango-őszibarack gyümölcsleves alap kg 40 Mazsola kg 20 Méz kg 9 Mini jam kg 70 Mini méz kg 50 Mustár kg 50 Oregano kg 0,8 Olíva olaj l 5 Őrölt csemegepaprika kg 150 Piros gyümölcsleves alap kg 80 Porcukor kg 50 Margarin tégla kg 1 000 Rizs „A” fényezetlen kg 2 000 Rostos üdítő dobozos 100 % l 800 Rostos üdítő dobozos 100 % l 800 Rozmaring kg 0,4 Sáfrányos szeklice kg 2 Sárgabarack sütésálló lekvár kg 130 Só kg 1 400 Sütőpor kg 10 Szárnyasok fűszerkeveréke kg 22 Szegfűszeg kg 1 Szerecsendió őrölt kg 1 Szódabikarbóna kg 150 Tárkony kg 2 Tea erdei gyümölcs kg 10 Tea konzum kg 100 Teljes kiörl. fahéjas keksz kg 150 Tortabevonó kg 15 Vaníliapuding-por kg 52 Vaníliás cukor kg 20 Zabkása almával és mazsolával kg 120 Zabszelet gyümölcsös keksz kg 175 Zamat kávé kg 100 Betűtészta kg 20 Cérnametélt tészta kg 100 Csavartcső Durum kg 300 Csiga tészta kg 100 Csipetke tészta kg 300 Eperlevél tészta kg 100 Eperszalag tészta kg 200 Fodros metélt rövid durum kg 200 Fodros nagykocka durum kg 200 Keskeny metélt kg 400 Nagykocka kg 200 Orsó durum kg 400 Rövid cső tészta kg 300 Spagetti durum kg 500 Szarvacska durum kg 500 Széles metélt kg 400 Tarhonya közepes reszelt, kézi tészta kg 500 Zabkocka tészta tészta kg 100 Tépett lebbencs tészta kg 100 Penne tészta kg 200 Gyufametélt tészta kg 200 Ananászbefőtt darabolt kg 910,5 Meggybefőtt magozott kg 850 Kecskeméti sűrített paradicsom kg 2 610 Sav.uborka csemege 6-9 cm kg 420 Őszibarack befőtt kg 910 Irányadóak a 321/2015. (X.30.) Korm. rendelet 46. § (3) bek. rendelkezései („vagy azzal egyenértékű”). Ajánlatkérő nem köteles a szerződés fennállása alatt a teljes mennyiséget megrendelni. A részletes követelményeket az egyéb közbeszerzési dokumentumok részét képező árazatlan pénzügyi-szakmai ajánlat (ártáblázat) tartalmazza. | 5. rész: Zöldség, gyümölcs, tojás beszerzése keretszerződés keretében összesen nettó 17.500.000 Ft keretösszegben. Főbb mennyiségek: Alma (közepes méretű 60 mm) kg 6 000 Banán kg 400 Borsó hántolt kg 200 Burgonya Desire kg 3 000 Burgonya tisztított (vákuum csomagolásban) kg 8 000 Cékla kg 200 Citrom kg 200 Cukkini kg 200 Cseresznye kg 150 Dinnye görög kg 200 Dióbél kg 50 Fokhagyma kg 100 Gomba kg 20 Gyökér kg 1 500 Gyökérzöld cs 14 000 Kaliforniai paprika kg 200 Kápia paprika kg 100 Kapor friss cs 200 Káposzta fejes kg 1 000 Kelkáposzta kg 1 500 Kivi kg 250 Körte kg 2 500 Lencse kg 100 Lila káposzta kg 50 Lilahagyma kg 50 Mák kg 20 Mandarin kg 200 Meggy kg 100 Narancs kg 1 500 Nektarin kg 300 Őszibarack kg 500 Padlizsán kg 50 Paradicsom kg 1 000 Póréhagyma db 400 Saláta fejes db 800 Sárgarépa kg 3 500 Sav. Kovászos uborka kg 100 Sav. Vegyes vágott kg 500 Savanyú káposzta kg 300 Savanyú káposzta hasáb kg 70 Sütőtök kg 400 Szilva kg 200 Szőlő kg 200 Tojás fertőtlenített L-es méret db 30 000 TV zöldpaprika kg 600 Uborka kígyó kg 500 Vöröshagyma kg 3 000 Zeller kg 600 Zeller zöld cs 1 200 Zöldhagyma cs 900 Irányadóak a 321/2015. (X.30.) Korm. rendelet 46. § (3) bek. rendelkezései („vagy azzal egyenértékű”). Ajánlatkérő nem köteles a szerződés fennállása alatt a teljes mennyiséget megrendelni. A részletes követelményeket az egyéb közbeszerzési dokumentumok részét képező árazatlan pénzügyi-szakmai ajánlat (ártáblázat) tartalmazza. | 6. rész: Pékáru beszerzése keretszerződés keretében összesen nettó 6.000.000 Ft keretösszegben. Főbb mennyiségek: Forma rozs kenyér kg 1 800 Finom fonott kalács kg 250 Félbarna kenyér kg 6 000 Teljes kiörlésű rozs kenyér kg 2 000 Korpás kifli kg 125 Vajas jellegű sós pogácsa kg 70 Mini kuglóf kg 180 Sajtos croissan kg 180 Sajtos rúd kg 144 Sajtos kifli kg 50 Vizes kifli kg 100 Zsemlemorzsa kg 200 Élesztő kg 20 Irányadóak a 321/2015. (X.30.) Korm. rendelet 46. § (3) bek. rendelkezései („vagy azzal egyenértékű”). Ajánlatkérő nem köteles a szerződés fennállása alatt a teljes mennyiséget megrendelni. A részletes követelményeket az egyéb közbeszerzési dokumentumok részét képező árazatlan pénzügyi-szakmai ajánlat (ártáblázat) tartalmazza. | 7. rész: Tejtermékek beszerzése keretszerződés keretében összesen nettó 12.500.000 Ft keretösszegben. Főbb mennyiségek: Joghurt 1,4% élőflórás kg 450 Gyüm. joghurt diétás kg 25 Gyümölcsjoghurt kg 150 Kefir kg 450 Tejszelet Kinder kg 42 Márvány sajt kg 30 Natúr vajkrém kg 200 Paula puding kg 200 Kocka sajt 6 cikkes Medve NATÚR kg 100 Tartós tej l 1 000 Tea vaj kg 50 Tehéntúró kg 800 Tehéntúró kg 50 Tej 2,8 % l 10 000 Tejföl 20 % kg 1 200 Tömlős sajt kg 150 Trappista sajt kg 1 000 Trappista sajtkrém kg 50 Túró Rudi kg 40 Irányadóak a 321/2015. (X.30.) Korm. rendelet 46. § (3) bek. rendelkezései („vagy azzal egyenértékű”). Ajánlatkérő nem köteles a szerződés fennállása alatt a teljes mennyiséget megrendelni. A részletes követelményeket az egyéb közbeszerzési dokumentumok részét képező árazatlan pénzügyi-szakmai ajánlat (ártáblázat) tartalmazza. | 8. rész: Mélyhűtött termékek beszerzése keretszerződés keretében összesen nettó 14.500.000 Ft keretösszegben. Főbb mennyiségek: Afrikai harcsafilé nyúzott kg 500 Alamakocka mirelit kg 1 200 Brokkoli mirelit kg 500 Ceruzabab zöld egész kg 150 Cukkini kg 100 Csibefasírt kg 150 Csiperke gomba szeletelt kg 1 200 Egres kg 50 Eper kg 100 Fejtett bab mirelit kg 200 Finomfőzelék mirelit kg 150 Gesztenyemassza kg 50 Gnocchi kg 400 Gombóc túrós kg 500 Gombóc szilvás kg 600 Gyökér kocka kg 100 Gyüm.keverék 4 rész (erdei mix) kg 400 Gyümölcsleves alap darabolt kg 800 Karalábé kg 300 Karfiolrózsa kg 2 000 Kelbimbó kg 100 Kukorica mirelit kg 200 Lecsó alap mirelit kg 50 Magozott meggy kg 200 Marha gulyáshús fagyasztott kg 400 Nudli kg 1 000 Nyírségi gombóc levesbetét kg 300 Őszibarack mirelit kg 100 Pacal kg 100 Paraj kg 300 Pritamin paprika kocka kg 150 Rántott trappista sajt kg 150 Sárgabarack kg 50 Sárgarépa kocka kg 200 Sóska kg 200 sütőtök kocka kg 100 szeder mirelit kg 50 Szilva felezett kg 600 Tök gyalult kg 1 500 Trikolor paprika kg 200 Zeller kocka kg 150 Zöldbab (sárgahüvelyű) kg 1 000 Zöldborsó zsenge I.o kg 1 500 Irányadóak a 321/2015. (X.30.) Korm. rendelet 46. § (3) bek. rendelkezései („vagy azzal egyenértékű”). Ajánlatkérő nem köteles a szerződés fennállása alatt a teljes mennyiséget megrendelni. A részletes követelményeket az egyéb közbeszerzési dokumentumok részét képező árazatlan pénzügyi-szakmai ajánlat (ártáblázat) tartalmazza.",Szivárvány Személyes Gondoskodást Nyújtó Intézmény,HUN,szivarvany.nadasdy@varosionk.t-online.hu,,2025-10-20+02:00,2025-11-17+02:00 | 2025-11-17+02:00 | 2025-11-17+02:00 | 2025-11-17+02:00 | 2025-11-17+02:00 | 2025-11-17+02:00 | 2025-11-17+02:00 | 2025-11-17+02:00,HUN | HUN | HUN | HUN | HUN | HUN | HUN | HUN,https://ted.europa.eu/en/notice/-/detail/688097-2025,2026-08-27T21:34:02+00:00,2916c7b43f4e129739cce98018252a005377b653dfc1fc425ec28f1806892205,LIVE,OFFICIAL_PUBLISHED_NOTICE,True,True,QUALIFIED_OFFICIAL_PROCUREMENT,精确产品词与食品采购语境同时命中
ted_eu,OFFICIAL_PROCUREMENT,CHILI,paprika,722035-2025,Croatia – Miscellaneous food products – Nabava prehrambenih proizvoda,"svježe meso-juneći but, juneća lopatica, svinjska lopatica, svinjski kare, svinjski vrat s kostima, svinjska mesnata slanina, čajna kobasica, šunka u ovitku, pariška kobasica, suha vratina, polusuha kobasica | pileći zabatak, pileći file, piletina gril, pileća jetra sa srcem, pureći file, pileće hrenovke, pileća jetrena pašteta, pileća, pureća prsa u ovitku | svježe mlijeko, čokoladno mlijeko, jogurt, jogurt voćni, puding, svježi krem sir, svježi kravlji sir, maslac, vrhnje, mlijeko u prahu, sir polutvrdi | kruh pšenični polubijeli, kruh graham, kruh bez glutena, pecivo žemlja, pecivo krafna, dvopek, krušne mrvice, brašno pšenično glatko, brašno bez glutena | tjestenina za juhu od krupice durum pšenice, tjestenina od krupice durum pšenice, mlinici, tjestenina bez glutena | svježe voće i svježe povrće | čaj šipak rinfuza, filter vrećice, čaj crni rinfuza, filter vrećice | jaja kokošja svježa konzumna A klase, razred L | pahuljice od riže s vitaminima, pahuljice od žitarica i čokolade s vitaminima, pahuljice od riže s čokoladom bez glutena, pahuljice od žitarica, voća i mlijeka | šećer, sol, cimet, limunska kiselina, lovor, papar, crvena paprika, ocat alkoholni, ocat jabučni, bosiljak, origano | ulje suncokret, stolni margarin, margarinski namaz, majoneza | kompoti, ajvar, cikla, kiseli krastavci, rajčica koncentrat, miješana kisela salata | kiseli kupus glavice, rezani, kisela repa | brokula, cvjetača, grašak, mahune, kukuruz, špinat, valjušci/njoki, smrznuto šumsko voće | sok bistri razni okusi bez umjetnih sladila, stolno vino | kvasac suhi, kavovine, cimet, kakao u prahu, juha koncentrat, senf, grožđice, med, pšenična krupica, riža | čokoladni namaz, džem razni | oslić, pastrva, bodečnjak | sardina u ulju, tuna fileti u ulju",OPĆA BOLNICA KARLOVAC,HRV,javna-nabava@bolnica-karlovac.hr,,2025-10-31+01:00,2025-11-19+01:00 | 2025-11-19+01:00 | 2025-11-19+01:00 | 2025-11-19+01:00 | 2025-11-19+01:00 | 2025-11-19+01:00 | 2025-11-19+01:00 | 2025-11-19+01:00 | 2025-11-19+01:00 | 2025-11-19+01:00 | 2025-11-19+01:00 | 2025-11-19+01:00 | 2025-11-19+01:00 | 2025-11-19+01:00 | 2025-11-19+01:00 | 2025-11-19+01:00 | 2025-11-19+01:00 | 2025-11-19+01:00 | 2025-11-19+01:00,HRV | HRV | HRV | HRV | HRV | HRV | HRV | HRV | HRV | HRV | HRV | HRV | HRV | HRV | HRV | HRV | HRV | HRV | HRV,https://ted.europa.eu/en/notice/-/detail/722035-2025,2026-08-27T21:34:02+00:00,2916c7b43f4e129739cce98018252a005377b653dfc1fc425ec28f1806892205,LIVE,OFFICIAL_PUBLISHED_NOTICE,True,True,QUALIFIED_OFFICIAL_PROCUREMENT,精确产品词与食品采购语境同时命中
ted_eu,OFFICIAL_PROCUREMENT,CHILI,paprika,785524-2025,Hungary – Miscellaneous food products – Élelmiszertermékek beszerzése 2026.évre,"1. rész: Sertéshús, belsőség szállítása heti három alkalommal történő kiszállítással a specifikáció szerinti részletezésben. Sertéshús, belsőség (Sertéskaraj csont nélkül EH, Sertéscomb EH, Sertéslapocka EH, Sertéstarja csont nélkül EH, Sertéscsont húsos EH, Sertéscsont fehér EH, Sertéscsülök csont nélkül EH, Sertésmáj EH, Sertésköröm, Sertésdagadó EH): összesen 20.020 kg. A pontos termékmennyiségeket, és specifikációt részletesen a közbeszerzési dokumentumok mellékletét képező Excel táblázat (Részletes árazatlan ártáblázat) tartalmazza. A táblázatban megadott mennyiségek a minimumot jelentik (alapmennyiség), a megrendelésre kerülő konkrét mennyiségek - a felhasználás függvényében - termékenként + 20 százalékkal felfelé eltérhetnek (mennyiségi eltérés). A II.2.6) pontban (BT-27-es mező) feltüntetett becsült érték az alapmennyiségen felüli + 20 % mennyiségi eltérés értékét is tartalmazza. | 2. rész: Marhahús szállítása heti három alkalommal történő kiszállítással a specifikáció szerinti részletezésben. Marhahús (Marhacomb, növendék EH): összesen 1600 kg. A pontos termékmennyiségeket, és specifikációt részletesen a közbeszerzési dokumentumok mellékletét képező Excel táblázat (Részletes árazatlan ártáblázat) tartalmazza. A táblázatban megadott mennyiségek a minimumot jelentik (alapmennyiség), a megrendelésre kerülő konkrét mennyiségek - a felhasználás függvényében - termékenként + 20 százalékkal felfelé eltérhetnek (mennyiségi eltérés). A II.2.6) pontban (BT-27-es mező) feltüntetett becsült érték az alapmennyiségen felüli + 20 % mennyiségi eltérés értékét is tartalmazza. | 3. rész:Baromfi-, szárnyashús kiszállítása heti három alkalommal történő kiszállítással a specifikáció szerinti részletezésben. Baromfi-, szárnyashús termékek (Csirkecomb felső EH, illetve fagyasztott, Csirkecomb alsó EH, illetve fagyasztott , Csirkecomb egész EH, illetve fagyasztott, Csirkemellfilé EH, illetve fagyasztott, Csirkemáj EH, illetve fagyasztott, Pulykacomb filé felső EH, illetve fagyasztott, Pulykamell filé EH, illetve fagyasztott, Pulykazúza fagyasztott, Pulykamáj fagyasztott). Mindösszesen 25.340 kg baromfi-, szárnyashús-féleség leszállítása. A pontos termékmennyiségeket, és specifikációt részletesen a közbeszerzési dokumentumok mellékletét képező Excel táblázat (Részletes árazatlan ártáblázat) tartalmazza. A táblázatban megadott mennyiségek a minimumot jelentik (alapmennyiség), a megrendelésre kerülő konkrét mennyiségek - a felhasználás függvényében - termékenként + 20 százalékkal felfelé eltérhetnek (mennyiségi eltérés). A II.2.6) pontban (BT-27-es mező) feltüntetett becsült érték az alapmennyiségen felüli + 20 % mennyiségi eltérés értékét is tartalmazza. | 4. rész: Húskészítmények kiszállítása heti három alkalommal történő kiszállítással a specifikáció szerinti részletezésben. Húskészítmények: különféle felvágottak, szalámik, májasok, párizsik, virslik, sonkák, kolbászok, szalonnák, étkezési tepertő, füstölt sertéscsont, füstölt csülök, füstölt tarja, krinolin, májas hurka (58 féle termék) mindösszesen 11.106 kg. A pontos termékmennyiségeket, és specifikációt részletesen a közbeszerzési dokumentumok mellékletét képező Excel táblázat (Részletes árazatlan ártáblázat) tartalmazza. A táblázatban megadott mennyiségek a minimumot jelentik (alapmennyiség), a megrendelésre kerülő konkrét mennyiségek - a felhasználás függvényében - termékenként + 20 százalékkal felfelé eltérhetnek (mennyiségi eltérés). | 5. rész:Tej, tejtermék, margarin szállítása naponta (hétköznap) történő kiszállítással a specifikáció szerinti részletezésben. Tej, tejtermék, margarin (tej, különféle tejtermékek: tejföl, tehéntúró, juhtúró, habospuding, kefir, túró rudi, gabonás joghurt, gyümölcsös joghurt, natúr joghurt, főzőtejszín, vaj, laktózmentes joghurt, laktózmentes tejföl, laktózmentes túró, teavaj, vajkrém, különféle sajtok: trappista sajt, rántani való sajt, krémsajt, sajtkrém, lapkasajt, zöldfűszeres kockasajt, kockasajt, kalciummal dúsított kocka sajt, eidami sajt, füstölt sajt, gomolya sajt), vaj, különféle margarinok (összesen 46 féle tejtermék, ill. margarin) leszállítása. Főbb mennyiségek: tej összesen: 46 192 l, tejföl összesen: 10.630 l, főzőtejszín összesen: 222 l, különféle vajak összesen: 438 kg, a sajtféleségek kg-ban összesített mennyisége: 3209 kg, a különféle margarinok kg-ban összesített mennyisége: 4314 kg. A pontos termékmennyiségeket, és specifikációt részletesen a közbeszerzési dokumentumok mellékletét képező Excel táblázat (Részletes árazatlan ártáblázat) tartalmazza.A táblázatban megadott mennyiségek a minimumot jelentik (alapmennyiség), a megrendelésre kerülő konkrét mennyiségek - a felhasználás függvényében - termékenként + 20 százalékkal felfelé eltérhetnek (mennyiségi eltérés). A II.2.6) pontban (BT-27-es mező) feltüntetett becsült érték az alapmennyiségen felüli + 20 % mennyiségi eltérés értékét is tartalmazza. | 6.rész: Kenyér, élesztő, pékáru, finompékáru kiszállítása naponta (hétköznap, valamint az ""Ezüsthíd"" Gondozóház esetén szombaton is) történő kiszállítással a specifikáció szerinti részletezésben. Kenyér, élesztő, pékáru, finompékáru: fehér, fehér magos, félbarna, burgonyás, köleses, szőlőmagvas, rozsos, magkeverékes, zabos, kukoricapelyhes, szezámmagos, korpás, teljes kiőrlésű lisztből készült kenyér, zsúrkenyér, élesztő, pékáru (különféle zsemlék, kiflik), finompékáru (különféle rudak, kalácsok, puffancs, briós, sajtos perec, hamburger zsemle, pizza tészta, kuglóf, különféle bagettek, molnárka. Ebből kenyér összesen: 18.683 kg, élesztő összesen: 285 kg, továbbá egyé pékáru/finompékáru összesen: 206 645 db. A pontos termékmennyiségeket, és specifikációt részletesen a közbeszerzési dokumentumok mellékletét képező Excel táblázat (Részletes árazatlan ártáblázat) tartalmazza.A táblázatban megadott mennyiségek a minimumot jelentik (alapmennyiség), a megrendelésre kerülő konkrét mennyiségek - a felhasználás függvényében - termékenként + 20 százalékkal felfelé eltérhetnek (mennyiségi eltérés). A II.2.6) pontban (BT-27-es mező) feltüntetett becsült érték az alapmennyiségen felüli + 20 % mennyiségi eltérés értékét is tartalmazza. | 7. rész: Burgonya, friss és tisztított zöldség, száraz hüvelyes, olajos mag, friss gyümölcs, vödrös savanyúság, tojás (84 féle árztétel) leszállítása hétfő, csütörtök napokon történő kiszállítással a specifikáció szerinti részletezésben. Főbb mennyiségek: Burgonya 35 850 kg, mosott burgonya 5000 kg, újburgonya 6 360 kg, továbbá egyéb zöldségféleségek (összesen 42 féle), melyből vöröshagyma: 4 360 kg, tisztított vöröshagyma: 2 000 kg, lilahagyma 444 kg, sárgarépa ömlesztett: 3 270 kg, sárgarépa tisztított: 1000 kg, gyökér ömlesztett: 3 350 kg, karalábé ömlesztett: 1590 kg, karalábé tisztított 1000 kg, zeller ömlesztett: 1 100 kg, zeller tisztított: 1 000 kg, kelkáposzta ömlesztett: 3 970 kg, kelkáposzta gyalult: 1 500 kg, fejes káposzta ömlesztett: 3 000 kg, fejes káposzta gyalultt: 2 700 kg, Tv paprika: 2 562 kg, hónapos retek: 2 360 csomag, fejessaláta: 2 540 db, paradicsom: 2 370 kg, kígyóuborka: 2 980 kg, karfiol: 2 370 kg, száraz hüvelyesek: 3 067kg, olajos magvak: 1 043 kg, friss gyümölcsök (16 féle), melyből alma: 10 070 kg, cseresznye: 430 kg, meggy: 350 kg, szőlő: 950 kg, körte:2080 kg; banán: 5 370 kg, narancs: 5 100 kg, mandarin: 3 015 kg, citrom: 1 510 kg, nektarin: 950 kg, őszibarack: 965 kg, sárgabarack: 550 kg, kivi: 290 kg, szilva 900 kg, földiepe 40kg, Vödrös savanyúság (10 féle) , összesen: 11 476 kg, tojás 198 000 db.; a specifikáció szerinti részletezésben. | 8. rész: Mirelit zöldség, gyümölcs, félkész áru, hal kiszállítása heti három alkalommal történő kiszállítással a specifikáció szerinti részletezésben. Mirelit zöldségek (karfiol rózsa, bébirépa, sárgarépa hullámos korong, sárgarépa kocka, paszternákgyökér csík, gyökérkocka, karalábé kocka, zeller kocka, hasábburgonya, húsleves zöldség, francia zöldségkeverék, mexikói zöldségkeverék, finom főzelék, petrezselyem zöld, gyalult főzőtök kaporral, kukorica morzsolt, brokkoli rózsa, fejtett bab, sóska, zöldborsó zsenge, rebarbaradarabok, sárgahüvelyű zöldbab, ínyenc keverék, kelbimbó, parajpüré, lecsó), mirelit gyümölcs (erdei gyümölcskeverék, meggy, szilva), mirelit félkész áru (túrós derelye, szilvalekváros derelye, túrógombóc, szilvatöltelékes gombóc, nudli burgonyás, hamburger húspogácsa), mirelit hal (afrikai harcsafilé, fagyasztott tőke halfilé, panírozott halrudak, apróhal) a specifikáció szerinti részletezésben. A mindösszesen 53 féle árutétel főbb mennyiségei: mirelit zöldség, gyümölcsből: 28 804 kg, mirelit félkész árukból: 3 430 kg, mirelit halalakból: 6 831 kg. A pontos termékmennyiségeket, és specifikációt részletesen a közbeszerzési dokumentumok mellékletét képező Excel táblázat (Részletes árazatlan ártáblázat) tartalmazza.A táblázatban megadott mennyiségek a minimumot jelentik (alapmennyiség), a megrendelésre kerülő konkrét mennyiségek - a felhasználás függvényében - termékenként + 20 százalékkal felfelé eltérhetnek (mennyiségi eltérés). A II.2.6) pontban (BT-27-es mező) feltüntetett becsült érték az alapmennyiségen felüli + 20 % mennyiségi eltérés értékét is tartalmazza. | 9. rész: Malomipari termékek, édesítők, száraztészták, fűszerek, ízesítők heti egy alkalommal történő kiszállítással a specifikáció szerinti részletezésben. Főbb mennyiségek: lisztfélék összesen 12 538 kg, kuszkusz 519 kg, bulgur 1 460 kg, köles 390 kg, rizs 8 070 kg, árpagyöngy 527 kg, búzadara 1 260 kg, stb., édesítők: kristálycukor 8 810 kg, porcukor 650 kg, vaniliás cukor 86 kg, stb., száraztészták: 15 498 kg, fűszerek, ételízesítők összesen: 3 966 kg, ecet (20%-os) 225 l; a specifikáció szerinti részletezésben. (Összesen 180 féle árutétel). A pontos termékmennyiségeket, és specifikációt részletesen a közbeszerzési dokumentumok mellékletét képező Excel táblázat (Részletes árazatlan ártáblázat) tartalmazza. A táblázatban megadott mennyiségek a minimumot jelentik (alapmennyiség), a megrendelésre kerülő konkrét mennyiségek - a felhasználás függvényében - termékenként + 20 százalékkal felfelé eltérhetnek (mennyiségi eltérés). A II.2.6) pontban (BT-27-es mező) feltüntetett becsült érték az alapmennyiségen felüli + 20 % mennyiségi eltérés értékét is tartalmazza. | Főbb mennyiségek: napraforgóolaj 10 280 l, olivaolaj 77 l, sertészsír 100 kg, húskonzervek, májasok, pástétomok 3 357 db, tonhaltörzsek növényi olajban 81 kg, halkonzervek 967 db; natur lecsó 2 410 kg, különféle konzerv zöldség, savanyúság 1 535 kg; lekvárok: mini jam 3 409 db, különféle ízesítésű lekvárok mindösszesen 1027 kg, különféle befőttek: 2 968 kg; (mindösszesen 55 árutétel), a specifikáció szerinti részletezésben. A pontos termékmennyiségeket, és specifikációt részletesen a közbeszerzési dokumentumok mellékletét képező Excel táblázat (Részletes árazatlan ártáblázat) tartalmazza. A táblázatban megadott mennyiségek a minimumot jelentik (alapmennyiség), a megrendelésre kerülő konkrét mennyiségek - a felhasználás függvényében - termékenként + 20 százalékkal felfelé eltérhetnek (mennyiségi eltérés). A II.2.6) pontban (BT-27-es mező) feltüntetett becsült érték az alapmennyiségen felüli + 20 % mennyiségi eltérés értékét is tartalmazza.",Tiszaújvárosi Intézményműködtető Központ,HUN,dr.gal.peter@t-online.hu,,2025-11-26+01:00,2025-12-11+01:00 | 2025-12-11+01:00 | 2025-12-11+01:00 | 2025-12-11+01:00 | 2025-12-11+01:00 | 2025-12-11+01:00 | 2025-12-11+01:00 | 2025-12-11+01:00 | 2025-12-11+01:00 | 2025-12-11+01:00,HUN | HUN | HUN | HUN | HUN | HUN | HUN | HUN | HUN | HUN,https://ted.europa.eu/en/notice/-/detail/785524-2025,2026-08-27T21:34:02+00:00,2916c7b43f4e129739cce98018252a005377b653dfc1fc425ec28f1806892205,LIVE,OFFICIAL_PUBLISHED_NOTICE,True,True,QUALIFIED_OFFICIAL_PROCUREMENT,精确产品词与食品采购语境同时命中
ted_eu,OFFICIAL_PROCUREMENT,CHILI,paprika,110422-2026,"Hungary – Food, beverages, tobacco and related products – ONKI élelmezési alapanyagok beszerzése","Ajánlatkérő a DBR megvalósítása során a Kbt. 107. § (2) bekezdése alapján a rendszerben megvalósítandó konkrét közbeszerzésekre vonatkozó pontos műszaki leírást és szerződéses feltételeket a DBR-ben részt vevő Ajánlattevők számára, az ajánlattételi felhívás megküldésével egyidejűleg bocsátja rendelkezésre. Tervezett mennyiség: 1 Dobozos kakaó 1 400 db 2 Dobozos tej 1 400 db 3 Edámi sajt 370 kg 4 Feta jellegű sajt 74 kg 5 Főzőtejszín 20% 930 liter 6 Füstölt sajt 110 kg 7 Gouda sajt 200 kg 8 Grillezni való sajt 30 kg 9 Habtejszín 110 liter 10 Joghurt gyümölcsös, poharas 6 400 db 11 Joghurt gyümölcsös, poharas 1 000 db 12 Joghurt gyümölcsös, poharas 440 db 13 Joghurt ital 1 000 db 14 Joghurt natur 560 liter 15 Joghurt poharas, natur 20 000 db 16 Juhtúró 35 kg 17 Kakaó 10 000 db 18 Kávétejszín 28 600 db 19 Kefír poharas 19 700 db 20 Kockasajt laktózmentes 350 db 21 Kockasajt natúr 26 500 db 22 Köményes sajt 650 kg 23 Medvesajt 10 db 24 Mini margarin 387 000 db 25 Mini vaj 93 000 db 26 Pannónia sajt 80 kg 27 Parmezánsajt 30 kg 28 Poharas margarin 500 gr 280 db 29 Poharas puding 3 050 db 30 Rama margarin 110 kg 31 Sajtkrém 1/1 130 kg 32 Szeletelt sajt 6 400 csomag 33 Teavaj 200 db 34 Tehéntúró 1 400 kg 35 Tej 1 800 liter 36 Tej 14 300 liter 37 Tej 200 liter 38 Tej 18 000 db 39 Tejberizs 200 db 40 Tejföl 20% 1 850 db 41 Tejföl 20% 4 650 liter 42 Tofu 40 kg 43 Tömlős körözött, natúr 13 000 db 44 Tömlős sajt natur 8 000 db 45 Trappista sajt 1 480 kg 46 Túró rudi 9 900 db A meghatározott mennyiségi adatok éves becsült mennyiségek, tájékoztató értékek. Ajánlatkérő jelezni kívánja, hogy a fentiek szerinti tervezett mennyiségtől (keretösszeg) a DBR időtartama alatt akár pozitív, akár negatív irányban eltérhet. Ajánlatkérő a DBR megvalósítása során a Kbt. 107. § (2) bekezdése alapján a rendszerben megvalósítandó konkrét közbeszerzésekre vonatkozó pontos műszaki leírást és szerződéses feltételeket a DBR-ben részt vevő részvételre jelentkezők számára, az ajánlattételi felhívás megküldésével egyidejűleg bocsátja rendelkezésre. | Ajánlatkérő a DBR megvalósítása során a Kbt. 107. § (2) bekezdése alapján a rendszerben megvalósítandó konkrét közbeszerzésekre vonatkozó pontos műszaki leírást és szerződéses feltételeket a DBR-ben részt vevő Ajánlattevők számára, az ajánlattételi felhívás megküldésével egyidejűleg bocsátja rendelkezésre. Tervezett mennyiség: 1 Álomsonka 260 kg 2 Bacon szalonna kockázott 75 kg 3 Csemege szalámi 600 kg 4 Csirke egész comb 1 440 kg 5 Csirke felsőcomb 1 600 kg 6 Csirke máj szív nélkül 1 550 kg 7 Csirke mell filé 7 200 kg 8 Csirke nyak kg 9 Csirke zúza 220 kg 10 Csirkecomb filé 200 kg 11 Csirkemell sonka 1 500 kg 12 Diákcsemege 400 kg 13 Főtt-füstölt császár szalonna 35 kg 14 Friss marha comb kockázott 70 kg 15 Fürdői füstölt sonka 275 kg 16 Füstölt főtt tarja 740 kg 17 Füstölt szalonna kockázott 640 kg 18 Kacsacomb 240 kg 19 Lecsókolbász 250 kg 20 Liba szárnytő 30 kg 21 Libacomb 250 kg 22 Májas hurka 270 kg 23 Marha hátszín 400 kg 24 Marha lapocka kockázott 350 kg 25 Parasztkolbász 304 kg 26 Párizsi 1 310 kg 27 Prágai pulykasonka 202 kg 28 Pulyka comb kockázott 520 kg 29 Pulyka combfilé 680 kg 30 Pulyka máj 100 kg 31 Pulyka mell filé 1 040 kg 32 Sertés hátsó csülök 200 kg 33 Sertés karajcsont 200 kg 34 Sertés virsli 250 kg 35 Sertéscomb 1 350 kg 36 Sertéscomb kockázott 700 kg 37 Sertéscomb, tokány 350 kg 38 Sertéscsülök 200 kg 39 Sertésdagadó 140 kg 40 Sertéskaraj 1 650 kg 41 Sertéskaraj, szeletelt cs.n. 1 550 kg 42 Sertéslapocka 140 kg 43 Sertéslapocka kockázott 3 800 kg 44 Sertésoldalas 140 kg 45 Sertészsír 20 kg 46 Sonka főtt füstölt 200 kg 47 Sütő kolbász 300 kg 48 Szeletelt Bacon 45 kg 49 Szeletelt sonka 50 csomag 50 Szeletelt szalámi 50 csomag 51 Szendvics sonka 1 950 kg 52 Tavasz szelet 770 kg 53 Téli szalámi kg 54 Véres hurka 100 kg 55 Virsli Bécsi 700 kg 56 Virsli Sága 20 csomag 57 Zala felvágott 850 kg A meghatározott mennyiségi adatok éves becsült mennyiségek, tájékoztató értékek. Ajánlatkérő jelezni kívánja, hogy a fentiek szerinti tervezett mennyiségtől (keretösszeg) a DBR időtartama alatt akár pozitív, akár negatív irányban eltérhet. Ajánlatkérő a DBR megvalósítása során a Kbt. 107. § (2) bekezdése alapján a rendszerben megvalósítandó konkrét közbeszerzésekre vonatkozó pontos műszaki leírást és szerződéses feltételeket a DBR-ben részt vevő részvételre jelentkezők számára, az ajánlattételi felhívás megküldésével egyidejűleg bocsátja rendelkezésre. | Ajánlatkérő a DBR megvalósítása során a Kbt. 107. § (2) bekezdése alapján a rendszerben megvalósítandó konkrét közbeszerzésekre vonatkozó pontos műszaki leírást és szerződéses feltételeket a DBR-ben részt vevő Ajánlattevők számára, az ajánlattételi felhívás megküldésével egyidejűleg bocsátja rendelkezésre. Tervezett mennyiség. 1 Afrikai harcsa, bőr nélküli 350 kg 2 Ananász kocka 20 kg 3 Barackos párna 120 kg 4 Bébirépa 940 kg 5 Brokkoli rózsa 2 210 kg 6 Brokkolis zöldségkeverék 120 kg 7 Burgonya krokett 280 kg 8 Derelye túrós 220 kg 9 Erdei gyümölcs keverék 280 kg 10 Fejtett bab 70 kg 11 Finomfőzelék 330 kg 12 Fokhagyma gerezd 80 kg 13 Fokhagyma zúzott 90 kg 14 Francia saláta alap 220 kg 15 Fűszerezett burgonyagerezd 140 kg 16 Galuska 700 kg 17 Garden zöldségkeverék 570 kg 18 Gesztenyepüre 70 kg 19 Gomba szeletelt(csiperkegomba) 1 700 kg 20 Gyökérkocka 1 040 kg 21 Gyümölcskeverék 40 kg 22 Hagymakocka 2 070 kg 23 Harmónia zöldségkeverék 50 kg 24 Hasábburgonya 590 kg 25 Hortobágyi palacsinta panír nélkül 100gr 50 kg 26 Húsleves zöldség 5 200 kg 27 Imperial zöldségkeverék 500 kg 28 Kapor 120 kg 29 Karalábékocka 850 kg 30 Karfiol, apró 24 mm alatti 550 kg 31 Karfiolrózsa 2 400 kg 32 Kelbimbó 60 kg 33 Kukorica, morzsolt 590 kg 34 Leveles tészta 10 kg 35 Májgombóc levesbetét 90 kg 36 Málna 40 kg 37 Meggy magozott 860 kg 38 Meggyes párna 60 kg 39 Mexikói keverék 3 komponensű 740 kg 40 Nudli 220 kg 41 Nyírségi gombóc 40 kg 42 Öszibarack 30 kg 43 Panírozott brokkoli 30 kg 44 Panírozott camembert 130 kg 45 Panírozott csirkemáj 150 kg 46 Panírozott csirkemell színfilé 120 kg 47 Panírozott gombafej 140 kg 48 Panírozott hagymakarika 50 kg 49 Panírozott halszelet alaszkai 250 kg 50 Panírozott karfiol 90 kg 51 Panírozott mozzarella sajt 40 kg 52 Panírozott sertéskaraj 90 kg 53 Panírozott trappista sajt 70 kg 54 Panírozott zöldséggolyó 50 kg 55 Paraj 1 350 kg 56 Petrezselyemzöld 120 kg 57 Piros paprika-kocka 40 kg 58 Pogácsa sajtos 120 kg 59 Pogácsa tepertős 80 kg 60 Réteslap 210 kg 61 Royal zöldségkeverék 500 kg 62 Rösti háromszög 140 kg 63 Sajtos palacsinta panírozott 120 gr 120 kg 64 Sárgabarack 20 kg 65 Sárgarépa hullámos korong 160 kg 66 Sárgarépa kocka 2 320 kg 67 Sóska 340 kg 68 Steak burgonya füszeres 590 kg 69 Sütőtökkocka 190 kg 70 Szamóca 40 kg 71 Szilvásgombóc 880 kg 72 Sztrapacska 180 kg 73 Tök gyalult 1 600 kg 74 Túrótöltelékes gombóc 230 kg 75 Vegyes zöldségköret 50 kg 76 Vegyesgyümölcsleves keverék 240 kg 77 Wok mix 40 kg 78 Zellerkocka 1 160 kg 79 Zöldbab (sárgahüvelyű) 2 900 kg 80 Zöldborsó 2 700 kg A meghatározott mennyiségi adatok éves becsült mennyiségek, tájékoztató értékek. Ajánlatkérő jelezni kívánja, hogy a fentiek szerinti tervezett mennyiségtől (keretösszeg) a DBR időtartama alatt akár pozitív, akár negatív irányban eltérhet. Ajánlatkérő a DBR megvalósítása során a Kbt. 107. § (2) bekezdése alapján a rendszerben megvalósítandó konkrét közbeszerzésekre vonatkozó pontos műszaki leírást és szerződéses feltételeket a DBR-ben részt vevő részvételre jelentkezők számára, az ajánlattételi felhívás megküldésével egyidejűleg bocsátja rendelkezésre. | Ajánlatkérő a DBR megvalósítása során a Kbt. 107. § (2) bekezdése alapján a rendszerben megvalósítandó konkrét közbeszerzésekre vonatkozó pontos műszaki leírást és szerződéses feltételeket a DBR-ben részt vevő Ajánlattevők számára, az ajánlattételi felhívás megküldésével egyidejűleg bocsátja rendelkezésre. Tervezett mennyiség. 1 Abonett gluténmentes 2500 csomag 2 Áfonyalekvár 50 kg 3 Albert keksz 140 kg 4 Almabefőtt 570 üv 5 Almapaprika 20 üv 6 Ananászkonzerv 110 db 7 Árpa, hántolt 90 kg 8 Babapiskóta 80 kg 9 Babérlevél 12 kg 10 Balaton szelet 4000 db 11 Barnarizs 120 kg 12 Bazsalikom 4 kg 13 Betűtészta 280 kg 14 Boci napolini 2400 db 15 Bolognai alap 20 kg 16 Bulgur 1040 kg 17 Burgonyapüré pehely 400 kg 18 Burgonyapüré pehely 50 kg 19 Búza finomliszt BL-55 4700 kg 20 Búzadara 320 kg 21 Cérnametélt 190 kg 22 Citromfű tea 220 kg 23 Citromlé 1500 liter 24 Citrompótló 82 kg 25 Cseresznyebefőtt 60 üv 26 Csigatészta 260 kg 27 Csillagtészta 30 kg 28 Csipetke 40 kg 29 Csipkerózsa áltermés felezett 220 Kg 30 Csokis parány 400 kg 31 Diabetikus almabefőtt 320 üv 32 Diabetikus dzsem kajszis 7400 db 33 Diabetikus meggybefőtt 220 üv 34 Diabetikus méz (mézpótló) 2400 db 35 Diabetikus nápolyi szelet 240 db 36 Diabetikus omlós keksz 25 kg 37 Diabetikus őszibefőtt 200 üv 38 Durum dörzstarhonya 70 kg 39 Durum fodrosmetélt 420 kg 40 Durum hosszúmetélt 110 kg 41 Durum kagyló 70 kg 42 Durum makaróni 300 kg 43 Durum nagykocka 760 kg 44 Durum penne tészta 380 kg 45 Durum spagetti 620 kg 46 Durum szarvacska 320 kg 47 Durum tarhonya 750 kg 48 Ecet 120 kg 49 Ecet 100 liter 50 Eperlevél 155 kg 51 Ételízesítő 1100 Kg 52 Étkezési keményítő 40 kg 53 Fahéj őrölt 18 kg 54 Fehérbors 6 kg 55 Feketebors 54 kg 56 Feketebors 10 kg 57 Folyékony édesítőszer 320 liter 58 Füstölt ízű alap 34 kg 59 Füszerpaprika őrölt 160 kg 60 Grill fűszerkeverék 12 kg 61 Grízgombóc levesbetét 80 kg 62 Gulyásleves alap 27 kg 63 Győri édes omlós keksz 140 kg 64 Győri Zabszelet 700 csomag 65 Halkonzerv darabos 100 db 66 Hársfa virágzat 150 kg 67 Háztartási keksz 105 kg 68 Háztartási keksz diabetikus 30 kg 69 Húspástétom 4800 db 70 Kakaópor 2 kg 71 Kakaópor 90 kg 72 Kakukkfű 2 kg 73 Kapor 4 kg 74 Ketchup 35 kg 75 Ketchup 130 kg 76 Kiskagyló 140 kg 77 Kiskocka 300 kg 78 Korpovit keksz 280 kg 79 Köles 70 kg 80 Köménymag őrölt 34 kg 81 Kristálycukor 7000 kg 82 Kurkuma 5 kg 83 Kuszkusz 240 kg 84 Lasagne tészta 70 kg 85 Lecsó natúr 790 üv 86 Lencse 350 kg 87 Levesgyöngy 260 kg 88 Májkrém pótló 430 db 89 Májkrém sertés 4200 db 90 Májkrém szárnyas 5200 db 91 Majonéz 35 kg 92 Majonéz 1020 kg 93 Majoranna 4 kg 94 Málna öntet 10 liter 95 Mazsola 13 kg 96 Meggybefőtt 200 üv 97 Méz 182 kg 98 Mini cukor 4400 db 99 Mini dzsem epres 6000 db 100 Mini dzsem erdeigyümölcsös 6000 db 101 Mini dzsem kajszis 7000 db 102 Mini méz 9400 db 103 Mogyorókrém 40 kg 104 Mogyorókrém mini 5750 db 105 Mustár 155 kg 106 Mustár 70 kg 107 Mustár mini 4000 db 108 Müzliszelet, gyümölcsös 8000 db 109 Napraforgó étolaj 5600 liter 110 Olajbogyó 1/1 100 üveg 111 Olívaolaj 51 liter 112 Öszibarack konzerv 800 db 113 Paradicsompüré 1170 kg 114 Pilótakeksz 63 kg 115 Porcukor 260 kg 116 Pótkávé 37 kg 117 Puffasztott rizs 27 kg 118 Rizs ""A"" 5500 kg 119 Rizsliszt 60 kg 120 Rozmaring 6 kg 121 Sajtos tallér 70 kg 122 Sárgabarack lekvár 75 kg 123 Sárgaborsó 150 kg 124 Só 1950 kg 125 Sós perec 40 kg 126 Sülthússzaft alap 25 kg 127 Szárazbab 620 kg 128 Szárnyas fűszer 17 kg 129 Szegfűszeg 10 kg 130 Szerecsendió 10 kg 131 Szezámmag 8 kg 132 Szilvabefőtt 220 üv 133 Teafű 40 kg 134 Vaníliás cukor 65 kg 135 Vaníliás puding por 210 kg 136 Vaníliás puding por 90 kg 137 Zabpehely 100 kg 138 Zöldfűszeres zsemlekocka 80 kg 139 Zöldtea 140 kg 140 Zsemlekocka natúr 130 kg 141 Zsemlemorzsa 1300 kg A meghatározott mennyiségi adatok éves becsült mennyiségek, tájékoztató értékek. Ajánlatkérő jelezni kívánja, hogy a fentiek szerinti tervezett mennyiségtől (keretösszeg) a DBR időtartama alatt akár pozitív, akár negatív irányban eltérhet. Ajánlatkérő a DBR megvalósítása során a Kbt. 107. § (2) bekezdése alapján a rendszerben megvalósítandó konkrét közbeszerzésekre vonatkozó pontos műszaki leírást és szerződéses feltételeket a DBR-ben részt vevő részvételre jelentkezők számára, az ajánlattételi felhívás megküldésével egyidejűleg bocsátja rendelkezésre. | Ajánlatkérő a DBR megvalósítása során a Kbt. 107. § (2) bekezdése alapján a rendszerben megvalósítandó konkrét közbeszerzésekre vonatkozó pontos műszaki leírást és szerződéses feltételeket a DBR-ben részt vevő Ajánlattevők számára, az ajánlattételi felhívás megküldésével egyidejűleg bocsátja rendelkezésre. Tervezett mennyiség. 1 Alma 28 000 kg 2 Bajor káposztasaláta 490 kg 3 Banán 2 240 kg 4 Cékla 120 kg 5 Cékla saláta -készáru- 1 600 kg 6 Citrom Kg-os 440 kg 7 Cukkini 430 kg 8 Csalamádé -készáru- 490 kg 9 Csemege uborka (Kg-os) 2 350 kg 10 Dióbél 110 kg 11 Ecetes almapaprika 1 100 kg 12 Fejes saláta (kg-os) 400 kg 13 Fokhagyma, tisztított 520 kg 14 Gomba (friss) 1 020 kg 15 Jégcsap retek (kg-os) 2 320 kg 16 Jégsaláta kg 550 kg 17 Kaliforniai paprika kg 1 380 kg 18 Kápia paprika 500 kg 19 Kapor (kg-os) 60 kg 20 Karalábé (kg-os) 180 kg 21 Kelkáposzta 830 kg 22 Kígyóuborka 4 300 kg 23 Kivi (kg-os) 1 830 kg 24 Körte 1 350 kg 25 Lilahagyma 260 kg 26 Mák 220 kg 27 Mandarin 5 100 kg 28 Narancs 2 780 kg 29 Őszibarack/nektarin 900 kg 30 Padlizsán 525 kg 31 Paradicsom 5 200 kg 32 Petrezselyemzöld (kg-os) 320 kg 33 Póréhagyma kg-os 1 100 kg 34 Sárgarépa, tisztított 4 300 kg 35 Sárgarépa, tisztított zsülien 240 kg 36 Savanyú káposzta 1 280 kg 37 Sütőtök 720 kg 38 Szilva 850 kg 39 Szőlő 500 kg 40 Tisztított burgonya egész 1 800 kg 41 Tisztított burgonyakarika 4 200 kg 42 Tisztított burgonyakocka 26 000 kg 43 Tisztított fejes káposzta 1 250 kg 44 Tisztított fejes káposzta 560 kg 45 Tisztított gyökér 2 320 kg 46 Tisztított gyökér zsülien 120 kg 47 Tisztított kelkáposzta 1 050 kg 48 Tisztított napraforgómag 40 kg 49 Tisztított vöröshagyma 5 600 kg 50 Tisztított zeller 780 kg 51 Tojás fertőtlenített 46 000 db 52 Vöröskáposzta 620 kg 53 Vöröslencse 150 kg 54 Zellerzöld kg-os 17 kg 55 Zöldpaprika (kg-os) 3 400 kg A meghatározott mennyiségi adatok éves becsült mennyiségek, tájékoztató értékek. Ajánlatkérő jelezni kívánja, hogy a fentiek szerinti tervezett mennyiségtől (keretösszeg) a DBR időtartama alatt akár pozitív, akár negatív irányban eltérhet. Ajánlatkérő a DBR megvalósítása során a Kbt. 107. § (2) bekezdése alapján a rendszerben megvalósítandó konkrét közbeszerzésekre vonatkozó pontos műszaki leírást és szerződéses feltételeket a DBR-ben részt vevő részvételre jelentkezők számára, az ajánlattételi felhívás megküldésével egyidejűleg bocsátja rendelkezésre. | Ajánlatkérő a DBR megvalósítása során a Kbt. 107. § (2) bekezdése alapján a rendszerben megvalósítandó konkrét közbeszerzésekre vonatkozó pontos műszaki leírást és szerződéses feltételeket a DBR-ben részt vevő Ajánlattevők számára, az ajánlattételi felhívás megküldésével egyidejűleg bocsátja rendelkezésre. Terv ezett mennyiség. 1 Almás pite - készáru 1 600 db 2 Almás rétes 320 db 3 Briós kicsi 8 400 db 4 Csokis croissant 110 db 5 Csokitorta -készáru- 1 800 db 6 Diós búrkifli 680 db 7 Élesztő 24 kg 8 Francia krémes -készáru- 1 680 db 9 Ischler -készáru- 2 200 db 10 Ízes piskótatekercs-készáru 4 000 db 11 Kakaós csiga 620 db 12 Kalács (foszlós) 680 kg 13 Kalács (fonott) 600 kg 14 Keksz háztartási 40 kg 15 Kenyér 3 390 kg 16 Kenyér 20 kg 17 Kenyér 20 kg 18 Kenyér 120 kg 19 Kenyér 38 400 kg 20 Kókuszos kocka 1 600 db 21 Kornspitz 700 db 22 Korpás kifli 31 800 db 23 Korpás zsemle 37 400 db 24 Lekváros bukta -készáru- 1 360 db 25 Linzer karika 2 320 db 26 Magos tönkölyszivar 5 800 db 27 Mákos búrkifli 680 db 28 Meggyes pite -készáru- 1 680 db 29 Meggyes rétes -készáru- 1 830 db 30 Mignon 1 760 db 31 Molnárka / nagy / 8 160 db 32 Pita 800 db 33 Pizzás csiga - készáru - 1 600 db 34 Puffancs 4 500 db 35 Puncs szelet - készáru - 1 db 3 360 db 36 Rákóczi túrós - készáru - 1 680 db 37 Reform szilvás 100 gr 1 600 db 38 Rigó Jancsi -készáru- 1 520 db 39 Sajtos croissant 240 db 40 Sajtos kifli 1 900 db 41 Sajtos pogácsa -készáru-100 g 3 610 db 42 Tejes kifli 9 500 db 43 Tepertős pogácsa 240 db 44 Tiroli túrósrétes -készáru- 2 100 db 45 Tönköly-rozsos stangli 65 gr 9 400 db 46 Túrós batyu 700 db 47 Zsemle 6 000 db 48 Zsemle 500 db 49 Zsemle 16 000 db 50 Zsemle 92 000 db A meghatározott mennyiségi adatok éves becsült mennyiségek, tájékoztató értékek. Ajánlatkérő jelezni kívánja, hogy a fentiek szerinti tervezett mennyiségtől (keretösszeg) a DBR időtartama alatt akár pozitív, akár negatív irányban eltérhet. Ajánlatkérő a DBR megvalósítása során a Kbt. 107. § (2) bekezdése alapján a rendszerben megvalósítandó konkrét közbeszerzésekre vonatkozó pontos műszaki leírást és szerződéses feltételeket a DBR-ben részt vevő részvételre jelentkezők számára, az ajánlattételi felhívás megküldésével egyidejűleg bocsátja rendelkezésre.",Országos Onkológiai Intézet,HUN,vida.zsuzsa@oncol.hu,,2026-02-16+01:00,,HUN | HUN | HUN | HUN | HUN | HUN | HUN | HUN | HUN | HUN | HUN | HUN | HUN | HUN | HUN | HUN | HUN | HUN,https://ted.europa.eu/en/notice/-/detail/110422-2026,2026-08-27T21:34:02+00:00,2916c7b43f4e129739cce98018252a005377b653dfc1fc425ec28f1806892205,LIVE,OFFICIAL_PUBLISHED_NOTICE,True,True,QUALIFIED_OFFICIAL_PROCUREMENT,精确产品词与食品采购语境同时命中
ted_eu,OFFICIAL_PROCUREMENT,CHILI,paprika,347027-2026,"Hungary – Food, beverages, tobacco and related products – Élelmiszerek beszerzése","Különféle élelmiszerek beszerzése a Tolna Vármegyei Balassa János Kórház részére Húskészítmények 1. Füstölt csemege szalonna (250 kg): min. 6 cm vastagságú, sózással, füstüléssel előállított; 2. Füstölt-főtt tarja (400 kg): vákuumfóliás, min. 70% csont nélküli sertéstarja hústartalom, pácolt, füstölt, hőkezelt; 3. Ízes sonka (900 kg): sertéshús min. 70%, glutamát,-glutén,-laktóz,-szója,-tejfehérje mentes; 4. Gépsonka (700 kg): min. 35% sertéshús tartalom; 5. Pizzasonka (500 kg): min. 35% sertéshús, gluténmentes; 6. Olasz felvágott (250 kg): min. 60% sertéshús, glutén,-szója,-laktóz,-tejfehérje,-glutamát mentes; 7. Vadász felvágott (60 kg): sertéshús min. 61%, szója,-laktóz,-glutén,-ízfokozó mentes; 8. Szeletelt vastag kolbász (4 000 db): védőgázas csomagolás, min. 50% sertéshús tartalom; 9. Tavaszi felvágott (700 kg):sertéshús min. 51%, zöldségek változó arányban 16,5% (morzsolt csemegekukorica, sárgarépakocka, zöldborsó, vágott hüvelyű zöldbab, piros paprikakocka); 10. Disznósajt (50 kg): sertés bőrös fejes hús min. 32%, sertés bőrke min. 25%, glutén,-szója,-laktóz,-tejfehérje,-glutamát mentes; 11. Virsli (50 db): vákuumcsomagolt, hámozott, sertéshús min. 66%, glutén,-laktózmentes; 12. Bécsi felvágott (150 kg): sertéshús min. 70%, glutén,-szója,-laktóz,-tejfehérje,-glutamát mentes, 25% csökkentett sótartalmú; 13. Csemege sült karaj (20 kg): védőgázas csomagolás, szeletelt, sertéshús min. 92%, laktóz,-gluténmentes, -tejfehérjementes, glutamátmentes,szójamentes; 14. Soproni felvágott (180 kg): min. 60% sertéshús, glutén,-szója,-laktóz,-tejfehérje,-glutamát mentes; 15. Sertés párizsi (1 000 kg): sertéshús min. 60%, glutamát,-glutén,-laktóz,-szója,-tejfehérjementes; 16. Sajtos baromfi párizsi (250 kg): csirkehús min. 26%; 17. Zala felvágott (1 000 kg): sertéshús min. 60%, glutén,-szója,-laktóz,-tejfehérje,-glutamát mentes; 18. Sertés virsli (600 kg): sertéshús min. 50%, műbeles, védőgázas csomagolásban, glutén,-szója,-laktóz,-tejfehérjementes; 19. Füstölt kolbász (50 kg): min. 70% sertéshús; 20. Lecsó kolbász (150 kg): min. 70% sertéshús; 21. Mini májas (5 000 db): sertés májból, sertésmáj min. 25%. Összesen: 7 210 kg, 9 050 db A beszerzendő termékek tárgyára és alapmennyiségére vonatkozó további adatokat a közbeszerzési dokumentumok részeként Ajánlattevők rendelkezésére bocsátott műszaki leírás, illetve ajánlati lap tartalmazza. Az alapmennyiségen Ajánlatkérő az ajánlati lapon rögzített 12 hónapra vonatkozó mennyiséget érti. A megadott alapmennyiségektől Ajánlatkérő +20%-kal eltérhet a szerződés teljesítése során. Egyes termékeknél meghatározott gyártmányú, eredetű, típusú dologra, eljárásra, tevékenységre, személyre, szabadalomra vagy védjegyre való hivatkozást a közbeszerzés tárgyának egyértelmű és közérthető meghatározása tette szükségessé, de a megnevezés csak a tárgy jellegének egyértelmű meghatározása érdekében történt és az ajánlatkérő valamennyi egyedileg megjelölt dologgal vagy védjeggyel összefüggésben elfogad azzal egyenértékű dolgot, a megjelölt terméket helyettesítő megoldást is azzal, hogy az egyenértékűséget az Ajánlattevőnek igazolnia kell. | Különféle élelmiszerek beszerzése a Tolna Vármegyei Balassa János Kórház részére Tőkehúsok 1. Sertéscomb (25 000 kg): sertés comb csont és csülök bőr nélkül, előhűtött; 2. Sertés karaj (7 000 kg): sertés karaj csontos, váll és szűzpecsenye nélkül, hosszú, előhűtött; 3. Sertésmáj (200 kg): előhűtött, friss; 4. Sertés tarja (2 500 kg): sertés tarja csontos-előhűtött; 5. Marha comb (1 500 kg): marha comb vegyesen, ín és faggyúmentes, előhűtött; 6. Sertés oldalas (1 000 kg): dagadó, szegycsont, koronahús nélkül, előhűtött; 7. Sertészsír (1 040 kg). Összesen: 38 240 kg A beszerzendő termékek tárgyára és alapmennyiségére vonatkozó további adatokat a közbeszerzési dokumentumok részeként Ajánlattevők rendelkezésére bocsátott műszaki leírás, illetve ajánlati lap tartalmazza. Az alapmennyiségen Ajánlatkérő az ajánlati lapon rögzített 12 hónapra vonatkozó mennyiséget érti. A megadott alapmennyiségektől Ajánlatkérő +20%-kal eltérhet a szerződés teljesítése során. Egyes termékeknél meghatározott gyártmányú, eredetű, típusú dologra, eljárásra, tevékenységre, személyre, szabadalomra vagy védjegyre való hivatkozást a közbeszerzés tárgyának egyértelmű és közérthető meghatározása tette szükségessé, de a megnevezés csak a tárgy jellegének egyértelmű meghatározása érdekében történt és az ajánlatkérő valamennyi egyedileg megjelölt dologgal vagy védjeggyel összefüggésben elfogad azzal egyenértékű dolgot, a megjelölt terméket helyettesítő megoldást is azzal, hogy az egyenértékűséget az Ajánlattevőnek igazolnia kell. | Különféle élelmiszerek beszerzése a Tolna Vármegyei Balassa János Kórház részére Tej 1. UHT homogénezett zsírszegény tej (40 000 L): max. 1,5 %-os zsírtartalmú, UHT Összesen: 40 000 l A beszerzendő termékek tárgyára és alapmennyiségére vonatkozó további adatokat a közbeszerzési dokumentumok részeként Ajánlattevők rendelkezésére bocsátott műszaki leírás, illetve ajánlati lap tartalmazza. Az alapmennyiségen Ajánlatkérő az ajánlati lapon rögzített 12 hónapra vonatkozó mennyiséget érti. A megadott alapmennyiségektől Ajánlatkérő +20%-kal eltérhet a szerződés teljesítése során. Egyes termékeknél meghatározott gyártmányú, eredetű, típusú dologra, eljárásra, tevékenységre, személyre, szabadalomra vagy védjegyre való hivatkozást a közbeszerzés tárgyának egyértelmű és közérthető meghatározása tette szükségessé, de a megnevezés csak a tárgy jellegének egyértelmű meghatározása érdekében történt és az ajánlatkérő valamennyi egyedileg megjelölt dologgal vagy védjeggyel összefüggésben elfogad azzal egyenértékű dolgot, a megjelölt terméket helyettesítő megoldást is azzal, hogy az egyenértékűséget az Ajánlattevőnek igazolnia kell. | Különféle élelmiszerek beszerzése a Tolna Vármegyei Balassa János Kórház részére Tejtermékek 1 1. Kockasajt (30 000 doboz): natúr, 8 cikkelyenként alumínium csomagolt, kördobozos, kenhető félzsíros ömlesztett sajt, tejalapú; 2. Tejföl (4 000 kg): max. 12% zsírtartalmú, magas hőmérsékleten hőkezelt, homogénezett tejszínből; 3. Vaj (800 kg): 80-90%-os zsírtartalom, tejalapú; 4. Minivaj (32 000 db): min. 82% zsírtartalmú, márkázott vaj; 5. Kefir (35 000 db): magas hőmérsékleten hőkezelt, homogénezett tejből, 3-3,5% zsírtartalom; 6. Poharas tejföl (1 200 db): max. 12% zsírtartalommal; 7. Trappista sajt (1 800 kg): korong formájú, zsíros, félkemény, tejalapú sajt; 8. Túró (1 000 kg): félzsíros, tehéntúró; 9. Vajkrém (50 db): natúr ízesítésű, zsírtartalom min. 25%. Összesen: 7 600 kg, 68 250 db, 30 000 doboz A beszerzendő termékek tárgyára és alapmennyiségére vonatkozó további adatokat a közbeszerzési dokumentumok részeként Ajánlattevők rendelkezésére bocsátott műszaki leírás, illetve ajánlati lap tartalmazza. Az alapmennyiségen Ajánlatkérő az ajánlati lapon rögzített 12 hónapra vonatkozó mennyiséget érti. A megadott alapmennyiségektől Ajánlatkérő +20%-kal eltérhet a szerződés teljesítése során. Egyes termékeknél meghatározott gyártmányú, eredetű, típusú dologra, eljárásra, tevékenységre, személyre, szabadalomra vagy védjegyre való hivatkozást a közbeszerzés tárgyának egyértelmű és közérthető meghatározása tette szükségessé, de a megnevezés csak a tárgy jellegének egyértelmű meghatározása érdekében történt és az ajánlatkérő valamennyi egyedileg megjelölt dologgal vagy védjeggyel összefüggésben elfogad azzal egyenértékű dolgot, a megjelölt terméket helyettesítő megoldást is azzal, hogy az egyenértékűséget az Ajánlattevőnek igazolnia kell. | Különféle élelmiszerek beszerzése a Tolna Vármegyei Balassa János Kórház részére Tejtermékek 2 1. Joghurt gyümölcsös (15 000 db): élőflórás, zsírtartalom min. 2,7% (m/m) és min. 3,5% (m/m) zsírtartalmú tejből, vegyes gyümölcs ízesítésű; 2. Joghurt diabetikus (15 000 db): élőflórás, min. 0,1% (m/m) zsír, hozzáadott cukrot nem tartalmaz, vegyes gyümölcs ízesítésű; 3. Krémjoghurt (100 db): sovány tej, tejszín, élő kultúra, zsírtartalom min. 5,6 % (m/m), straccatellaízű készítmény 12% (cukor, csokoládé darabkák 8,1%); 4. Natúr joghurt (26 500 db): élőflórás, natúr, zsírtartalom min. 3,6% (m/m); 5. Krémtúró (1 600 db): utóhőkezelt, túrókészítmény, vaníliás ízesítésű; 6. Krémpuding diabetikus (800 db): ízesített, hozzáadott cukrot nem tartalmaz, édesítőszerekkel, zsírtartalom min. 5,5%, vanília ízesítésű; 7. Tejberizs (800 db): zsíros tej min. 69,7%, gyümölcs ízesítő készítmény, zsírtartalom min. 2,2%, rizs min. 6,3%; 8. Tömlős sajt (15 000 db): kenhető, félzsíros, ömlesztett sajtkrém, natúr ízesítésű, min. 60% sajtból; 9. Szeletelt sajt (5 200 csomag): natúr, zsíros, ömlesztett sajtszeletek, zsírtartalom 45-50%, min. 50% sajtból. Összesen: 74 800 db, 5 200 csomag A beszerzendő termékek tárgyára és alapmennyiségére vonatkozó további adatokat a közbeszerzési dokumentumok részeként Ajánlattevők rendelkezésére bocsátott műszaki leírás, illetve ajánlati lap tartalmazza. Az alapmennyiségen Ajánlatkérő az ajánlati lapon rögzített 12 hónapra vonatkozó mennyiséget érti. A megadott alapmennyiségektől Ajánlatkérő +20%-kal eltérhet a szerződés teljesítése során. Egyes termékeknél meghatározott gyártmányú, eredetű, típusú dologra, eljárásra, tevékenységre, személyre, szabadalomra vagy védjegyre való hivatkozást a közbeszerzés tárgyának egyértelmű és közérthető meghatározása tette szükségessé, de a megnevezés csak a tárgy jellegének egyértelmű meghatározása érdekében történt és az ajánlatkérő valamennyi egyedileg megjelölt dologgal vagy védjeggyel összefüggésben elfogad azzal egyenértékű dolgot, a megjelölt terméket helyettesítő megoldást is azzal, hogy az egyenértékűséget az Ajánlattevőnek igazolnia kell. | Különféle élelmiszerek beszerzése a Tolna Vármegyei Balassa János Kórház részére Tojás 1. tojás (77 000 Db): fertőtlenített, ""M"" nagyságú. Összesen: 77 000 db A beszerzendő termékek tárgyára és alapmennyiségére vonatkozó további adatokat a közbeszerzési dokumentumok részeként Ajánlattevők rendelkezésére bocsátott műszaki leírás, illetve ajánlati lap tartalmazza. Az alapmennyiségen Ajánlatkérő az ajánlati lapon rögzített 12 hónapra vonatkozó mennyiséget érti. A megadott alapmennyiségektől Ajánlatkérő +20%-kal eltérhet a szerződés teljesítése során. Egyes termékeknél meghatározott gyártmányú, eredetű, típusú dologra, eljárásra, tevékenységre, személyre, szabadalomra vagy védjegyre való hivatkozást a közbeszerzés tárgyának egyértelmű és közérthető meghatározása tette szükségessé, de a megnevezés csak a tárgy jellegének egyértelmű meghatározása érdekében történt és az ajánlatkérő valamennyi egyedileg megjelölt dologgal vagy védjeggyel összefüggésben elfogad azzal egyenértékű dolgot, a megjelölt terméket helyettesítő megoldást is azzal, hogy az egyenértékűséget az Ajánlattevőnek igazolnia kell. | Különféle élelmiszerek beszerzése a Tolna Vármegyei Balassa János Kórház részére Savanyúságok 1. Csemege uborka (2 000 kg): mérete: 6-8cm; 2. Savanyú káposzta (600 kg): gyalult, fehér káposzta; 3. Savanyú paprika (600 kg): TV, csemege; 4. Cékla savanyúság (600 kg): szeletelt; 5. Vegyes vágott (1 500 kg): összetevők: fehér káposzta, uborka, paprika, sárgarépa. Összesen: 5 300 kg A beszerzendő termékek tárgyára és alapmennyiségére vonatkozó további adatokat a közbeszerzési dokumentumok részeként Ajánlattevők rendelkezésére bocsátott műszaki leírás, illetve ajánlati lap tartalmazza. Az alapmennyiségen Ajánlatkérő az ajánlati lapon rögzített 12 hónapra vonatkozó mennyiséget érti. A megadott alapmennyiségektől Ajánlatkérő +20%-kal eltérhet a szerződés teljesítése során. Egyes termékeknél meghatározott gyártmányú, eredetű, típusú dologra, eljárásra, tevékenységre, személyre, szabadalomra vagy védjegyre való hivatkozást a közbeszerzés tárgyának egyértelmű és közérthető meghatározása tette szükségessé, de a megnevezés csak a tárgy jellegének egyértelmű meghatározása érdekében történt és az ajánlatkérő valamennyi egyedileg megjelölt dologgal vagy védjeggyel összefüggésben elfogad azzal egyenértékű dolgot, a megjelölt terméket helyettesítő megoldást is azzal, hogy az egyenértékűséget az Ajánlattevőnek igazolnia kell. | Különféle élelmiszerek beszerzése a Tolna Vármegyei Balassa János Kórház részére Zöldség-gyümölcs 1. Burgonya (Jan.01-Máj.31-ig) (17 500 kg): 60 mm feletti; 2. Burgonya (Jún.01-Aug.31-ig) (7 500 kg): 60 mm feletti; 3. Burgonya (Szept.1-Dec.31-ig) (10 000 kg): 60 mm feletti; 4. Vöröshagyma (Jan. 1-Márc.31-ig) (2 000 kg): 50 mm feletti; 5. Vöröshagyma (Ápr. 1-Júni.30-ig) (2 000 kg): 50 mm feletti; 6. Vöröshagyma (Júli.1-Dec. 31-ig) (3 500 kg): 50 mm feletti; 7. Fokhagyma (300 kg); 8. Petrezselyem gyökér (500 kg); 9. Sárgarépa (500 kg); 10. Uborka (Jan.1-Márc.31-ig) (200 kg): kígyóuborka; 11. Uborka (Ápr.1-Szept.31-ig) (200 kg): kígyóuborka; 12. Uborka (Okt.1-Dec.31-ig) (200 kg): kígyóuborka; 13. TV paprika (Jan. 1-Máj. 31-ig) (200 kg): TV; 14. TV paprika (Jún. 1-Okt. 31-ig) (200 kg): TV; 15. TV paprika (Nov.1-Dec.31-ig) (200 kg): TV; 16. Jégcsapretek (Jan.31-Ápr. 30-ig) (100 kg): jégcsapretek; 17. Jégcsapretek (Júli. 1-Dec.31-ig) (100 kg): jégcsapretek; 18. Paradicsom (Jan.1-Máj.31-ig) (200 kg); 19. Paradicsom (Jún.1-Okt.31-ig) (200 kg); 20. Paradicsom (Nov.1-Dec.31-ig) (200 kg); 21. Fejes káposzta (Jan.1-Ápr.30-ig) (750 kg); 22. Fejes káposzta (Máj.1-Júli.31-ig) (500 kg); 23. Fejes káposzta (Aug.1-Dec. 31-ig) (950 kg); 24. Kelkáposzta (900 kg); 25. Cékla (100 kg); 26. Cukkini (100 kg); 27. Lilakáposzta (150 kg); 28. Jégsaláta (120 db); 29. Zöldhagyma (100 csomó); 30. Citrom (200 kg); 31. Banán (450 kg); 32. Narancs (Dec.01 - Febr.28-ig) (200 kg): 70-80 mm közötti; 33. Mandarin (Dec.01 - Febr.28-ig) (100 kg): max.65 mm; 34. Alma (Jan.1-Júni.30-ig) (4 500 kg): 65-75 mm; 35. Alma (Júli.1-Dec.31-ig) (4 500 kg): 65-75 mm; 36. Körte (Jan. 1.-Dec.31.-ig) (500 kg): 100-200 mm; 37. Pritamin paprika (120 kg): zöld és piros húsú. Összesen: 59 820 kg, 120 db, 100 csomó A beszerzendő termékek tárgyára és alapmennyiségére vonatkozó további adatokat a közbeszerzési dokumentumok részeként Ajánlattevők rendelkezésére bocsátott műszaki leírás, illetve ajánlati lap tartalmazza. Az alapmennyiségen Ajánlatkérő az ajánlati lapon rögzített 12 hónapra vonatkozó mennyiséget érti. A megadott alapmennyiségektől Ajánlatkérő +20%-kal eltérhet a szerződés teljesítése során. Egyes termékeknél meghatározott gyártmányú, eredetű, típusú dologra, eljárásra, tevékenységre, személyre, szabadalomra vagy védjegyre való hivatkozást a közbeszerzés tárgyának egyértelmű és közérthető meghatározása tette szükségessé, de a megnevezés csak a tárgy jellegének egyértelmű meghatározása érdekében történt és az ajánlatkérő valamennyi egyedileg megjelölt dologgal vagy védjeggyel összefüggésben elfogad azzal egyenértékű dolgot, a megjelölt terméket helyettesítő megoldást is azzal, hogy az egyenértékűséget az Ajánlattevőnek igazolnia kell. | Különféle élelmiszerek beszerzése a Tolna Vármegyei Balassa János Kórház részére Glutén és laktózmentes termékek 1. Kukoricaliszt (70 kg): gluténmentes, laktózmentes, hozzáadott cukrot nem tartalmaz, tejmentes, tojásmentes, szójamentes liszt; 2. Rizsliszt (70 kg): gluténmentes, laktózmentes, hozzáadott cukrot nem tartalmaz, tejmentes, tojásmentes, szójamentes liszt; 3. Gluténmentes zsemlemorzsa (10 kg): gluténmentes, tejmentes, laktózmentes, tojásmentes, szójamentes, lupinmentes; 4. Instant élesztő (100 db): csomagolt, szárított, gluténmentes; 5. Gluténmentes levestészta kiskocka (40 kg): kukoricalisztből készült kiskocka tészta, tojást, tejcukrot, szóját nem tartalmaz; 6. Gluténmentes körettészta orsó (20 kg):kukoricalisztből készült orsó tészta, tojást, tejcukrot, szóját nem tartalmaz; 7. Gluténmentes körettészta nagykocka (20 kg):kukoricalisztből készült nagykocka tészta, tojást, tejcukrot, szóját nem tartalmaz; 8. Gluténmentes körettészta hosszúmetélt (20 kg):kukoricalisztből készült hosszúmetélt, tojást, tejcukrot, szóját nem tartalmaz; 9. Laktózmentes tej (60 l): UHT, max. 1,5% zsírtartalom. Összesen: 250 kg, 100 db, 60 l A beszerzendő termékek tárgyára és alapmennyiségére vonatkozó további adatokat a közbeszerzési dokumentumok részeként Ajánlattevők rendelkezésére bocsátott műszaki leírás, illetve ajánlati lap tartalmazza. Az alapmennyiségen Ajánlatkérő az ajánlati lapon rögzített 12 hónapra vonatkozó mennyiséget érti. A megadott alapmennyiségektől Ajánlatkérő +20%-kal eltérhet a szerződés teljesítése során. Egyes termékeknél meghatározott gyártmányú, eredetű, típusú dologra, eljárásra, tevékenységre, személyre, szabadalomra vagy védjegyre való hivatkozást a közbeszerzés tárgyának egyértelmű és közérthető meghatározása tette szükségessé, de a megnevezés csak a tárgy jellegének egyértelmű meghatározása érdekében történt és az ajánlatkérő valamennyi egyedileg megjelölt dologgal vagy védjeggyel összefüggésben elfogad azzal egyenértékű dolgot, a megjelölt terméket helyettesítő megoldást is azzal, hogy az egyenértékűséget az Ajánlattevőnek igazolnia kell. | Különféle élelmiszerek beszerzése a Tolna Vármegyei Balassa János Kórház részére Ásványvíz, gyümölcslevek 1. Szénsavmentes ásványvíz (2 500 l): szénsavmentes; 2. Szénsavas ásványvíz (2 500 l): szénsavas; 3. Gyümölcslé (350 l): min. 25% gyümölcstartalom, rostos, barack; 4. Gyümölcslé (2 000 db): 2 dl-es, dobozos, szívószálas, min. 25% gyümölcstartalom, szűrt, alma; 5. Ananászlé (200 db): 100% gyümölcstartalom. Összesen: 2 200 db, 5 350 l A beszerzendő termékek tárgyára és alapmennyiségére vonatkozó további adatokat a közbeszerzési dokumentumok részeként Ajánlattevők rendelkezésére bocsátott műszaki leírás, illetve ajánlati lap tartalmazza. Az alapmennyiségen Ajánlatkérő az ajánlati lapon rögzített 12 hónapra vonatkozó mennyiséget érti. A megadott alapmennyiségektől Ajánlatkérő +20%-kal eltérhet a szerződés teljesítése során. Egyes termékeknél meghatározott gyártmányú, eredetű, típusú dologra, eljárásra, tevékenységre, személyre, szabadalomra vagy védjegyre való hivatkozást a közbeszerzés tárgyának egyértelmű és közérthető meghatározása tette szükségessé, de a megnevezés csak a tárgy jellegének egyértelmű meghatározása érdekében történt és az ajánlatkérő valamennyi egyedileg megjelölt dologgal vagy védjeggyel összefüggésben elfogad azzal egyenértékű dolgot, a megjelölt terméket helyettesítő megoldást is azzal, hogy az egyenértékűséget az Ajánlattevőnek igazolnia kell. | Különféle élelmiszerek beszerzése a Tolna Vármegyei Balassa János Kórház részére Kávé, tea 1. Zamat kávé (200 kg): pörkölt Cikória aszalvány min. 40%; 2. Cikória kávé (200 kg): cikória aszalvány (őrölt, pörkölt) min. 99%; 3. Gyümölcs tea (250 kg): filteres, tasakonként 100 gr. gyümölcs-gyógynövény keverék, melegital készítésére; 4. Teafű (300 kg): szálas, fekete tea; 5. Instant teapor (300 kg): citrom ízű, cukorral és édesítőszerrel. Összesen: 1 250 kg A beszerzendő termékek tárgyára és alapmennyiségére vonatkozó további adatokat a közbeszerzési dokumentumok részeként Ajánlattevők rendelkezésére bocsátott műszaki leírás, illetve ajánlati lap tartalmazza. Az alapmennyiségen Ajánlatkérő az ajánlati lapon rögzített 12 hónapra vonatkozó mennyiséget érti. A megadott alapmennyiségektől Ajánlatkérő +20%-kal eltérhet a szerződés teljesítése során. Egyes termékeknél meghatározott gyártmányú, eredetű, típusú dologra, eljárásra, tevékenységre, személyre, szabadalomra vagy védjegyre való hivatkozást a közbeszerzés tárgyának egyértelmű és közérthető meghatározása tette szükségessé, de a megnevezés csak a tárgy jellegének egyértelmű meghatározása érdekében történt és az ajánlatkérő valamennyi egyedileg megjelölt dologgal vagy védjeggyel összefüggésben elfogad azzal egyenértékű dolgot, a megjelölt terméket helyettesítő megoldást is azzal, hogy az egyenértékűséget az Ajánlattevőnek igazolnia kell. | Különféle élelmiszerek beszerzése a Tolna Vármegyei Balassa János Kórház részére Száraz áruk 1. Rizs (5 500 kg): ""A"" minőségű, fényezetlen, hosszú szemű rizs; 2. Sárgaborsó (550 kg): feles, hántolt; 3. Szárazbab (150 kg): fehér apró szemű; 4. Asztali só (2 500 kg): finomsó, jódozott; 5. Kristálycukor (9 000 kg); 6. Porcukor (600 kg); 7. Mokkacukor (40 kg); 8. Édesítőszer tablettás (30 db): ciklamát és szacharin alapú; 9. Édesítőszer (10 kg): glukonon por; 10. Folyékony édesítőszer (350 l): folyékony; 11. Vaniliás pudingpor (150 kg): főzéssel elkészíthető; 12. Csokis pudingpor (30 kg): főzéssel elkészíthető; 13. Eperízű pudingpor (70 kg): főzéssel elkészíthető; 14. Tortabevonó (50 db): kakaós éttortabevonó, zsírszegény kakaópor 13,5-15%; 15. Háztartási keksz (300 kg); 16. Babapiskóta (40 kg); 17. Édes diabetikus sütemény vaníliás (150 kg): vaniliás, édesítőszerek (maltit, izomalt); 18. Édes diabetikus sütemény kakaós (150 kg): kakaós, zsírszegény kakaópor max.3 %, édesítőszerek (maltit, izomalt); 19. Liszt (10 000 kg): búza finomliszt, BL-55; 20. Búzadara (1 600 kg); 21. Zsemlemorzsa (1 300 kg); 22. Levesgyöngy (60 kg); 23. Étkezési mák (60 kg): darálva; 24. Citromsav (500 kg); 25. Dióbél (150 kg): tisztított, csomagolt; 26. Aroma (450 db): rumaroma; 27. Mandula (18 kg): szeletelt, mandulabél; 28. Bulgur (405 kg): búzatöret. Összesen: 33 333 kg, 530 db, 350 l A beszerzendő termékek tárgyára és alapmennyiségére vonatkozó további adatokat a közbeszerzési dokumentumok részeként Ajánlattevők rendelkezésére bocsátott műszaki leírás, illetve ajánlati lap tartalmazza. Az alapmennyiségen Ajánlatkérő az ajánlati lapon rögzített 12 hónapra vonatkozó mennyiséget érti. A megadott alapmennyiségektől Ajánlatkérő +20%-kal eltérhet a szerződés teljesítése során. Egyes termékeknél meghatározott gyártmányú, eredetű, típusú dologra, eljárásra, tevékenységre, személyre, szabadalomra vagy védjegyre való hivatkozást a közbeszerzés tárgyának egyértelmű és közérthető meghatározása tette szükségessé, de a megnevezés csak a tárgy jellegének egyértelmű meghatározása érdekében történt és az ajánlatkérő valamennyi egyedileg megjelölt dologgal vagy védjeggyel összefüggésben elfogad azzal egyenértékű dolgot, a megjelölt terméket helyettesítő megoldást is azzal, hogy az egyenértékűséget az Ajánlattevőnek igazolnia kell. | Különféle élelmiszerek beszerzése a Tolna Vármegyei Balassa János Kórház részére Zsiradékok 1. Étolaj (10 000 l): napraforgó; 2. Tejszín (950 l): 15-25% zsírtartalmú, növényi alapú, főzéshez, sütéshez; 3. Margarin (400 kg): max. 70% zsírtartalmú, növényi alapú, tégla; 4. Margarinkrém (400 kg): max. 30% zsírtartalmú margarin, kenhető; 5. Margarinkrém (200 kg): növényi olajok max. 20% kenhető, laktózmentes; 6. Mini margarin (240 000 db): növényi olajok max. 60%. Összesen: 1 000 kg, 240 000 db, 10 950 l A beszerzendő termékek tárgyára és alapmennyiségére vonatkozó további adatokat a közbeszerzési dokumentumok részeként Ajánlattevők rendelkezésére bocsátott műszaki leírás, illetve ajánlati lap tartalmazza. Az alapmennyiségen Ajánlatkérő az ajánlati lapon rögzített 12 hónapra vonatkozó mennyiséget érti. A megadott alapmennyiségektől Ajánlatkérő +20%-kal eltérhet a szerződés teljesítése során. Egyes termékeknél meghatározott gyártmányú, eredetű, típusú dologra, eljárásra, tevékenységre, személyre, szabadalomra vagy védjegyre való hivatkozást a közbeszerzés tárgyának egyértelmű és közérthető meghatározása tette szükségessé, de a megnevezés csak a tárgy jellegének egyértelmű meghatározása érdekében történt és az ajánlatkérő valamennyi egyedileg megjelölt dologgal vagy védjeggyel összefüggésben elfogad azzal egyenértékű dolgot, a megjelölt terméket helyettesítő megoldást is azzal, hogy az egyenértékűséget az Ajánlattevőnek igazolnia kell. | Különféle élelmiszerek beszerzése a Tolna Vármegyei Balassa János Kórház részére Fagyasztott baromfi és hal 1. Csirkecomb egész (2 500 kg); 2. Csirke felsőcomb (2 500 kg); 3. Csirke alsócomb (2 000 kg); 4. Baromfi máj (450 kg): csirke, szív nélkül; 5. Pulyka felsőcomb filé (450 kg); 6. Csirkemell filé (1 400 kg): csont és bőr nélküli egész csirkemell; 7. Cápaharcsa filé (900 kg): 10-20% glazúr tartalommal. Összesen: 10 200 kg A beszerzendő termékek tárgyára és alapmennyiségére vonatkozó további adatokat a közbeszerzési dokumentumok részeként Ajánlattevők rendelkezésére bocsátott műszaki leírás, illetve ajánlati lap tartalmazza. Az alapmennyiségen Ajánlatkérő az ajánlati lapon rögzített 12 hónapra vonatkozó mennyiséget érti. A megadott alapmennyiségektől Ajánlatkérő +20%-kal eltérhet a szerződés teljesítése során. Egyes termékeknél meghatározott gyártmányú, eredetű, típusú dologra, eljárásra, tevékenységre, személyre, szabadalomra vagy védjegyre való hivatkozást a közbeszerzés tárgyának egyértelmű és közérthető meghatározása tette szükségessé, de a megnevezés csak a tárgy jellegének egyértelmű meghatározása érdekében történt és az ajánlatkérő valamennyi egyedileg megjelölt dologgal vagy védjeggyel összefüggésben elfogad azzal egyenértékű dolgot, a megjelölt terméket helyettesítő megoldást is azzal, hogy az egyenértékűséget az Ajánlattevőnek igazolnia kell. | Különféle élelmiszerek beszerzése a Tolna Vármegyei Balassa János Kórház részére Kényelmi termékek 1. Zabkása (700 kg): zabpehely 46-55%, csökkentett cukortartalom; 2. Köleskása (200 kg): kölespehely min. 20%; 3. Müzli szelet (1 200 db): gyümölcsös, gyümölcs tartalom min. 10%; 4. Müzli szelet (2 000 db): diabetikus, fruktózzal és édesítőszerrel, hozzáadott cukor nélkül; 5. Burgonyapüre pehely por (170 kg): szárított burgonyapüre min. 84,7%, zsírszegény tejpor max. 9%; 6. Puffasztott rizs (400 csomag): natúr; 7. Extrudált kenyér (600 csomag): kukoricás, teljes gabonaszem felhasználásával, tartósítószer és mesterséges adalékanyagok hozzáadása nélkül készülő, élelmi rostban gazdag; 8. Korpás keksz (500 csomag): teljeskiőrlésű gabonát, élelmi rostot, fehérjéket, vitaminokat és ásványi anyagokat tartalmaz, hozzáadott cukor nélkül; 9. Vaníliás cukor (80 kg). Összesen: 1 150 kg, 3 200 db, 1 500 csomag A beszerzendő termékek tárgyára és alapmennyiségére vonatkozó további adatokat a közbeszerzési dokumentumok részeként Ajánlattevők rendelkezésére bocsátott műszaki leírás, illetve ajánlati lap tartalmazza. Az alapmennyiségen Ajánlatkérő az ajánlati lapon rögzített 12 hónapra vonatkozó mennyiséget érti. A megadott alapmennyiségektől Ajánlatkérő +20%-kal eltérhet a szerződés teljesítése során. Egyes termékeknél meghatározott gyártmányú, eredetű, típusú dologra, eljárásra, tevékenységre, személyre, szabadalomra vagy védjegyre való hivatkozást a közbeszerzés tárgyának egyértelmű és közérthető meghatározása tette szükségessé, de a megnevezés csak a tárgy jellegének egyértelmű meghatározása érdekében történt és az ajánlatkérő valamennyi egyedileg megjelölt dologgal vagy védjeggyel összefüggésben elfogad azzal egyenértékű dolgot, a megjelölt terméket helyettesítő megoldást is azzal, hogy az egyenértékűséget az Ajánlattevőnek igazolnia kell. | Különféle élelmiszerek beszerzése a Tolna Vármegyei Balassa János Kórház részére Fűszerek, ételízesítők 1. Ketchup (250 kg): vödrös csomagolású, sűrített paradicsom 15%-17%; 2. Ketchup (30 kg): flakonos; 3. Mustár (100 kg): flakonos; 4. Majonéz (350 kg): vödrös csomagolású; 5. Majonéz (25 kg): flakonos; 6. Babérlevél (1 kg): egész; 7. Fűszerpaprika (250 kg): csomagolt, édes, fűszerpaprika őrlemény; 8. Köménymag (4 kg): őrölt; 9. Bors (4 csomag): egész; 10. Bors (25 kg): őrölt; 11. Fahéj (2 kg): őrölt; 12. Majoranna (1 kg): őrölt; 13. Oregánó (1 kg): őrölt; 14. Bazsalikom (1 kg): őrölt; 15. Tárkony (1 kg): morzsolt; 16. Szegfűszeg (6 kg): egész; 17. Ételecet (400 l): 10%; 18. Ételízesítő (250 kg): sómentes és gluténmentes; 19. Ételízesítő (160 kg): instant ételízesítő; 20. Csontleves alap (24 kg): hozzáadott só nélkül; 21. Sertésfűszer (20 kg); 22. Szárnyas fűszer (20 kg); 23. Háztartási keksz (100 kg): háztartási keksz édesítőszerekkel; 24. Kakaópor (40 kg): 20-22 % zsírtartalommal; 25. Instant kakaópor (10 kg): cukrozott kakaóitalpor, vitaminokkal és ásványi anyagokkal dúsított. Összesen: 1 671 kg, 400 l, 4 csomag A beszerzendő termékek tárgyára és alapmennyiségére vonatkozó további adatokat a közbeszerzési dokumentumok részeként Ajánlattevők rendelkezésére bocsátott műszaki leírás, illetve ajánlati lap tartalmazza. Az alapmennyiségen Ajánlatkérő az ajánlati lapon rögzített 12 hónapra vonatkozó mennyiséget érti. A megadott alapmennyiségektől Ajánlatkérő +20%-kal eltérhet a szerződés teljesítése során. Egyes termékeknél meghatározott gyártmányú, eredetű, típusú dologra, eljárásra, tevékenységre, személyre, szabadalomra vagy védjegyre való hivatkozást a közbeszerzés tárgyának egyértelmű és közérthető meghatározása tette szükségessé, de a megnevezés csak a tárgy jellegének egyértelmű meghatározása érdekében történt és az ajánlatkérő valamennyi egyedileg megjelölt dologgal vagy védjeggyel összefüggésben elfogad azzal egyenértékű dolgot, a megjelölt terméket helyettesítő megoldást is azzal, hogy az egyenértékűséget az Ajánlattevőnek igazolnia kell. | Különféle élelmiszerek beszerzése a Tolna Vármegyei Balassa János Kórház részére Konzervek 1. Almabefőtt (2 400 db); 2. Őszibarack befőtt (1 500 db): felezett, hámozott; 3. Meggybefőtt (1 500 db): magozott; 4. Ananász befőtt (100 db): darabolt; 5. Sárgabarack íz (350 kg): min. gyümölcstartalom 45 gr./100 gr., vödrös; 6. Jam (22 000 db): sárgabarack ízesítésű, min. 35 gr/100 gr. gyümölcstartalom; 7. Mogyorókrém (3 000 db): kenhető, kakaós; 8. Szaharinos jam (20 000 db): sárgabarack, min. gyümölcstartalom 50 gr/100 gr.; 9. Gyümölcsíz (60 kg): faládás vagy papírdobozos, sütésálló, vegyesíz, min. gyümölcstartalom 60 gr./100 gr.; 10. Méz (18 000 db): virágméz; 11. Diabetikus édesítő /mézpótló/ (4 500 db): diabetikus édesítő, méz helyett, hozzáadott cukor nélkül; 12. Citromlé (4 000 db): gyümölcstartalom min. 40%-os; 13. Lecsókonzerv (1 500 db): natúr, 28-32 % paprika tartalommal; 14. Paradicsompüré (1 000 db): 28-30 % sűrített paradicsom tartalommal; 15. Gombakonzerv (500 db): szeletelt gombával. Összesen: 410 kg, 80 000 db A beszerzendő termékek tárgyára és alapmennyiségére vonatkozó további adatokat a közbeszerzési dokumentumok részeként Ajánlattevők rendelkezésére bocsátott műszaki leírás, illetve ajánlati lap tartalmazza. Az alapmennyiségen Ajánlatkérő az ajánlati lapon rögzített 12 hónapra vonatkozó mennyiséget érti. A megadott alapmennyiségektől Ajánlatkérő +20%-kal eltérhet a szerződés teljesítése során. Egyes termékeknél meghatározott gyártmányú, eredetű, típusú dologra, eljárásra, tevékenységre, személyre, szabadalomra vagy védjegyre való hivatkozást a közbeszerzés tárgyának egyértelmű és közérthető meghatározása tette szükségessé, de a megnevezés csak a tárgy jellegének egyértelmű meghatározása érdekében történt és az ajánlatkérő valamennyi egyedileg megjelölt dologgal vagy védjeggyel összefüggésben elfogad azzal egyenértékű dolgot, a megjelölt terméket helyettesítő megoldást is azzal, hogy az egyenértékűséget az Ajánlattevőnek igazolnia kell. | Különféle élelmiszerek beszerzése a Tolna Vármegyei Balassa János Kórház részére Kenyér és péksütemény 1. Fehér kenyér (30 000 kg): fehér lisztből készült, szeletelt, csomagolt, forma; 2. Kenyér (16 000 kg): teljeskiőrlésű lisztből készült, szeletelt, csomagolt, forma; 3. Zsemle (115 000 db): vizes zsemle; 4. Zsemle (1 500 db): teljeskiőrlésű lisztből készült, friss; 5. Kifli (85 000 db): vizes kifli; 6. Kifli (600 db): teljeskiőrlésű lisztből készült, friss; 7. Kalács (2 000 db): édes, formában; 8. Élesztő (35 kg). Összesen: 46 035 kg, 204 100 db A beszerzendő termékek tárgyára és alapmennyiségére vonatkozó további adatokat a közbeszerzési dokumentumok részeként Ajánlattevők rendelkezésére bocsátott műszaki leírás, illetve ajánlati lap tartalmazza. Az alapmennyiségen Ajánlatkérő az ajánlati lapon rögzített 12 hónapra vonatkozó mennyiséget érti. A megadott alapmennyiségektől Ajánlatkérő +20%-kal eltérhet a szerződés teljesítése során. Egyes termékeknél meghatározott gyártmányú, eredetű, típusú dologra, eljárásra, tevékenységre, személyre, szabadalomra vagy védjegyre való hivatkozást a közbeszerzés tárgyának egyértelmű és közérthető meghatározása tette szükségessé, de a megnevezés csak a tárgy jellegének egyértelmű meghatározása érdekében történt és az ajánlatkérő valamennyi egyedileg megjelölt dologgal vagy védjeggyel összefüggésben elfogad azzal egyenértékű dolgot, a megjelölt terméket helyettesítő megoldást is azzal, hogy az egyenértékűséget az Ajánlattevőnek igazolnia kell. | Különféle élelmiszerek beszerzése a Tolna Vármegyei Balassa János Kórház részére Száraztészták 1. Nagykocka tészta (1 200 kg): durum lisztből készült, fodros szélű; 2. Lúdgége tészta (leves betét) (108 kg): durum lisztből készült; 3. Szarvacska (körettészta) (500 kg): durum lisztből készült; 4. Kiskocka tészta (leves betét) (600 kg):durum lisztből készült, kiskocka formájú; 5. Kiskagyló (levesbetét) (450 kg): minimum 4 tojásos, kiskagyló formájú; 6. ABC betű tészta (levesbetét) (108 kg): minimum 4 tojásos, Abc formájú; 7. Orsó tészta (1 500 kg): durum lisztből készült; 8. Rövidcső tészta (400 kg): minimum 4 tojásos, búzalisztből készült; 9. Hosszúmetélt (900 kg): durum lisztből készült; 10. Tarhonya (1 750 kg): durum lisztből készült, gépi nagy szemű; 11. Spagetti (1 200 kg): durum lisztből készült; 12. Csipetke (200 kg): minimum 8 tojásos ,búzalisztből készült; 13. Penne (100 kg): durum lisztből készült; 14. Cérnametélt (150 kg): minimum 4 tojásos, búzalisztből készült, 2-3 cm-es; 15. Gyufametélt (60 kg): minimum 8 tojásos, búzalisztből készült, /halászlétészta/; 16. Eperlevél (120 kg): minimum 8 tojásos, búzalisztből készült; 17. Reszelt tészta (150 kg): minimum 4 tojásos, búzalisztből készült. Összesen: 9 496 kg A beszerzendő termékek tárgyára és alapmennyiségére vonatkozó további adatokat a közbeszerzési dokumentumok részeként Ajánlattevők rendelkezésére bocsátott műszaki leírás, illetve ajánlati lap tartalmazza. Az alapmennyiségen Ajánlatkérő az ajánlati lapon rögzített 12 hónapra vonatkozó mennyiséget érti. A megadott alapmennyiségektől Ajánlatkérő +20%-kal eltérhet a szerződés teljesítése során. Egyes termékeknél meghatározott gyártmányú, eredetű, típusú dologra, eljárásra, tevékenységre, személyre, szabadalomra vagy védjegyre való hivatkozást a közbeszerzés tárgyának egyértelmű és közérthető meghatározása tette szükségessé, de a megnevezés csak a tárgy jellegének egyértelmű meghatározása érdekében történt és az ajánlatkérő valamennyi egyedileg megjelölt dologgal vagy védjeggyel összefüggésben elfogad azzal egyenértékű dolgot, a megjelölt terméket helyettesítő megoldást is azzal, hogy az egyenértékűséget az Ajánlattevőnek igazolnia kell. | Különféle élelmiszerek beszerzése a Tolna Vármegyei Balassa János Kórház részére Mirelit áruk 1. Parajkrém (1 700 kg): rostos, tört, nem tejszínes; 2. Tök (4 500 kg): gyalult tök, kaporral; 3. Zöldbab (4 000 kg): vajbab, sárgahüvelyű, vágott; 4. Zöldborsó (4 000 kg): zsenge; 5. Petrezselyem zöld (400 kg): gyorsfagyasztott, vágott; 6. Karalábé kocka (1 800 kg); 7. Sárgarépa kocka (9 000 kg); 8. Fejtett bab (400 kg); 9. Brokkoli (1 500 kg): 20-25 mm rózsák; 10. Karfiol rózsa (2 000 kg): 35 mm feletti; 11. Zeller kocka (1 200 kg); 12. Petrezselyemgyökér kocka (7 000 kg); 13. Mexikói zöldségkeverék (200 kg): sárgarépa, morzsolt kukorica, zöldborsó; 14. Kukorica morzsolt (150 kg): csemege kukorica, morzsolt; 15. Panírozott halrúd (150 kg): halrúd alaszkai tőkehal filéből (53%), elősütött; 16. Krokett (600 kg): burgonyából, panírozott; 17. Szilvásgombóc (300 kg): szilva töltelékes gombóc; 18. Túrótöltelékes gombóc (500 kg): túróval töltött gombóc; 19. Derelye ízes (100 kg): vegyes ízzel töltött; 20. Derelye túrós (100 kg): túró töltelékkel töltött. Összesen: 39 500 kg A beszerzendő termékek tárgyára és alapmennyiségére vonatkozó további adatokat a közbeszerzési dokumentumok részeként Ajánlattevők rendelkezésére bocsátott műszaki leírás, illetve ajánlati lap tartalmazza. Az alapmennyiségen Ajánlatkérő az ajánlati lapon rögzített 12 hónapra vonatkozó mennyiséget érti. A megadott alapmennyiségektől Ajánlatkérő +20%-kal eltérhet a szerződés teljesítése során. Egyes termékeknél meghatározott gyártmányú, eredetű, típusú dologra, eljárásra, tevékenységre, személyre, szabadalomra vagy védjegyre való hivatkozást a közbeszerzés tárgyának egyértelmű és közérthető meghatározása tette szükségessé, de a megnevezés csak a tárgy jellegének egyértelmű meghatározása érdekében történt és az ajánlatkérő valamennyi egyedileg megjelölt dologgal vagy védjeggyel összefüggésben elfogad azzal egyenértékű dolgot, a megjelölt terméket helyettesítő megoldást is azzal, hogy az egyenértékűséget az Ajánlattevőnek igazolnia kell. | Különféle élelmiszerek beszerzése a Tolna Vármegyei Balassa János Kórház részére Pástétomok 1. Sertés májkrém (10 500 db): tépőzáras csomagolású; 2. Csirke pástétom (15 000 db): tépőzáras csomagolású. Összesen: 25 500 db A beszerzendő termékek tárgyára és alapmennyiségére vonatkozó további adatokat a közbeszerzési dokumentumok részeként Ajánlattevők rendelkezésére bocsátott műszaki leírás, illetve ajánlati lap tartalmazza. Az alapmennyiségen Ajánlatkérő az ajánlati lapon rögzített 12 hónapra vonatkozó mennyiséget érti. A megadott alapmennyiségektől Ajánlatkérő +20%-kal eltérhet a szerződés teljesítése során. Egyes termékeknél meghatározott gyártmányú, eredetű, típusú dologra, eljárásra, tevékenységre, személyre, szabadalomra vagy védjegyre való hivatkozást a közbeszerzés tárgyának egyértelmű és közérthető meghatározása tette szükségessé, de a megnevezés csak a tárgy jellegének egyértelmű meghatározása érdekében történt és az ajánlatkérő valamennyi egyedileg megjelölt dologgal vagy védjeggyel összefüggésben elfogad azzal egyenértékű dolgot, a megjelölt terméket helyettesítő megoldást is azzal, hogy az egyenértékűséget az Ajánlattevőnek igazolnia kell.",Tolna Vármegyei Balassa János Kórház,HUN,kozbeszerzes@tmkorhaz.hu,,2026-05-21+02:00,,HUN | HUN | HUN | HUN | HUN | HUN | HUN | HUN | HUN | HUN | HUN | HUN | HUN | HUN | HUN | HUN | HUN | HUN | HUN | HUN | HUN,https://ted.europa.eu/en/notice/-/detail/347027-2026,2026-08-27T21:34:02+00:00,2916c7b43f4e129739cce98018252a005377b653dfc1fc425ec28f1806892205,LIVE,OFFICIAL_PUBLISHED_NOTICE,True,True,QUALIFIED_OFFICIAL_PROCUREMENT,精确产品词与食品采购语境同时命中
ted_eu,OFFICIAL_PROCUREMENT,CHILI,paprika,349092-2026,"Hungary – Food, beverages, tobacco and related products – Élelmiszerek beszerzése 2026","Tejtermékek Leírás: I. rész tejtermék 2026 éves Az egyes szerződések várható maximális nagyságrendje: S.sz. Termék megnevezése Kért menyiség Mérték-egység Kért kiszerelési egység* I. rész tejtermék 2026 éves 1 Liga kocka Margarin 600 db 250g 2 Rama Margarin 1500 db 500g 3 Flóra margarin kenhető 2000 db 400g 4 Vaj, Hagyományos 1200 db 100g 5 Vajkrém (magyaros) 400 db 200g 6 Vajkrém (natúr) 400 db 200g 7 Főzőtejszín 500 db 200ml 8 Habtejszín 200 db 250 9 Kefir 300 db 150g 10 Tej 4500 liter 1liter 11 Tej 28000 liter 5 liter 12 Tejföl 2500 db 150g 13 Tejföl 7000 db 315g 14 Tejszínhab spray 100 db 250ml 15 Danonino joghurt (gyümölcsös) 6000 db 50g 16 gyümölcs joghurt 4500 db 125g 17 Ivójoghurt, gyümölcsös (epres,barackos,erdeigyüm) 1500 db 500 g 18 Natúr joghurt 400 db 150g 19 Görög joghurt natur 600 db 1kg 20 Görög joghurt natur 9600 db 150g 21 Juhtúró 150 db 100g 22 Rikotta 52 db 250g 23 Tehéntúró, félzsíros 1200 db 250g 24 Tehéntúró, félzsíros 1000 db 450g 25 Kinder tejszelet 12000 db 28g 26 Milli krémtúró,vaníliás 1500 db 90g 27 Túró Rudi, pöttyös natúr étbevonóval mártva 6000 db 30g 28 Cukormentes túrórudi 3000 db 35g 29 Feta sajt 300 db 200g 30 Füstölt sajt 60 kg 1 kg 31 Kocka sajt Sajtmester 600 db 140g 32 Mascarpone sajt 52 db 250g 33 Mozzarella 250 db 100g 34 Mozzarella snack natúr 2500 db 20g 35 Rántani való sajt 196 db 500g 36 Szeletelt trappista sajt 2200 db 125g 37 Edámi sajt szeletelt 1200 db 125g 38 Gouda sajt szeletelt 600 db 100g 39 Trappista sajt 700 kg 1 kg 40 Tömlős sajt (kenhető) Sajtmester /natur, sonkás, szalámis/ 2600 db 100g Az egyes szerződések várható maximális nagyságrendje: Összesen 74 700 db, 32 500 liter, 760 kg. Jelen közbeszerzési eljárás tárgya Ajánlatkérő részére az alábbi élelmiszerek szállítása dinamikus beszerzési rendszer (DBR) keretében 12 hónap időtartamra, vagy a keretösszeg teljesüléséig: Becsült (12 havi) mennyiségek a DBR fennállásának időtartamára: A szerződés időtartama alatt rendelkezésre álló keretösszeg: nettó 30 017 294 Ft A fentiekben, valamint a közbeszerzési dokumentumokban részletesen megadott mennyiségi adatok becsült, tájékoztató jellegűek, Ajánlatkérő fenntartja a jogot arra, hogy a szerződés időtartama alatt a rendelkezésre álló keretösszeget maximum 20%-kal meghaladva a megadott mennyiségektől eltérjen. Lehívási minimum a keretmennyiség tekintetében: 70 %. Ajánlatkérő a DBR fennállása alatt 3 hónapos hatályú szerződéseket kíván kötni, de fenntartja a jogot, hogy ennél hosszabb hatályú szerződéseket kössön. Ajánlatkérő a Kbt. 107. § (2) bekezdés alapján a rendszerben megvalósítandó konkrét közbeszerzésekre vonatkozó pontos műszaki leírást és szerződéses feltételeket az ajánlattételi felhívás(ok) megküldésével egyidejűleg bocsátja rendelkezésre. Ajánlatkérő felhívja a figyelmet arra, hogy a 321/2015. (X. 30.) Korm. rendelet 46. § (3) bekezdésében foglaltak alapján, hogy a közbeszerzési dokumentumban a meghatározott gyártmányú vagy eredetű dologra, illetve konkrét eljárásra, amely egy adott gazdasági szereplő termékeit vagy az általa nyújtott szolgáltatásokat jellemzi, vagy védjegyre, szabadalomra, tevékenységre, személyre, típusra vagy adott származásra vagy gyártási folyamatra történő hivatkozások a közbeszerzés tárgyának egyértelmű, pontos és közérthető meghatározását szolgálják. Minden esetben a hivatkozás mellett a „vagy azzal egyenértékű” kifejezést is érteni kell. Az egyenértékűséget az ajánlattevőnek a 321/2015. (X. 30.) Korm. rendelet VII. fejezete szerint kell igazolnia az ajánlatban. Ajánlattevő kizárólag az Ajánlatkérő előírásainak mindenben megfelelő, I. osztályú, a Magyar Élelmiszerkönyvben meghatározott előírásoknak eleget tevő termékekre tehet ajánlatot. A termékekkel kapcsolatosan az ajánlattevőnek figyelembe kell vennie a közbeszerzési dokumentumokban leírtakat is. A megajánlott termékek adatainak pontos megadásával kapcsolatosan Ajánlatkérő felhívja az ajánlattevők figyelmét a Közbeszerzési Döntőbizottság D.225/9/2009 számú határozatára: „A Döntőbizottság álláspontja szerint egy meghatározott műszaki elvárást tartalmazó ajánlatkérői beszerzési igénynél kizárt annak lehetősége, hogy ajánlattevők ún. biankó ajánlatot tegyenek, azaz ne közöljék, hogy mely konkrét termékekkel fognak teljesíteni. Ez az elvárás a beszerzés tárgyából és jellegéből adódik, hiszen jelen eljárás tárgya árubeszerzés.”. Ajánlatkérő a Kbt. 53. § (4) bekezdése valamint a 131. § (9) bekezdése alkalmazásának tekintetében általa előre nem látható és ellenőrzési körén kívül eső körülménynek tekinti azt az esetet, ha a jelen közbeszerzési eljárás tárgyában központosított vagy közös közbeszerzési rendszerben keretmegállapodás vagy szerződés kerül megkötésre a központi beszerző szervezet (vagy közös ajánlatkérők nevében eljáró szervezet) által, és erre tekintettel az ajánlatkérőként szerződő félnek jogszabályban előírt csatlakozási kötelezettsége áll fenn az adott tételek vonatkozásában. | II. rész tőkehús 2026 éves mennyiség: Az egyes szerződések várható maximális nagyságrendje: S.sz. Termék megnevezése Kért menyiség Mérték-egység Kért kiszerelési egység* II. rész tőkehús 2026 éves 1 Marha lábszár csont nélkül 100 kg kg 2 Sertés húsoscsont 200 kg kg 3 Sertés szűzpecsenye 250 kg kg 4 Sertéscomb 3500 kg kg 5 Sertéskaraj, rövid, csont nélkül 450 kg kg 6 Sertésoldalas 100 kg kg 7 Sertésmáj 20 kg kg 8 Sertéstarja csont nélkül 220 kg kg 9 Füstölt nyers sertéscomb 50 kg kg 10 Füstölt nyers sertéstarja 50 kg kg 11 Füstölt kolozsvári szalonna 60 kg kg 12 Füstölt szalonna 70 kg kg 13 Füstölt parasztkolbász 100 kg kg 14 Hurka 40 kg kg 15 Kolbász 40 kg kg Az egyes szerződések várható maximális nagyságrendje: Összesen: 5250 kg. Jelen közbeszerzési eljárás tárgya Ajánlatkérő részére az alábbi élelmiszerek szállítása dinamikus beszerzési rendszer (DBR) keretében 12 hónap időtartamra, vagy a keretösszeg teljesüléséig: Becsült (12 havi) mennyiségek a DBR fennállásának időtartamára: A szerződés időtartama alatt rendelkezésre álló keretösszeg: nettó 9 597 500 Ft A fentiekben, valamint a közbeszerzési dokumentumokban részletesen megadott mennyiségi adatok becsült, tájékoztató jellegűek, Ajánlatkérő fenntartja a jogot arra, hogy a szerződés időtartama alatt a rendelkezésre álló keretösszeget maximum 20%-kal meghaladva a megadott mennyiségektől eltérjen. Lehívási minimum a keretmennyiség tekintetében: 70 %. Ajánlatkérő a DBR fennállása alatt 3 hónapos hatályú szerződéseket kíván kötni, de fenntartja a jogot, hogy ennél hosszabb hatályú szerződéseket kössön. Ajánlatkérő a Kbt. 107. § (2) bekezdés alapján a rendszerben megvalósítandó konkrét közbeszerzésekre vonatkozó pontos műszaki leírást és szerződéses feltételeket az ajánlattételi felhívás(ok) megküldésével egyidejűleg bocsátja rendelkezésre. Ajánlatkérő felhívja a figyelmet arra, hogy a 321/2015. (X. 30.) Korm. rendelet 46. § (3) bekezdésében foglaltak alapján, hogy a közbeszerzési dokumentumban a meghatározott gyártmányú vagy eredetű dologra, illetve konkrét eljárásra, amely egy adott gazdasági szereplő termékeit vagy az általa nyújtott szolgáltatásokat jellemzi, vagy védjegyre, szabadalomra, tevékenységre, személyre, típusra vagy adott származásra vagy gyártási folyamatra történő hivatkozások a közbeszerzés tárgyának egyértelmű, pontos és közérthető.meghatározását szolgálják. Minden esetben a hivatkozás mellett a „vagy azzal egyenértékű” kifejezést is érteni kell. Az egyenértékűséget az ajánlattevőnek a 321/2015. (X. 30.) Korm. rendelet VII. fejezete szerint kell igazolnia az ajánlatban. Ajánlattevő kizárólag az Ajánlatkérő előírásainak mindenben megfelelő, I. osztályú, a Magyar Élelmiszerkönyvben meghatározott előírásoknak eleget tevő termékekre tehet ajánlatot. A termékekkel kapcsolatosan az ajánlattevőnek figyelembe kell vennie a közbeszerzési dokumentumokban leírtakat is. A megajánlott termékek adatainak pontos megadásával kapcsolatosan Ajánlatkérő felhívja az ajánlattevők figyelmét a Közbeszerzési Döntőbizottság D.225/9/2009 számú határozatára: „A Döntőbizottság álláspontja szerint egy meghatározott műszaki elvárást tartalmazó ajánlatkérői beszerzési igénynél kizárt annak lehetősége, hogy ajánlattevők ún. biankó ajánlatot tegyenek, azaz ne közöljék, hogy mely konkrét termékekkel fognak teljesíteni. Ez az elvárás a beszerzés tárgyából és jellegéből adódik, hiszen jelen eljárás tárgya árubeszerzés.”. Ajánlatkérő a Kbt. 53. § (4) bekezdése valamint a 131. § (9) bekezdése alkalmazásának tekintetében általa előre nem látható és ellenőrzési körén kívül eső körülménynek tekinti azt az esetet, ha a jelen közbeszerzési eljárás tárgyában központosított vagy közös közbeszerzési rendszerben keretmegállapodás vagy szerződés kerül megkötésre a központi beszerző szervezet (vagy közös ajánlatkérők nevében eljáró szervezet) által, és erre tekintettel az ajánlatkérőként szerződő félnek jogszabályban előírt csatlakozási kötelezettsége áll fenn az adott tételek vonatkozásában. | III. rész baromfihús 2026 éves mennyiség: Az egyes szerződések várható maximális nagyságrendje: S.sz. Termék megnevezése Kért menyiség Mérték-egység Kért kiszerelési egység* III. rész baromfihús 2026 éves 1 Csirke felső comb 1100 kg kg 2 Csirkecomb filé 800 kg kg 3 Csirke egész comb 300 kg kg 4 Csirkeszárny 60 kg kg 4 Csirkemáj szív nélkül 1000 kg kg 5 Csirkemell filé 1500 kg kg 6 Csirkezúza 50 kg kg 7 Pulyka felső comb filé 720 kg kg 8 Pulykamell filé 200 kg kg 9 Pecsenye kacsacomb 30 kg kg Az egyes szerződések várható maximális nagyságrendje: Összesen: 5760 kg Jelen közbeszerzési eljárás tárgya Ajánlatkérő részére az alábbi élelmiszerek szállítása dinamikus beszerzési rendszer (DBR) keretében 12 hónap időtartamra, vagy a keretösszeg teljesüléséig: Becsült (12 havi) mennyiségek a DBR fennállásának időtartamára: A szerződés időtartama alatt rendelkezésre álló keretösszeg: nettó 10 737 500 Ft A fentiekben, valamint a közbeszerzési dokumentumokban részletesen megadott mennyiségi adatok becsült, tájékoztató jellegűek, Ajánlatkérő fenntartja a jogot arra, hogy a szerződés időtartama alatt a rendelkezésre álló keretösszeget maximum 20-%-kal meghaladva a megadott mennyiségektől eltérjen. Lehívási minimuma keretmennyiség tekintetében : 70 %. Ajánlatkérő a DBR fennállása alatt 3 hónapos hatályú szerződéseket kíván kötni, de fenntartja a jogot, hogy ennél hosszabb hatályú szerződéseket kössön. Ajánlatkérő a Kbt. 107. § (2) bekezdés alapján a rendszerben megvalósítandó konkrét közbeszerzésekre vonatkozó pontos műszaki leírást és szerződéses feltételeket az ajánlattételi felhívás(ok) megküldésével egyidejűleg bocsátja rendelkezésre. Ajánlatkérő felhívja a figyelmet arra, hogy a 321/2015. (X. 30.) Korm. rendelet 46. § (3) bekezdésében foglaltak alapján, hogy a közbeszerzési dokumentumban a meghatározott gyártmányú vagy eredetű dologra, illetve konkrét eljárásra, amely egy adott gazdasági szereplő termékeit vagy az általa nyújtott szolgáltatásokat jellemzi, vagy védjegyre, szabadalomra, tevékenységre, személyre, típusra vagy adott származásra vagy gyártási folyamatra történő hivatkozások a közbeszerzés tárgyának egyértelmű, pontos és közérthető meghatározását szolgálják. Minden esetben a hivatkozás mellett a „vagy azzal egyenértékű” kifejezést is érteni kell. Az egyenértékűséget az ajánlattevőnek a 321/2015. (X. 30.) Korm. rendelet VII. fejezete szerint kell igazolnia az ajánlatban. Ajánlattevő kizárólag az Ajánlatkérő előírásainak mindenben megfelelő, I. osztályú, a Magyar Élelmiszerkönyvben meghatározott előírásoknak eleget tevő termékekre tehet ajánlatot. A termékekkel kapcsolatosan az ajánlattevőnek figyelembe kell vennie a közbeszerzési dokumentumokban leírtakat is. A megajánlott termékek adatainak pontos megadásával kapcsolatosan Ajánlatkérő felhívja az ajánlattevők figyelmét a Közbeszerzési Döntőbizottság D.225/9/2009 számú határozatára: „A Döntőbizottság álláspontja szerint egy meghatározott műszaki elvárást tartalmazó ajánlatkérői beszerzési igénynél kizárt annak lehetősége, hogy ajánlattevők ún. biankó ajánlatot tegyenek, azaz ne közöljék, hogy mely konkrét termékekkel fognak teljesíteni. Ez az elvárás a beszerzés tárgyából és jellegéből adódik, hiszen jelen eljárás tárgya árubeszerzés.”. Ajánlatkérő a Kbt. 53. § (4) bekezdése valamint a 131. § (9) bekezdése alkalmazásának tekintetében általa előre nem látható és ellenőrzési körén kívül eső körülménynek tekinti azt az esetet, ha a jelen közbeszerzési eljárás tárgyában központosított vagy közös közbeszerzési rendszerben keretmegállapodás vagy szerződés kerül megkötésre a központi beszerző szervezet (vagy közös ajánlatkérők nevében eljáró szervezet) által, és erre tekintettel az ajánlatkérőként szerződő félnek jogszabályban előírt csatlakozási kötelezettsége áll fenn az adott tételek vonatkozásában. | IV.rész töltelékáru 2026 éves mennyiség: Az egyes szerződések várható maximális nagyságrendje: S.sz. Termék megnevezése Kért menyiség Mérték-egység Kért kiszerelési egység* IV.rész töltelékáru 2026 éves 1 Bacon szalonna 400 db. 200g 2 Baromfivirsli 600 cs. 350g 3 Csirkemell sonka 550 kg kg 4 Gépsonka 300 kg kg 5 Májusi csemege (tavaszi felvágott) 250 kg kg 6 Májusi csemege (tavaszi felvágott) 200 cs. 125g 7 Pick diákcsemege 12 db 440g 8 Pick Rákóczi szalámi 8 db 750g 9 Pulykamell sonka 550 kg kg 10 Fini-Mini virsli 1500 csomag 140g 11 Sertés virsli roppanós, emészthető vagy juhbélben 30 kg kg 12 Sertéspárizsi, Kométa 800 csomag 150g 13 Sertéspárizsi, Kométa 400 kg kg 14 ""Kenőmájas Kaiser"" 600 db 200gr. 14 ""Sertésvirsli Pick Pickolino"" 500 csomag 280g 15 Sült sonka 2000 csomag 90g 16 Zala felvágott 250 kg kg 17 Zala felvágott 120 csomag 125g Az egyes szerződések várható maximális nagyságrendje: Összesen: 2330 kg, 5720 csomag, 1020 db. Jelen közbeszerzési eljárás tárgya Ajánlatkérő részére az alábbi élelmiszerek szállítása dinamikus beszerzési rendszer (DBR) keretében 12 hónap időtartamra, vagy a keretösszeg teljesüléséig: Becsült (12 havi) mennyiségek a DBR fennállásának időtartamára: A szerződés időtartama alatt rendelkezésre álló keretösszeg: nettó 6 493 440 Ft A fentiekben, valamint a közbeszerzési dokumentumokban részletesen megadott mennyiségi adatok becsült, tájékoztató jellegűek, Ajánlatkérő fenntartja a jogot arra, hogy a szerződés időtartama alatt a rendelkezésre álló keretösszeget maximum 20-%-kal meghaladva a megadott mennyiségektől eltérjen. Lehívási minimum a keretmennyiség tekintetében: 70 %. Ajánlatkérő a DBR fennállása alatt 3 hónapos hatályú szerződéseket kíván kötni, de fenntartja a jogot, hogy ennél hosszabb hatályú szerződéseket kössön. Ajánlatkérő a Kbt. 107. § (2) bekezdés alapján a rendszerben megvalósítandó konkrét közbeszerzésekre vonatkozó pontos műszaki leírást és szerződéses feltételeket az ajánlattételi felhívás(ok) megküldésével egyidejűleg bocsátja rendelkezésre. Ajánlatkérő felhívja a figyelmet arra, hogy a 321/2015. (X. 30.) Korm. rendelet 46. § (3) bekezdésében foglaltak alapján, hogy a közbeszerzési dokumentumban a meghatározott gyártmányú vagy eredetű dologra, illetve konkrét eljárásra, amely egy adott gazdasági szereplő termékeit vagy az általa nyújtott szolgáltatásokat jellemzi, vagy védjegyre, szabadalomra, tevékenységre, személyre, típusra vagy adott származásra vagy gyártási folyamatra történő hivatkozások a közbeszerzés tárgyának egyértelmű, pontos és közérthető meghatározását szolgálják. Minden esetben a hivatkozás mellett a „vagy azzal egyenértékű” kifejezést is érteni kell. Az egyenértékűséget az ajánlattevőnek a 321/2015. (X. 30.) Korm. rendelet VII. fejezete szerint kell igazolnia az ajánlatban. Ajánlattevő kizárólag az Ajánlatkérő előírásainak mindenben megfelelő, I. osztályú, a Magyar Élelmiszerkönyvben meghatározott előírásoknak eleget tevő termékekre tehet ajánlatot. A termékekkel kapcsolatosan az ajánlattevőnek figyelembe kell vennie a közbeszerzési dokumentumokban leírtakat is. A megajánlott termékek adatainak pontos megadásával kapcsolatosan Ajánlatkérő felhívja az ajánlattevők figyelmét a Közbeszerzési Döntőbizottság D.225/9/2009 számú határozatára: „A Döntőbizottság álláspontja szerint egy meghatározott műszaki elvárást tartalmazó ajánlatkérői beszerzési igénynél kizárt annak lehetősége, hogy ajánlattevők ún. biankó ajánlatot tegyenek, azaz ne közöljék, hogy mely konkrét termékekkel fognak teljesíteni. Ez az elvárás a beszerzés tárgyából és jellegéből adódik, hiszen jelen eljárás tárgya árubeszerzés.”. Ajánlatkérő a Kbt. 53. § (4) bekezdése valamint a 131. § (9) bekezdése alkalmazásának tekintetében általa előre nem látható és ellenőrzési körén kívül eső körülménynek tekinti azt az esetet, ha a jelen közbeszerzési eljárás tárgyában központosított vagy közös közbeszerzési rendszerben keretmegállapodás vagy szerződés kerül megkötésre a központi beszerző szervezet (vagy közös ajánlatkérők nevében eljáró szervezet) által, és erre tekintettel az ajánlatkérőként szerződő félnek jogszabályban előírt csatlakozási kötelezettsége áll fenn az adott tételek vonatkozásában. | V. rész 2026. éves pékáru összesen: Az egyes szerződések várható maximális nagyságrendje: S.sz. Termék megnevezése Kért mennyiség. Mérték-egység Kért kiszerelési egység Specifikáció V. rész 2026. éves pékáru 1 Félbarna kenyér 3200 db 1 kg szeletelt, teflon, hosszú 100gr/0,7gr só 2 Félbarna kenyér 450 db 0,5 kg szeletelt, teflon, hosszú100gr/0,7gr só 3 Kukoricapelyhes kenyér 1350 db 0,75 kg szeletelt 100gr/0,7gr só 4 Rozsos jellegű kenyér 800 db 0,75 kg szeletelt 100gr/0,7gr só 5 Teljes kiőrlésű barnakenyér 4000 db 1 kg szeletelt, teflon, hosszú 100gr/0,7gr só 6 Teljes kiőrlésű barnakenyér 540 db 0,5 kg szeletelt, teflon, hosszú 100gr/0,7gr só 7 Briós 4500 db 0,047 kg nem cukorral megszórt 8 Fatörzs kifli 2500 db 9 Foszlós kalács 250 db 0,5 kg szeletelt 10 Foszlós kalács kakaós 260 db 0,5 kg szeletelt 11 Kuglóf 180 db 0,5 12 Császárzsemle 8100 db 0,05 kg 11gr/07g rsó 13 Kifli 5000 db 0,044 kg tejes 100gr/0,7gr só 14 Kifli (teljeskiőrlésű) 5400 db 0,05kg 100gr/07gr só 15 Teljes kiőrlésű császárzsemle 10000 db 0,054 kg 16 Teljes kiörlésű bagett 800 db 200 gr 17 Zsemle 4000 db 0,054 kg vizes 100gr/0,7gr só 18 Sajttal töltött rudacska 1500 db 0,05 kg Az egyes szerződések várható maximális nagyságrendje: Összesen: 52 830 db. Jelen közbeszerzési eljárás tárgya Ajánlatkérő részére az alábbi élelmiszerek szállítása dinamikus beszerzési rendszer (DBR) keretében 12 hónap időtartamra, vagy a keretösszeg teljesüléséig: Becsült (12 havi) mennyiségek a DBR fennállásának időtartamára: A szerződés időtartama alatt rendelkezésre álló keretösszeg: nettó 5 811 360 Ft A fentiekben, valamint a közbeszerzési dokumentumokban részletesen megadott mennyiségi adatok becsült, tájékoztató jellegűek, Ajánlatkérő fenntartja a jogot arra, hogy a szerződés időtartama alatt a rendelkezésre álló keretösszeget maximum 20-%-kal meghaladva a megadott mennyiségektől eltérjen. Lehívási minimum a keretmennyiség tekintetében: 70 %. Ajánlatkérő a DBR fennállása alatt 3 hónapos hatályú szerződéseket kíván kötni, de fenntartja a jogot, hogy ennél hosszabb hatályú szerződéseket kössön. Ajánlatkérő a Kbt. 107. § (2) bekezdés alapján a rendszerben megvalósítandó konkrét közbeszerzésekre vonatkozó pontos műszaki leírást és szerződéses feltételeket az ajánlattételi felhívás(ok) megküldésével egyidejűleg bocsátja rendelkezésre. Ajánlatkérő felhívja a figyelmet arra, hogy a 321/2015. (X. 30.) Korm. rendelet 46. § (3) bekezdésében foglaltak alapján, hogy a közbeszerzési dokumentumban a meghatározott gyártmányú vagy eredetű dologra, illetve konkrét eljárásra, amely egy adott gazdasági szereplő termékeit vagy az általa nyújtott szolgáltatásokat jellemzi, vagy védjegyre, szabadalomra, tevékenységre, személyre, típusra vagy adott származásra vagy gyártási folyamatra történő hivatkozások a közbeszerzés tárgyának egyértelmű, pontos és közérthető meghatározását szolgálják. Minden esetben a hivatkozás mellett a „vagy azzal egyenértékű” kifejezést is érteni kell. Az egyenértékűséget az ajánlattevőnek a 321/2015. (X. 30.) Korm. rendelet VII. fejezete szerint kell igazolnia az ajánlatban. Ajánlattevő kizárólag az Ajánlatkérő előírásainak mindenben megfelelő, I. osztályú, a Magyar Élelmiszerkönyvben meghatározott előírásoknak eleget tevő termékekre tehet ajánlatot. A termékekkel kapcsolatosan az ajánlattevőnek figyelembe kell vennie a közbeszerzési dokumentumokban leírtakat is. A megajánlott termékek adatainak pontos megadásával kapcsolatosan Ajánlatkérő felhívja az ajánlattevők figyelmét a Közbeszerzési Döntőbizottság D.225/9/2009 számú határozatára: „A Döntőbizottság álláspontja szerint egy meghatározott műszaki elvárást tartalmazó ajánlatkérői beszerzési igénynél kizárt annak lehetősége, hogy ajánlattevők ún. biankó ajánlatot tegyenek, azaz ne közöljék, hogy mely konkrét termékekkel fognak teljesíteni. Ez az elvárás a beszerzés tárgyából és jellegéből adódik, hiszen jelen eljárás tárgya árubeszerzés.”. Ajánlatkérő a Kbt. 53. § (4) bekezdése valamint a 131. § (9) bekezdése alkalmazásának tekintetében általa előre nem látható és ellenőrzési körén kívül eső körülménynek tekinti azt az esetet, ha a jelen közbeszerzési eljárás tárgyában központosított vagy közös közbeszerzési rendszerben keretmegállapodás vagy szerződés kerül megkötésre a központi beszerző szervezet (vagy közös ajánlatkérők nevében eljáró szervezet) által, és erre tekintettel az ajánlatkérőként szerződő félnek jogszabályban előírt csatlakozási kötelezettsége áll fenn az adott tételek vonatkozásában. | Az egyes szerződések várható maximális nagyságrendje: 1 Alma 9 000 kg 2 Banán 3 000 kg 3 Citrom 6 500 kg 4 Cseresznye 150 kg 5 Földieper 25 kg 6 Görögdinnye 50 kg 7 Kiwi 170 kg 8 Körte 1 000 kg 9 Mandarin 320 kg 10 Meggy 100 kg 11 Narancs 450 kg 12 Nektarin 250 kg 13 Őszibarack 260 kg 14 Sárgabarack 270 kg 15 Sárgadinnye 270 kg 16 Szilva 180 kg 17 Szőlő (édes,nagy szemű) 280 kg 18 Burgonya 13 500 kg 20 Édes burgonya 227 kg 21 Cékla 900 kg 22 Cukkini 700 kg 23 Dióbél 20 kg 24 Fejes káposzta 1 200 kg 25 Fejes saláta 125 db 26 Fekete retek 10 kg 27 Fokhagyma 80 kg 28 Saláta hagyma 300 kg 29 Gomba 145 kg 30 Jégcsapretek 160 kg 31 Jégsaláta 200 db 32 Kaliforniai paprika 270 kg 33 Kapor 430 csomag 34 Karalábé 400 kg 35 Karfiol 500 kg 36 Kápia paprika 100 kg 37 Kelkáposzta 1 500 kg 38 Kígyóuborka 1 400 kg 39 Fürtös uborka 500 kg 40 Lencse 10 kg 41 Lilahagyma 150 kg 42 Padlizsán 150 kg 43 Paradicsom 1 300 kg 44 Paradicsom fürtös 600 kg 45 Petrezselyemgyökér 1 200 kg 46 Petrezselyemzöld 5 000 csomag 47 Piros retek 1 350 csomag 48 Pritamin paprika 100 kg 49 Póréhagyma 150 db 50 Sav.káposzta apró 360 kg 51 Sav.káposzta fejes 100 kg 52 Sárgaborsó 50 kg 53 Sárgarépa 2500 kg 54 Snidling 50 csomag 55 Sütőtök 800 kg 56 Szárazbab - tarkabab 50 kg 57 Tojás 60 000 db 58 Vajretek 216 csomag 59 Vöröshagyma 2 300 kg 60 Vöröskáposzta 60 kg 61 Zeller 400 kg 62 Zöldhagyma 2 500 csomag 63 Zöldpaprika 1 500 kg Az egyes szerződések várható maximális nagyságrendje: Éves mennyiség összesen: 55 817 kg, 60 475 db, 9546 csomag. Jelen közbeszerzési eljárás tárgya Ajánlatkérő részére az alábbi élelmiszerek szállítása dinamikus beszerzési rendszer (DBR) keretében 12 hónap időtartamra, vagy a keretösszeg teljesüléséig: Becsült (12 havi) mennyiségek a DBR fennállásának időtartamára: A szerződés időtartama alatt rendelkezésre álló keretösszeg: nettó 34 547 700 Ft A fentiekben, valamint a közbeszerzési dokumentumokban részletesen megadott mennyiségi adatok becsült, tájékoztató jellegűek, Ajánlatkérő fenntartja a jogot arra, hogy a szerződés időtartama alatt a rendelkezésre álló keretösszeget maximum 20-%-kal meghaladva a megadott mennyiségektől eltérjen. Lehívási minimuma keretmennyiség tekintetében: 70 %. Ajánlatkérő a DBR fennállása alatt 3 hónapos hatályú szerződéseket kíván kötni, de fenntartja a jogot, hogy ennél hosszabb hatályú szerződéseket kössön. Ajánlatkérő a Kbt. 107. § (2) bekezdés alapján a rendszerben megvalósítandó konkrét közbeszerzésekre vonatkozó pontos műszaki leírást és szerződéses feltételeket az ajánlattételi felhívás(ok) megküldésével egyidejűleg bocsátja rendelkezésre. Ajánlatkérő felhívja a figyelmet arra, hogy a 321/2015. (X. 30.) Korm. rendelet 46. § (3) bekezdésében foglaltak alapján, hogy a közbeszerzési dokumentumban a meghatározott gyártmányú vagy eredetű dologra, illetve konkrét eljárásra, amely egy adott gazdasági szereplő termékeit vagy az általa nyújtott szolgáltatásokat jellemzi, vagy védjegyre, szabadalomra, tevékenységre, személyre, típusra vagy adott származásra vagy gyártási folyamatra történő hivatkozások a közbeszerzés tárgyának egyértelmű, pontos és közérthető meghatározását szolgálják. Minden esetben a hivatkozás mellett a „vagy azzal egyenértékű” kifejezést is érteni kell. Az egyenértékűséget az ajánlattevőnek a 321/2015. (X. 30.) Korm. rendelet VII. fejezete szerint kell igazolnia az ajánlatban. Ajánlattevő kizárólag az Ajánlatkérő előírásainak mindenben megfelelő, I. osztályú, a Magyar Élelmiszerkönyvben meghatározott előírásoknak eleget tevő termékekre tehet ajánlatot. A termékekkel kapcsolatosan az ajánlattevőnek figyelembe kell vennie a közbeszerzési dokumentumokban leírtakat is. A megajánlott termékek adatainak pontos megadásával kapcsolatosan Ajánlatkérő felhívja az ajánlattevők figyelmét a Közbeszerzési Döntőbizottság D.225/9/2009 számú határozatára: „A Döntőbizottság álláspontja szerint egy meghatározott műszaki elvárást tartalmazó ajánlatkérői beszerzési igénynél kizárt annak lehetősége, hogy ajánlattevők ún. biankó ajánlatot tegyenek, azaz ne közöljék, hogy mely konkrét termékekkel fognak teljesíteni. Ez az elvárás a beszerzés tárgyából és jellegéből adódik, hiszen jelen eljárás tárgya árubeszerzés.”. Ajánlatkérő a Kbt. 53. § (4) bekezdése valamint a 131. § (9) bekezdése alkalmazásának tekintetében általa előre nem látható és ellenőrzési körén kívül eső körülménynek tekinti azt az esetet, ha a jelen közbeszerzési eljárás tárgyában központosított vagy közös közbeszerzési rendszerben keretmegállapodás vagy szerződés kerül megkötésre a központi beszerző szervezet (vagy közös ajánlatkérők nevében eljáró szervezet) által, és erre tekintettel az ajánlatkérőként szerződő félnek jogszabályban előírt csatlakozási kötelezettsége áll fenn az adott tételek vonatkozásában. | Az egyes szerződések várható maximális nagyságrendje: 1 Brokkoli 1 000 kg 2,5 kg 2 Cseresznye 150 kg 10 kg 3 Erdei-mix 100 kg 2,5 kg 4 Egres 50 kg 0,30 kg 5 Fejtett bab 80 kg 2,5 kg 6 Földi eper 100 kg 2,5 kg 7 Finomfőzelék 800 kg 2,5 kg 8 Gesztenyemassza (cukrozott) 250 db 200 gr 9 Gyalult tök 1 600 kg 1 kg 10 Halrúd Frosta (arany) 1 680 doboz 0,3kg 11 Ínyenc zöldségkeverék 150 kg 1 kg 12 Karalábé 1 200 kg 2,5 kg 13 Karfiol 2 000 kg 2,5 kg 14 Kukorica 100 kg 2,5 kg 15 Meggy 1 200 kg 10 kg 16 Mexikói zöldségkeverék 150 kg 2,5 kg 17 Őszibarack 50 kg 10 kg 18 Parajkrém 675 kg 2,5kg 19 Paraj leveles porciózott 100 kg 2,5 kg 20 Petrezselyemgyökér 50 kg 2,5 21 Réteslap mirelit 240 db 200g 22 Sárgarépa 50 kg 2,5 kg 23 Aprított sóska pórció 450 kg 0,45 kg 24 Sütőtök 50 kg 10 kg 25 Szilva 300 kg 10 kg 26 Zeller 20 kg 2,5kg 27 Zöldbab 1 000 kg 2,5kg 28 Zöldborsó 1 400 kg 2,5 kg 29 Afrikai harcsa filé 500 kg 5 kg Az egyes szerződések várható maximális nagyságrendje: Összesen: 13 325 kg, 490 db, 1680 doboz. Jelen közbeszerzési eljárás tárgya Ajánlatkérő részére az alábbi élelmiszerek szállítása dinamikus beszerzési rendszer (DBR) keretében 12 hónap időtartamra, vagy a keretösszeg teljesüléséig: Becsült (12 havi) mennyiségek a DBR fennállásának időtartamára: A szerződés időtartama alatt rendelkezésre álló keretösszeg: nettó 11 594 110 Ft A fentiekben, valamint a közbeszerzési dokumentumokban részletesen megadott mennyiségi adatok becsült, tájékoztató jellegűek, Ajánlatkérő fenntartja a jogot arra, hogy a szerződés időtartama alatt a rendelkezésre álló keretösszeget maximum 20-%-kal meghaladva a megadott mennyiségektől eltérjen. Lehívási minimum a keretmennyiség tekintetében: 70 %. Ajánlatkérő a DBR fennállása alatt 3 hónapos hatályú szerződéseket kíván kötni, de fenntartja a jogot, hogy ennél hosszabb hatályú szerződéseket kössön. Ajánlatkérő a Kbt. 107. § (2) bekezdés alapján a rendszerben megvalósítandó konkrét közbeszerzésekre vonatkozó pontos műszaki leírást és szerződéses feltételeket az ajánlattételi felhívás(ok) megküldésével egyidejűleg bocsátja rendelkezésre. Ajánlatkérő felhívja a figyelmet arra, hogy a 321/2015. (X. 30.) Korm. rendelet 46. § (3) bekezdésében foglaltak alapján, hogy a közbeszerzési dokumentumban a meghatározott gyártmányú vagy eredetű dologra, illetve konkrét eljárásra, amely egy adott gazdasági szereplő termékeit vagy az általa nyújtott szolgáltatásokat jellemzi, vagy védjegyre, szabadalomra, tevékenységre, személyre, típusra vagy adott származásra vagy gyártási folyamatra történő hivatkozások a közbeszerzés tárgyának egyértelmű, pontos és közérthető meghatározását szolgálják. Minden esetben a hivatkozás mellett a „vagy azzal egyenértékű” kifejezést is érteni kell. Az egyenértékűséget az ajánlattevőnek a 321/2015. (X. 30.) Korm. rendelet VII. fejezete szerint kell igazolnia az ajánlatban. Ajánlattevő kizárólag az Ajánlatkérő előírásainak mindenben megfelelő, I. osztályú, a Magyar Élelmiszerkönyvben meghatározott előírásoknak eleget tevő termékekre tehet ajánlatot. A termékekkel kapcsolatosan az ajánlattevőnek figyelembe kell vennie a közbeszerzési dokumentumokban leírtakat is. A megajánlott termékek adatainak pontos megadásával kapcsolatosan Ajánlatkérő felhívja az ajánlattevők figyelmét a Közbeszerzési Döntőbizottság D.225/9/2009 számú határozatára: „A Döntőbizottság álláspontja szerint egy meghatározott műszaki elvárást tartalmazó ajánlatkérői beszerzési igénynél kizárt annak lehetősége, hogy ajánlattevők ún. biankó ajánlatot tegyenek, azaz ne közöljék, hogy mely konkrét termékekkel fognak teljesíteni. Ez az elvárás a beszerzés tárgyából és jellegéből adódik, hiszen jelen eljárás tárgya árubeszerzés.”. Ajánlatkérő a Kbt. 53. § (4) bekezdése valamint a 131. § (9) bekezdése alkalmazásának tekintetében általa előre nem látható és ellenőrzési körén kívül eső körülménynek tekinti azt az esetet, ha a jelen közbeszerzési eljárás tárgyában központosított vagy közös közbeszerzési rendszerben keretmegállapodás vagy szerződés kerül megkötésre a központi beszerző szervezet (vagy közös ajánlatkérők nevében eljáró szervezet) által, és erre tekintettel az ajánlatkérőként szerződő félnek jogszabályban előírt csatlakozási kötelezettsége áll fenn az adott tételek vonatkozásában. | Az egyes szerződések várható maximális nagyságrendje: 1 Zöldségpástétom 152 db 2 Szárnyas májkrém 2000 db 3 Csirkehús pástétom 1000 db 4 Tonhal olivaolajban 800 db 5 Sertészsír 12 db 6 Ráma combi profi, növényi olaj tartalmú sütőzsíradék 28 db 7 Bio Rizsital 1000 db 8 Étolaj 1600 liter 9 Extraszűz olivaolaj 40 db 10 Magozott olivabogyó 52 db 11 Hántolt köles 600 db 12 Liszt 3000 kg 13 Rizsliszt 16 kg 14 Zsemlemorzsa 500 db 15 Búzadara 500 kg 16 Tejes kiörlésű búzaliszt 100 kg 17 Teljes kiörlésű tönkölyliszt 52 kg 18 Rétesliszt 52 kg 19 Kukoricadara 32 db 20 Kuszkusz 400 db 21 Bulgur 600 db 22 Hajdina 16 kg 23 Rizs 1000 kg 24 Barna rizs 76 kg 25 Jázmin rizs 76 kg 26 Zabpehely 600 db 27 Tarhonya 600 db 28 Csipettészta 80 db 29 Cérnametélt 100 db 30 Szélesmetélt 500 db 31 Fodros nagykocka tészta 52 db 32 Kiskocka tészta 100 db 33 Csiga tészta 52 db 34 Spagetti (durum) 460 db 35 Makaróni 140 db 36 Eperlevél 100 db 37 Szarvacska tészta 80 db 38 ABC tészta 32 db 39 Lasagne tészta /durum/ 100 db 40 Lebbencs tészta 400 db 41 Zöldséges orsó tészta (durum) Vita-Pasta 160 db 42 Copfocska tészta 100 db 43 Penne tészta (durum) 120 db 44 Orsótészta 40 db 45 Darált háztartási keksz 100 db 46 HIPP rizskorong 500 csomag 47 Sajtostallér 400 csomag 48 Babapiskóta 100 csomag 49 Rizspehely, natúr 40 csomag 50 Ropi/burgonyás 500 csomag 51 Ropi/sajtos 500 csomag 52 Ropi tönkölybúzás 1000 csomag 53 Hipp Biscuits babakeksz 70 csomag 54 Teljes kiőrlésű keksz 840 csomag 55 Kölesgolyó. natúr 100 csomag 56 Kölesgolyó,kakaós 252 csomag 57 Gyümölcsszelet almás 1000 db 58 Zabrudi 2000 db 59 Kristálycukor 3000 kg 60 Porcukor 240 db 61 Vaníliás cukor 100 db 62 Sütőpor 40 db 63 Élesztő 700 db 64 Szódabikarbóna 70 db 65 Tejszínhab fixáló 160 db 66 Vanília ízű pudingpor 1500 db 67 Csokoládé ízű pudingpor 52 db 68 Puncs ízű pudingpor 300 db 69 Tortabevonó ét 20 db 70 Rumaroma 52 db 71 Kakaópor Holland 32 kg 72 Instant kakaópor cukrozott (Nesquik) 230 db 73 Csipkebogyó teafű hibiszkusz 2500 db 74 Saga gyümölcstea(meggy,szilva erdei gyümölcs) 2500 db 75 Instant kávé maci 140 db 76 Babérlevél 28 csomag 77 Bazsalikom 30 csomag 78 Fekete bors őrölt 15 kg 79 Fekete bors szemes 20 csomag 80 Fahéj 24 csomag 81 Fűszerpaprika csemege 52 kg 82 Kömény szemes 15 csomag 83 Kömény őrölt 15 csomag 84 Majoranna 8 csomag 85 Oregánó 30 csomag További termékek listája az árazatlan költségvetésben. Az egyes szerződések várható maximális nagyságrendje: Összesen: 1600 liter, 8587 kg, 42 842 db, 6241 csomag. Jelen közbeszerzési eljárás tárgya Ajánlatkérő részére az alábbi élelmiszerek szállítása dinamikus beszerzési rendszer (DBR) keretében 12 hónap időtartamra, vagy a keretösszeg teljesüléséig: Becsült (12 havi) mennyiségek a DBR fennállásának időtartamára: A szerződés időtartama alatt rendelkezésre álló keretösszeg: nettó 30 406 278 Ft A fentiekben, valamint a közbeszerzési dokumentumokban részletesen megadott mennyiségi adatok becsült, tájékoztató jellegűek, Ajánlatkérő fenntartja a jogot arra, hogy a szerződés időtartama alatt a rendelkezésre álló keretösszeget maximum 20-%-kal meghaladva a megadott mennyiségektől eltérjen. Lehívási minimum a keretmennyiség tekintetében: 70 %. Ajánlatkérő a DBR fennállása alatt 3 hónapos hatályú szerződéseket kíván kötni, de fenntartja a jogot, hogy ennél hosszabb hatályú szerződéseket kössön. Ajánlatkérő a Kbt. 107. § (2) bekezdés alapján a rendszerben megvalósítandó konkrét közbeszerzésekre vonatkozó pontos műszaki leírást és szerződéses feltételeket az ajánlattételi felhívás(ok) megküldésével egyidejűleg bocsátja rendelkezésre. Ajánlatkérő felhívja a figyelmet arra, hogy a 321/2015. (X. 30.) Korm. rendelet 46. § (3) bekezdésében foglaltak alapján, hogy a közbeszerzési dokumentumban a meghatározott gyártmányú vagy eredetű dologra, illetve konkrét eljárásra, amely egy adott gazdasági szereplő termékeit vagy az általa nyújtott szolgáltatásokat jellemzi, vagy védjegyre, szabadalomra, tevékenységre, személyre, típusra vagy adott származásra vagy gyártási folyamatra történő hivatkozások a közbeszerzés tárgyának egyértelmű, pontos és közérthető meghatározását szolgálják. Minden esetben a hivatkozás mellett a „vagy azzal egyenértékű” kifejezést is érteni kell. Az egyenértékűséget az ajánlattevőnek a 321/2015. (X. 30.) Korm. rendelet VII. fejezete szerint kell igazolnia az ajánlatban. Ajánlattevő kizárólag az Ajánlatkérő előírásainak mindenben megfelelő, I. osztályú, a Magyar Élelmiszerkönyvben meghatározott előírásoknak eleget tevő termékekre tehet ajánlatot. A termékekkel kapcsolatosan az ajánlattevőnek figyelembe kell vennie a közbeszerzési dokumentumokban leírtakat is. A megajánlott termékek adatainak pontos megadásával kapcsolatosan Ajánlatkérő felhívja az ajánlattevők figyelmét a Közbeszerzési Döntőbizottság D.225/9/2009 számú határozatára: „A Döntőbizottság álláspontja szerint egy meghatározott műszaki elvárást tartalmazó ajánlatkérői beszerzési igénynél kizárt annak lehetősége, hogy ajánlattevők ún. biankó ajánlatot tegyenek, azaz ne közöljék, hogy mely konkrét termékekkel fognak teljesíteni. Ez az elvárás a beszerzés tárgyából és jellegéből adódik, hiszen jelen eljárás tárgya árubeszerzés.”. Ajánlatkérő a Kbt. 53. § (4) bekezdése valamint a 131. § (9) bekezdése alkalmazásának tekintetében általa előre nem látható és ellenőrzési körén kívül eső körülménynek tekinti azt az esetet, ha a jelen közbeszerzési eljárás tárgyában központosított vagy közös közbeszerzési rendszerben keretmegállapodás vagy szerződés kerül megkötésre a központi beszerző szervezet (vagy közös ajánlatkérők nevében eljáró szervezet) által, és erre tekintettel az ajánlatkérőként szerződő félnek jogszabályban előírt csatlakozási kötelezettsége áll fenn az adott tételek vonatkozásában.",DMJV Egyesített Bölcsődei Intézménye,HUN,talabosdavidne@gmail.com,,2026-05-21+02:00,,HUN | HUN | HUN | HUN | HUN | HUN | HUN | HUN,https://ted.europa.eu/en/notice/-/detail/349092-2026,2026-08-27T21:34:02+00:00,2916c7b43f4e129739cce98018252a005377b653dfc1fc425ec28f1806892205,LIVE,OFFICIAL_PUBLISHED_NOTICE,True,True,QUALIFIED_OFFICIAL_PROCUREMENT,精确产品词与食品采购语境同时命中
