source_code,category_code,record_kind,exact_product_match,qualification_status,title,description_raw,buyer_name_raw,buyer_name_span,contact_person_raw,contact_person_span,buyer_country_raw,buyer_country_span,quantity_raw,quantity_span,published_at_raw,published_at,published_at_span,contact_gate,source_url,listing_url,verification_status,observed_at,snapshot_sha256,snapshot_path,data_mode
tradekey,TEA,DIRECT_BUY_REQUIREMENT,True,CANDIDATE_NEEDS_CLEANING,Manufacturers Wanted for Cumin Seeds for India,"Manufacturers Wanted for Cumin Seeds for India We invite manufacturers and established exporters to offer cumin seeds. State botanical variety, origin and crop season, whole/ground or tea grade, moisture, foreign matter and volatile-oil or extr... Tags: Cumin Seeds | Cumin Seeds Supplier | Cumin Seeds Manufacturer | Bulk Cumin Seeds | Cumin Seeds Exporter This buyer wants to receive quotations only from Premium Members . India Posted on: 27 Aug 2026 Contact Buyer now",,,,,India,India,,,27 Aug 2026,2026-08-27,Posted on: 27 Aug 2026,platform_login_or_membership,https://importer.tradekey.com/buyoffer/Manufacturers-Wanted-For-Cumin-Seeds-For-India-3871703.html,https://www.tradekey.com/tea-buyer/,UNVERIFIED_MARKETPLACE_POST,2026-08-28T07:34:03+00:00,ea0b1f3f60fff12f082d72611c741918fc9ea0b7c6330ffd330844c8d6d29071,E:\贵客松-买家猎手\pipeline\data_b2b_public_v3\20260828T073331Z\raw\tradekey_TEA_ea0b1f3f60ff.html,LIVE
tradekey,TEA,DIRECT_BUY_REQUIREMENT,True,CANDIDATE_NEEDS_CLEANING,Buying Black Tea for France,"Buying Black Tea for France We are evaluating producers of black tea for shipment to France. State botanical variety, origin and crop season, whole/ground or tea grade, moisture, foreign matter and volatile-oil or extract val... Tags: Black Tea | Black Tea Supplier | Black Tea Manufacturer This buyer wants to receive quotations only from Premium Members . France Posted on: 27 Aug 2026 Contact Buyer now",,,,,France,France,,,27 Aug 2026,2026-08-27,Posted on: 27 Aug 2026,platform_login_or_membership,https://importer.tradekey.com/buyoffer/Buying-Black-Tea-For-France-3871695.html,https://www.tradekey.com/tea-buyer/,UNVERIFIED_MARKETPLACE_POST,2026-08-28T07:34:03+00:00,ea0b1f3f60fff12f082d72611c741918fc9ea0b7c6330ffd330844c8d6d29071,E:\贵客松-买家猎手\pipeline\data_b2b_public_v3\20260828T073331Z\raw\tradekey_TEA_ea0b1f3f60ff.html,LIVE
tradekey,TEA,DIRECT_BUY_REQUIREMENT,True,CANDIDATE_NEEDS_CLEANING,Seeking Supplier for Ready-To-Drink Tea Beverages for Afghanistan,Seeking Supplier for Ready-To-Drink Tea Beverages for Afghanistan The following ready-to-drink tea beverages requirement is being circulated to a limited group of manufacturers for technical and commercial comparison. Required technical information: Please state... Tags: Ready To Drink Tea Beverages | Ready To Drink Tea Beverages Supplier | Ready To Drink Tea Beverages Manufacturer This buyer wants to receive quotations only from Premium Members . Afghanistan Posted on: 20 Aug 2026 Contact Buyer now,,,,,Afghanistan,Afghanistan,,,20 Aug 2026,2026-08-20,Posted on: 20 Aug 2026,platform_login_or_membership,https://importer.tradekey.com/buyoffer/Seeking-Supplier-For-Ready-To-Drink-Tea-Beverages-For-Afghanistan-3870907.html,https://www.tradekey.com/tea-buyer/,UNVERIFIED_MARKETPLACE_POST,2026-08-28T07:34:03+00:00,ea0b1f3f60fff12f082d72611c741918fc9ea0b7c6330ffd330844c8d6d29071,E:\贵客松-买家猎手\pipeline\data_b2b_public_v3\20260828T073331Z\raw\tradekey_TEA_ea0b1f3f60ff.html,LIVE
tradekey,TEA,DIRECT_BUY_REQUIREMENT,True,CANDIDATE_NEEDS_CLEANING,Buyer Seeking Qualified Exporters of Arizona Iced Tea,"Buyer Seeking Qualified Exporters of Arizona Iced Tea This requirement supports an upcoming customer program, so consistent quality, clear documentation, and reliable delivery performance are important. The current requirement is specifically for ariz... Tags: Arizona Iced Tea | Arizona Iced Tea Supplier | Arizona Iced Tea Manufacturer | Bulk Arizona Iced Tea | Arizona Iced Tea Exporter | Arizona Iced Tea Wholesale | Arizona Iced Tea Quotation | Arizona Iced Tea Importer | Commercial Arizona Iced Tea Supply This buyer wants to receive quotations only from Premium Members . UAE Posted on: 10 Aug 2026 Contact Buyer now",,,,,UAE,UAE,,,10 Aug 2026,2026-08-10,Posted on: 10 Aug 2026,platform_login_or_membership,https://importer.tradekey.com/buyoffer/Buyer-Seeking-Qualified-Exporters-Of-Arizona-Iced-Tea-3869041.html,https://www.tradekey.com/tea-buyer/,UNVERIFIED_MARKETPLACE_POST,2026-08-28T07:34:03+00:00,ea0b1f3f60fff12f082d72611c741918fc9ea0b7c6330ffd330844c8d6d29071,E:\贵客松-买家猎手\pipeline\data_b2b_public_v3\20260828T073331Z\raw\tradekey_TEA_ea0b1f3f60ff.html,LIVE
tradekey,TEA,DIRECT_BUY_REQUIREMENT,True,CANDIDATE_NEEDS_CLEANING,Heathscooneydoo,Heathscooneydoo I need dzl scoobbveyy sbax and spice and mix and tea and *0 *5 and spice mix weed dragons Stevie. Money issues and hot dogs for belts ville no dabonnah allowed no hot now eat ass n scrumptious Tags: What USA Posted on: 06 Aug 2026 Contact Buyer now,,,,,USA,USA,,,06 Aug 2026,2026-08-06,Posted on: 06 Aug 2026,platform_login_or_membership,https://importer.tradekey.com/buyoffer/Heathscooneydoo-3868375.html,https://www.tradekey.com/tea-buyer/,UNVERIFIED_MARKETPLACE_POST,2026-08-28T07:34:03+00:00,ea0b1f3f60fff12f082d72611c741918fc9ea0b7c6330ffd330844c8d6d29071,E:\贵客松-买家猎手\pipeline\data_b2b_public_v3\20260828T073331Z\raw\tradekey_TEA_ea0b1f3f60ff.html,LIVE
tradekey,TEA,DIRECT_BUY_REQUIREMENT,True,CANDIDATE_NEEDS_CLEANING,100 % Premium Qualty Green Tea,100 % Premium Qualty Green Tea We are in need of **0 % premium qualty green tea from good seller. Product Informatiom **0 % Premium Qualty Green Tea with smooth and great taste. Feel free to contact us for more d... Tags: Tea Benin Posted on: 05 Aug 2026 Contact Buyer now,,,,,Benin,Benin,,,05 Aug 2026,2026-08-05,Posted on: 05 Aug 2026,platform_login_or_membership,https://importer.tradekey.com/buyoffer/100-Premium-Qualty-Green-Tea-3862877.html,https://www.tradekey.com/tea-buyer/,UNVERIFIED_MARKETPLACE_POST,2026-08-28T07:34:03+00:00,ea0b1f3f60fff12f082d72611c741918fc9ea0b7c6330ffd330844c8d6d29071,E:\贵客松-买家猎手\pipeline\data_b2b_public_v3\20260828T073331Z\raw\tradekey_TEA_ea0b1f3f60ff.html,LIVE
tradekey,TEA,DIRECT_BUY_REQUIREMENT,True,CANDIDATE_NEEDS_CLEANING,Project Purchase of Matcha Tea,"Project Purchase of Matcha Tea A buyer based in Pakistan requires reliable supply of matcha tea for an upcoming order. Please state grade, origin, harvest date, moisture, organic certification, pack size, and shelf life. Competi... Tags: Matcha Tea | Matcha Tea Supplier | Matcha Tea Manufacturer | Matcha Tea Exporter | Bulk Matcha Tea | Wholesale Matcha Tea | Matcha Tea Price | Import Matcha Tea | Matcha Tea Distributor | Matcha Tea Quotation This buyer wants to receive quotations only from Premium Members . Pakistan Posted on: 14 Jul 2026 Contact Buyer now",,,,,Pakistan,Pakistan,,,14 Jul 2026,2026-07-14,Posted on: 14 Jul 2026,platform_login_or_membership,https://importer.tradekey.com/buyoffer/Project-Purchase-Of-Matcha-Tea-3860863.html,https://www.tradekey.com/tea-buyer/,UNVERIFIED_MARKETPLACE_POST,2026-08-28T07:34:03+00:00,ea0b1f3f60fff12f082d72611c741918fc9ea0b7c6330ffd330844c8d6d29071,E:\贵客松-买家猎手\pipeline\data_b2b_public_v3\20260828T073331Z\raw\tradekey_TEA_ea0b1f3f60ff.html,LIVE
tradekey,TEA,DIRECT_BUY_REQUIREMENT,True,CANDIDATE_NEEDS_CLEANING,Long-Term Supply Inquiry for BAGS,Long-Term Supply Inquiry for BAGS Kindly share your best offer for BAGS. We prefer suppliers who can support regular shipments and provide clear documentation with the offer. individually wrapped or bulk-packed tea bags can be cons... Tags: Bags | Other Bags | Bags Supplier This buyer wants to receive quotations only from Premium Members . Kenya Posted on: 14 Aug 2026 Contact Buyer now,,,,,Kenya,Kenya,,,14 Aug 2026,2026-08-14,Posted on: 14 Aug 2026,platform_login_or_membership,https://importer.tradekey.com/buyoffer/Long-Term-Supply-Inquiry-For-BAGS-3858703.html,https://www.tradekey.com/tea-buyer/,UNVERIFIED_MARKETPLACE_POST,2026-08-28T07:34:03+00:00,ea0b1f3f60fff12f082d72611c741918fc9ea0b7c6330ffd330844c8d6d29071,E:\贵客松-买家猎手\pipeline\data_b2b_public_v3\20260828T073331Z\raw\tradekey_TEA_ea0b1f3f60ff.html,LIVE
tradekey,TEA,DIRECT_BUY_REQUIREMENT,True,CANDIDATE_NEEDS_CLEANING,Bulk Buying Request for Bags,"Bulk Buying Request for Bags We are checking reliable exporters who can supply Bags. Please note the following before quoting: individually wrapped or bulk-packed tea bags can be considered please mention tea grade, flavor op... This buyer wants to receive quotations only from Premium Members . Vietnam Posted on: 14 Jul 2026 Contact Buyer now",,,,,Vietnam,Vietnam,,,14 Jul 2026,2026-07-14,Posted on: 14 Jul 2026,platform_login_or_membership,https://importer.tradekey.com/buyoffer/Bulk-Buying-Request-For-Bags-3858559.html,https://www.tradekey.com/tea-buyer/,UNVERIFIED_MARKETPLACE_POST,2026-08-28T07:34:03+00:00,ea0b1f3f60fff12f082d72611c741918fc9ea0b7c6330ffd330844c8d6d29071,E:\贵客松-买家猎手\pipeline\data_b2b_public_v3\20260828T073331Z\raw\tradekey_TEA_ea0b1f3f60ff.html,LIVE
tradekey,TEA,DIRECT_BUY_REQUIREMENT,True,CANDIDATE_NEEDS_CLEANING,Buyer Seeking Tea Bags,"Buyer Seeking Tea Bags We want to compare manufacturers and exporters dealing in Tea Bags. Main preference: individually wrapped or bulk-packed tea bags can be considered please mention tea grade, flavor options, and sh... Tags: Tea Bags | Food Supplier | Bulk Food Products | Import Food This buyer wants to receive quotations only from Premium Members . Uganda Posted on: 15 Aug 2026 Contact Buyer now",,,,,Uganda,Uganda,,,15 Aug 2026,2026-08-15,Posted on: 15 Aug 2026,platform_login_or_membership,https://importer.tradekey.com/buyoffer/Buyer-Seeking-Tea-Bags-3858471.html,https://www.tradekey.com/tea-buyer/,UNVERIFIED_MARKETPLACE_POST,2026-08-28T07:34:03+00:00,ea0b1f3f60fff12f082d72611c741918fc9ea0b7c6330ffd330844c8d6d29071,E:\贵客松-买家猎手\pipeline\data_b2b_public_v3\20260828T073331Z\raw\tradekey_TEA_ea0b1f3f60ff.html,LIVE
tradekey,TEA,DIRECT_BUY_REQUIREMENT,True,CANDIDATE_NEEDS_CLEANING,Bulk Sourcing Request for Tea,Bulk Sourcing Request for Tea Our company is checking export options for Tea for an upcoming purchase cycle. Please quote with export handling suitable for Russia. Both manufacturers and experienced exporters may contact us wi... Tags: Tea Supplier | Tea Export This buyer wants to receive quotations only from Premium Members . Russia Posted on: 15 Aug 2026 Contact Buyer now,,,,,Russia,Russia,,,15 Aug 2026,2026-08-15,Posted on: 15 Aug 2026,platform_login_or_membership,https://importer.tradekey.com/buyoffer/Bulk-Sourcing-Request-For-Tea-3856849.html,https://www.tradekey.com/tea-buyer/,UNVERIFIED_MARKETPLACE_POST,2026-08-28T07:34:03+00:00,ea0b1f3f60fff12f082d72611c741918fc9ea0b7c6330ffd330844c8d6d29071,E:\贵客松-买家猎手\pipeline\data_b2b_public_v3\20260828T073331Z\raw\tradekey_TEA_ea0b1f3f60ff.html,LIVE
tradekey,TEA,DIRECT_BUY_REQUIREMENT,True,CANDIDATE_NEEDS_CLEANING,Regular Supply Inquiry for Tea pot,"Regular Supply Inquiry for Tea pot Kindly quote for Tea pot with clear product details, packing information, and available shipment schedule. Our current demand is connected with buyers in Saudi Arabia. Price is important, but cons... Tags: Tea Pot | Tea Pot Supplier | Tea Pot Export This buyer wants to receive quotations only from Premium Members . Saudi Arabia Posted on: 14 Aug 2026 Contact Buyer now",,,,,Saudi Arabia,Saudi Arabia,,,14 Aug 2026,2026-08-14,Posted on: 14 Aug 2026,platform_login_or_membership,https://importer.tradekey.com/buyoffer/Regular-Supply-Inquiry-For-Tea-Pot-3856845.html,https://www.tradekey.com/tea-buyer/,UNVERIFIED_MARKETPLACE_POST,2026-08-28T07:34:03+00:00,ea0b1f3f60fff12f082d72611c741918fc9ea0b7c6330ffd330844c8d6d29071,E:\贵客松-买家猎手\pipeline\data_b2b_public_v3\20260828T073331Z\raw\tradekey_TEA_ea0b1f3f60ff.html,LIVE
tradekey,TEA,DIRECT_BUY_REQUIREMENT,True,CANDIDATE_NEEDS_CLEANING,Bulk Sourcing Request for Tea Leaf Wraps,"Bulk Sourcing Request for Tea Leaf Wraps We are evaluating new sources for Tea Leaf Wraps as part of our supplier expansion plan. Our current demand is connected with buyers in USA. Price is important, but consistency and timely dispatch... Tags: Tea Leaf Wraps | Tea Leaf Wraps Supplier | Tea Leaf Wraps Export This buyer wants to receive quotations only from Premium Members . USA Posted on: 11 Aug 2026 Contact Buyer now",,,,,USA,USA,,,11 Aug 2026,2026-08-11,Posted on: 11 Aug 2026,platform_login_or_membership,https://importer.tradekey.com/buyoffer/Bulk-Sourcing-Request-For-Tea-Leaf-Wraps-3856843.html,https://www.tradekey.com/tea-buyer/,UNVERIFIED_MARKETPLACE_POST,2026-08-28T07:34:03+00:00,ea0b1f3f60fff12f082d72611c741918fc9ea0b7c6330ffd330844c8d6d29071,E:\贵客松-买家猎手\pipeline\data_b2b_public_v3\20260828T073331Z\raw\tradekey_TEA_ea0b1f3f60ff.html,LIVE
tradekey,TEA,DIRECT_BUY_REQUIREMENT,True,CANDIDATE_NEEDS_CLEANING,Import Inquiry for Tea bag,Import Inquiry for Tea bag We would like to connect with suppliers who can provide Tea bag with consistent quality. Our current demand is connected with buyers in Sri Lanka. Kindly mention monthly supply capacity and whethe... Tags: Tea Bag | Tea Bag Supplier | Tea Bag Export This buyer wants to receive quotations only from Premium Members . Sri Lanka Posted on: 09 Aug 2026 Contact Buyer now,,,,,Sri Lanka,Sri Lanka,,,09 Aug 2026,2026-08-09,Posted on: 09 Aug 2026,platform_login_or_membership,https://importer.tradekey.com/buyoffer/Import-Inquiry-For-Tea-Bag-3856837.html,https://www.tradekey.com/tea-buyer/,UNVERIFIED_MARKETPLACE_POST,2026-08-28T07:34:03+00:00,ea0b1f3f60fff12f082d72611c741918fc9ea0b7c6330ffd330844c8d6d29071,E:\贵客松-买家猎手\pipeline\data_b2b_public_v3\20260828T073331Z\raw\tradekey_TEA_ea0b1f3f60ff.html,LIVE
tradekey,TEA,DIRECT_BUY_REQUIREMENT,True,CANDIDATE_NEEDS_CLEANING,Bulk Sourcing Request for tea bag roll film,"Bulk Sourcing Request for tea bag roll film A new sourcing requirement has come up for tea bag roll film, and we are comparing manufacturers who can support regular supply. Please quote with export handling suitable for Ukraine. FOB pricing... Tags: Tea Bag Roll Film | Tea Bag Roll Film Supplier | Tea Bag Roll Film Export This buyer wants to receive quotations only from Premium Members . Ukraine Posted on: 10 Aug 2026 Contact Buyer now",,,,,Ukraine,Ukraine,,,10 Aug 2026,2026-08-10,Posted on: 10 Aug 2026,platform_login_or_membership,https://importer.tradekey.com/buyoffer/Bulk-Sourcing-Request-For-Tea-Bag-Roll-Film-3856835.html,https://www.tradekey.com/tea-buyer/,UNVERIFIED_MARKETPLACE_POST,2026-08-28T07:34:03+00:00,ea0b1f3f60fff12f082d72611c741918fc9ea0b7c6330ffd330844c8d6d29071,E:\贵客松-买家猎手\pipeline\data_b2b_public_v3\20260828T073331Z\raw\tradekey_TEA_ea0b1f3f60ff.html,LIVE
tradekey,TEA,DIRECT_BUY_REQUIREMENT,True,CANDIDATE_NEEDS_CLEANING,Regular Supply Inquiry for Tea and tea related items,Regular Supply Inquiry for Tea and tea related items We are currently reviewing suppliers for Tea and tea related items and would like to receive serious quotations. Please quote with export handling suitable for Netherlands. Quotations should inclu... Tags: Tea And Tea Related Items | Tea And Tea Related Items Supplier | Tea And Tea Related Items Export This buyer wants to receive quotations only from Premium Members . Netherlands Posted on: 17 Aug 2026 Contact Buyer now,,,,,Netherlands,Netherlands,,,17 Aug 2026,2026-08-17,Posted on: 17 Aug 2026,platform_login_or_membership,https://importer.tradekey.com/buyoffer/Regular-Supply-Inquiry-For-Tea-And-Tea-Related-Items-3856829.html,https://www.tradekey.com/tea-buyer/,UNVERIFIED_MARKETPLACE_POST,2026-08-28T07:34:03+00:00,ea0b1f3f60fff12f082d72611c741918fc9ea0b7c6330ffd330844c8d6d29071,E:\贵客松-买家猎手\pipeline\data_b2b_public_v3\20260828T073331Z\raw\tradekey_TEA_ea0b1f3f60ff.html,LIVE
tradekey,TEA,DIRECT_BUY_REQUIREMENT,True,CANDIDATE_NEEDS_CLEANING,Import Inquiry for tea and Coffee,"Import Inquiry for tea and Coffee We are evaluating new sources for tea and Coffee as part of our supplier expansion plan. The goods are intended for the Saudi Arabia market. Suppliers should share packing details, shipment terms,... Tags: Tea And Coffee | Tea And Coffee Supplier | Tea And Coffee Export This buyer wants to receive quotations only from Premium Members . Saudi Arabia Posted on: 14 Jul 2026 Contact Buyer now",,,,,Saudi Arabia,Saudi Arabia,,,14 Jul 2026,2026-07-14,Posted on: 14 Jul 2026,platform_login_or_membership,https://importer.tradekey.com/buyoffer/Import-Inquiry-For-Tea-And-Coffee-3856825.html,https://www.tradekey.com/tea-buyer/,UNVERIFIED_MARKETPLACE_POST,2026-08-28T07:34:03+00:00,ea0b1f3f60fff12f082d72611c741918fc9ea0b7c6330ffd330844c8d6d29071,E:\贵客松-买家猎手\pipeline\data_b2b_public_v3\20260828T073331Z\raw\tradekey_TEA_ea0b1f3f60ff.html,LIVE
tradekey,TEA,DIRECT_BUY_REQUIREMENT,True,CANDIDATE_NEEDS_CLEANING,Purchase Requirement for Herbal Tea,"Purchase Requirement for Herbal Tea Current demand exists for Herbal Tea , mainly for resale through our local network. Pricing is important, but we will not compromise on basic product standards. Preferred details include *5 g / *0... Tags: Organic Tea | Natural Herbal Infusion | Loose Leaf Tea | Wellness Tea | Herbal Tea | Export Offer | Import Requirement | Wholesale Supply This buyer wants to receive quotations only from Premium Members . Pakistan Posted on: 24 Jun 2026 Contact Buyer now",,,,,Pakistan,Pakistan,,,24 Jun 2026,2026-06-24,Posted on: 24 Jun 2026,platform_login_or_membership,https://importer.tradekey.com/buyoffer/Purchase-Requirement-For-Herbal-Tea-3850199.html,https://www.tradekey.com/tea-buyer/,UNVERIFIED_MARKETPLACE_POST,2026-08-28T07:34:03+00:00,ea0b1f3f60fff12f082d72611c741918fc9ea0b7c6330ffd330844c8d6d29071,E:\贵客松-买家猎手\pipeline\data_b2b_public_v3\20260828T073331Z\raw\tradekey_TEA_ea0b1f3f60ff.html,LIVE
tradekey,TEA,DIRECT_BUY_REQUIREMENT,True,CANDIDATE_NEEDS_CLEANING,Import Requirement for Oolong Tea,Import Requirement for Oolong Tea We want to evaluate Oolong Tea for an upcoming purchase cycle. Suppliers with stable quality and clear export documents are preferred. A small trial order may be placed first before moving toward ... Tags: Oolong Tea | Oolong Tea Supplier | Oolong Tea Quotation | Bulk Oolong Tea This buyer wants to receive quotations only from Premium Members . Indonesia Posted on: 20 Jul 2026 Contact Buyer now,,,,,Indonesia,Indonesia,,,20 Jul 2026,2026-07-20,Posted on: 20 Jul 2026,platform_login_or_membership,https://importer.tradekey.com/buyoffer/Import-Requirement-For-Oolong-Tea-3850101.html,https://www.tradekey.com/tea-buyer/,UNVERIFIED_MARKETPLACE_POST,2026-08-28T07:34:03+00:00,ea0b1f3f60fff12f082d72611c741918fc9ea0b7c6330ffd330844c8d6d29071,E:\贵客松-买家猎手\pipeline\data_b2b_public_v3\20260828T073331Z\raw\tradekey_TEA_ea0b1f3f60ff.html,LIVE
tradekey,TEA,DIRECT_BUY_REQUIREMENT,True,CANDIDATE_NEEDS_CLEANING,Requesting Quotations for Goji Berry Tea,"Requesting Quotations for Goji Berry Tea Kindly provide your latest offer for Goji Berry Tea with product photos, specifications and available payment terms. Food-grade quality, clean packing, recent production date and acceptable shelf ... Tags: Goji Berry Tea | Goji Berry Tea Suppliers | Bulk Goji Berry Tea | Goji Berry Tea Exporters This buyer wants to receive quotations only from Premium Members . Australia Posted on: 10 Aug 2026 Contact Buyer now",,,,,Australia,Australia,,,10 Aug 2026,2026-08-10,Posted on: 10 Aug 2026,platform_login_or_membership,https://importer.tradekey.com/buyoffer/Requesting-Quotations-For-Goji-Berry-Tea-3849489.html,https://www.tradekey.com/tea-buyer/,UNVERIFIED_MARKETPLACE_POST,2026-08-28T07:34:03+00:00,ea0b1f3f60fff12f082d72611c741918fc9ea0b7c6330ffd330844c8d6d29071,E:\贵客松-买家猎手\pipeline\data_b2b_public_v3\20260828T073331Z\raw\tradekey_TEA_ea0b1f3f60ff.html,LIVE
tradekey,TEA,DIRECT_BUY_REQUIREMENT,True,CANDIDATE_NEEDS_CLEANING,Interested in Buying Tea,"Interested in Buying Tea There is a current requirement for Tea ; please share your available specifications, packing details and best offer. Please state origin, moisture level, packing weight, inspection options and load... Tags: Tea Suppliers | Bulk Tea | Tea Exporters This buyer wants to receive quotations only from Premium Members . Kuwait Posted on: 23 Aug 2026 Contact Buyer now",,,,,Kuwait,Kuwait,,,23 Aug 2026,2026-08-23,Posted on: 23 Aug 2026,platform_login_or_membership,https://importer.tradekey.com/buyoffer/Interested-In-Buying-Tea-3849085.html,https://www.tradekey.com/tea-buyer/,UNVERIFIED_MARKETPLACE_POST,2026-08-28T07:34:03+00:00,ea0b1f3f60fff12f082d72611c741918fc9ea0b7c6330ffd330844c8d6d29071,E:\贵客松-买家猎手\pipeline\data_b2b_public_v3\20260828T073331Z\raw\tradekey_TEA_ea0b1f3f60ff.html,LIVE
tradekey,TEA,DIRECT_BUY_REQUIREMENT,True,CANDIDATE_NEEDS_CLEANING,Bulk Sourcing Inquiry for Votive Holder Tea Light Holder,"Bulk Sourcing Inquiry for Votive Holder Tea Light Holder Please quote export-quality Votive Holder Tea Light Holder for an initial shipment of one **-foot container. Please state origin, variety or grade, moisture, purity, defect tolerance, processing me... Tags: Votive Holder Tea Light Holder | Votive Holder Tea Light Holder Supplier | Bulk Votive Holder Tea Light Holder | Votive Holder Tea Light Holder Manufacturer | Votive Holder Tea Light Holder Exporter | Votive Holder Tea Light Holder Importer | Votive Holder Tea This buyer wants to receive quotations only from Premium Members . India Posted on: 11 Aug 2026 Contact Buyer now",,,,,India,India,,,11 Aug 2026,2026-08-11,Posted on: 11 Aug 2026,platform_login_or_membership,https://importer.tradekey.com/buyoffer/Bulk-Sourcing-Inquiry-For-Votive-Holder-Tea-Light-Holder-3839929.html,https://www.tradekey.com/tea-buyer/,UNVERIFIED_MARKETPLACE_POST,2026-08-28T07:34:03+00:00,ea0b1f3f60fff12f082d72611c741918fc9ea0b7c6330ffd330844c8d6d29071,E:\贵客松-买家猎手\pipeline\data_b2b_public_v3\20260828T073331Z\raw\tradekey_TEA_ea0b1f3f60ff.html,LIVE
tradekey,TEA,DIRECT_BUY_REQUIREMENT,False,REJECTED_AT_INGEST,Wholesale Buying Requirement for Coffee,"Wholesale Buying Requirement for Coffee Importer requires Coffee for regular distribution. Suppliers should share crop/origin details, grade, packaging options, minimum order quantity, loading port, and recent COA if available. Trial ord... Tags: Coffee | Honey | Macadamia | Ovacado Oil | Coffee Supplier | Bulk Coffee | Coffee Exporter | Wholesale Coffee | Coffee Import | Coffee Price | Coffee Packaging | Food Grade Coffee | Coffee Distributor | Coffee Shipment This buyer wants to receive quotations only from Premium Members . Kenya Posted on: 01 Aug 2026 Contact Buyer now",,,,,Kenya,Kenya,,,01 Aug 2026,2026-08-01,Posted on: 01 Aug 2026,platform_login_or_membership,https://importer.tradekey.com/buyoffer/Wholesale-Buying-Requirement-For-Coffee-3832917.html,https://www.tradekey.com/tea-buyer/,UNVERIFIED_MARKETPLACE_POST,2026-08-28T07:34:03+00:00,ea0b1f3f60fff12f082d72611c741918fc9ea0b7c6330ffd330844c8d6d29071,E:\贵客松-买家猎手\pipeline\data_b2b_public_v3\20260828T073331Z\raw\tradekey_TEA_ea0b1f3f60ff.html,LIVE
tradekey,TEA,DIRECT_BUY_REQUIREMENT,False,REJECTED_AT_INGEST,Import Inquiry for Coffee Beans,"Import Inquiry for Coffee Beans Importer requires Coffee Beans for regular distribution. Suppliers should share crop/origin details, grade, packaging options, minimum order quantity, loading port, and recent COA if available. Tri... Tags: Coffee Beans | Gummy Supplements | Dietary Supplements | Dairy Products | Coffee Beans Supplier | Bulk Coffee Beans | Coffee Beans Exporter | Wholesale Coffee Beans | Coffee Beans Import | Coffee Beans Price | Coffee Beans Packaging | Food Grade Coffee Beans | C This buyer wants to receive quotations only from Premium Members . Togo Posted on: 05 Aug 2026 Contact Buyer now",,,,,Togo,Togo,,,05 Aug 2026,2026-08-05,Posted on: 05 Aug 2026,platform_login_or_membership,https://importer.tradekey.com/buyoffer/Import-Inquiry-For-Coffee-Beans-3832679.html,https://www.tradekey.com/tea-buyer/,UNVERIFIED_MARKETPLACE_POST,2026-08-28T07:34:03+00:00,ea0b1f3f60fff12f082d72611c741918fc9ea0b7c6330ffd330844c8d6d29071,E:\贵客松-买家猎手\pipeline\data_b2b_public_v3\20260828T073331Z\raw\tradekey_TEA_ea0b1f3f60ff.html,LIVE
tradekey,TEA,DIRECT_BUY_REQUIREMENT,True,CANDIDATE_NEEDS_CLEANING,Monthly Supply Requirement for Tea,"Monthly Supply Requirement for Tea Please send a commercial offer for Tea with clear specification, export packing details, shelf life, and pictures of current stock. We prefer suppliers who can arrange palletized packing, inspectio... Tags: Spices | Tea Exporter | Wholesale Tea | Tea Import | Tea Price | Tea Packaging | Food Grade Tea | Tea Distributor | Tea Shipment This buyer wants to receive quotations only from Premium Members . Saudi Arabia Posted on: 22 Jul 2026 Contact Buyer now",,,,,Saudi Arabia,Saudi Arabia,,,22 Jul 2026,2026-07-22,Posted on: 22 Jul 2026,platform_login_or_membership,https://importer.tradekey.com/buyoffer/Monthly-Supply-Requirement-For-Tea-3831847.html,https://www.tradekey.com/tea-buyer/,UNVERIFIED_MARKETPLACE_POST,2026-08-28T07:34:03+00:00,ea0b1f3f60fff12f082d72611c741918fc9ea0b7c6330ffd330844c8d6d29071,E:\贵客松-买家猎手\pipeline\data_b2b_public_v3\20260828T073331Z\raw\tradekey_TEA_ea0b1f3f60ff.html,LIVE
go4worldbusiness,ROSA_ROXBURGHII,DIRECT_BUY_REQUIREMENT,False,REJECTED_AT_INGEST,Wanted : Rosa Centifolia,"ARCHIVED Apr-09-21 Wanted : Rosa Centifolia Buyer From Germany Quantity Required: 100 Kilograms Payment Terms: L/C Destination: Germany Looking for suppliers from: Worldwide Inquire Now Add to Favorites Product Description Please provide a quotation to the following requirement from the importer - Product Name: Organic Rosa Centifolia Specifications: - Rosa Centifolia In Red Color, Food Grade Quantity Required : 100 Kilogram/Kilograms(sample) Shipping Terms : CIF Destination Port : Germany Payment Terms : L/C Looking for suppliers from : Worldwide Contact : Katja Wessels Buyer Of Plants & Plant Extracts",,,Katja Wessels,Contact : Katja Wessels,Germany,Buyer From Germany,100 Kilograms,Quantity Required: 100 Kilograms,Apr-09-21,2021-04-09,ARCHIVED Apr-09-21,platform_login_or_membership,https://www.go4worldbusiness.com/buylead/view/808654/wanted-:-rosa-centifolia.html,https://www.go4worldbusiness.com/buyers/rosa-roxburghii.html,UNVERIFIED_MARKETPLACE_POST,2026-08-28T07:34:52+00:00,d685c90aa240e85e95e7b5b63c24f3b5ca0e4150dfc4318054b1f9d06f93d2b5,E:\贵客松-买家猎手\pipeline\data_b2b_public_v3\20260828T073331Z\raw\go4worldbusiness_ROSA_ROXBURGHII_d685c90aa240.html,LIVE
go4worldbusiness,ROSA_ROXBURGHII,DIRECT_BUY_REQUIREMENT,False,REJECTED_AT_INGEST,Wanted : Rosa Damascena,"ARCHIVED Sep-19-22 Wanted : Rosa Damascena Buyer From Bochum, Germany Quantity Required: 2 Tons Payment Terms: LC Destination: Hamburg,, Germany Looking for suppliers from: Bulgaria, Morocco, Turkey, Egypt, Africa, Europe, Asia Inquire Now Add to Favorites Product Description Please quote for the following wholesale product requirement - Product Name: Dry Flower For Human Consumption Rosa Damascena Specifications : Pink Damascena Type: Buds And Petals Quantity Required : 2 Ton/Tons Shipping Terms : CIF Destination Port : Hamburg,, Germany Payment Terms : LC Looking for suppliers from : Bulgaria, Morocco, Turkey, Egypt, Africa, Europe, Contact : Ole Hinrichs Buyer Of Dried Flowers",,,Ole Hinrichs,Contact : Ole Hinrichs,"Bochum, Germany","Buyer From Bochum, Germany",2 Tons,Quantity Required: 2 Tons,Sep-19-22,2022-09-19,ARCHIVED Sep-19-22,platform_login_or_membership,https://www.go4worldbusiness.com/buylead/view/980513/wanted-:-rosa-damascena.html,https://www.go4worldbusiness.com/buyers/rosa-roxburghii.html,UNVERIFIED_MARKETPLACE_POST,2026-08-28T07:34:52+00:00,d685c90aa240e85e95e7b5b63c24f3b5ca0e4150dfc4318054b1f9d06f93d2b5,E:\贵客松-买家猎手\pipeline\data_b2b_public_v3\20260828T073331Z\raw\go4worldbusiness_ROSA_ROXBURGHII_d685c90aa240.html,LIVE
go4worldbusiness,ROSA_ROXBURGHII,DIRECT_BUY_REQUIREMENT,False,REJECTED_AT_INGEST,Wanted : Ingots Like Aluminum Ingots,"VERIFIED Jul-23-26 Wanted : Ingots Like Aluminum Ingots Buyer From Barcelos, Portugal Quantity Required: 30 Tons Payment Terms: L/C Destination: Portugal Looking for suppliers from: Worldwide Inquire Now Add to Favorites Product Description Please provide a quotation to the following requirement from importer - Product Name: Ingots Specifications : Type: Aluminum Ingots HS Code: 760110 Quantity Required : 30 Ton/Tons Monthly Shipping Terms : CIF Destination Port : Portugal Payment Terms : L/C Looking for suppliers from : Worldwide Contact : Pedro Rosas Buyer Of Aluminum Ingots",,,Pedro Rosas,Contact : Pedro Rosas,"Barcelos, Portugal","Buyer From Barcelos, Portugal",30 Tons,Quantity Required: 30 Tons,Jul-23-26,2026-07-23,VERIFIED Jul-23-26,platform_login_or_membership,https://www.go4worldbusiness.com/buylead/view/1312822/wanted-:-ingots-like-aluminum-ingots.html,https://www.go4worldbusiness.com/buyers/rosa-roxburghii.html,UNVERIFIED_MARKETPLACE_POST,2026-08-28T07:34:52+00:00,d685c90aa240e85e95e7b5b63c24f3b5ca0e4150dfc4318054b1f9d06f93d2b5,E:\贵客松-买家猎手\pipeline\data_b2b_public_v3\20260828T073331Z\raw\go4worldbusiness_ROSA_ROXBURGHII_d685c90aa240.html,LIVE
go4worldbusiness,ROSA_ROXBURGHII,DIRECT_BUY_REQUIREMENT,False,REJECTED_AT_INGEST,Wanted : Aluminum Scrap,"VERIFIED Mar-05-26 Wanted : Aluminum Scrap Buyer From Barcelos, Portugal Quantity Required: 13 Tons Payment Terms: LC Destination: Portugal Looking for suppliers from: Worldwide Inquire Now Add to Favorites Product Description Buyer is interested to receive quotations for the following RFQ - Product Name: Aluminum Scrap Specifications : 99% Purity Quantity Required : 13 Ton/Tons Monthly Quantity Required : 13 Ton/Tons Monthly Shipping Terms : CIF Destination Port : Portugal Payment Terms : LC Looking for suppliers from : Worldwide Contact : Pedro Rosas Buyer Of Aluminum Scrap",,,Pedro Rosas,Contact : Pedro Rosas,"Barcelos, Portugal","Buyer From Barcelos, Portugal",13 Tons,Quantity Required: 13 Tons,Mar-05-26,2026-03-05,VERIFIED Mar-05-26,platform_login_or_membership,https://www.go4worldbusiness.com/buylead/view/1284698/wanted-:-aluminum-scrap.html,https://www.go4worldbusiness.com/buyers/rosa-roxburghii.html,UNVERIFIED_MARKETPLACE_POST,2026-08-28T07:34:52+00:00,d685c90aa240e85e95e7b5b63c24f3b5ca0e4150dfc4318054b1f9d06f93d2b5,E:\贵客松-买家猎手\pipeline\data_b2b_public_v3\20260828T073331Z\raw\go4worldbusiness_ROSA_ROXBURGHII_d685c90aa240.html,LIVE
go4worldbusiness,ROSA_ROXBURGHII,DIRECT_BUY_REQUIREMENT,False,REJECTED_AT_INGEST,Wanted : Aluminium Ingot,"VERIFIED Mar-05-26 Wanted : Aluminium Ingot Buyer From Barcelos, Portugal Quantity Required: 30 Tons Payment Terms: Bank Transfer Destination: Portugal Looking for suppliers from: Worldwide Inquire Now Add to Favorites Product Description Please quote for the following wholesale product requirement - Product Name: Aluminum Ingot Specifications: Qty: 30 tons in a month Quantity Required : 30 Ton/Tons Quantity Required : 30 Ton/Tons Shipping Terms : CIF Destination Port : Portugal Payment Terms : Bank Transfer Looking for suppliers from : Worldwide Contact : Pedro Rosas Buyer Of Aluminum Ingots",,,Pedro Rosas,Contact : Pedro Rosas,"Barcelos, Portugal","Buyer From Barcelos, Portugal",30 Tons,Quantity Required: 30 Tons,Mar-05-26,2026-03-05,VERIFIED Mar-05-26,platform_login_or_membership,https://www.go4worldbusiness.com/buylead/view/1284691/wanted-:-aluminium-ingot.html,https://www.go4worldbusiness.com/buyers/rosa-roxburghii.html,UNVERIFIED_MARKETPLACE_POST,2026-08-28T07:34:52+00:00,d685c90aa240e85e95e7b5b63c24f3b5ca0e4150dfc4318054b1f9d06f93d2b5,E:\贵客松-买家猎手\pipeline\data_b2b_public_v3\20260828T073331Z\raw\go4worldbusiness_ROSA_ROXBURGHII_d685c90aa240.html,LIVE
go4worldbusiness,ROSA_ROXBURGHII,DIRECT_BUY_REQUIREMENT,False,REJECTED_AT_INGEST,Wanted : Scrap Like Aluminum Scrap,"VERIFIED Jul-23-26 Wanted : Scrap Like Aluminum Scrap Buyer From Barcelos, Portugal Quantity Required: 13 Tons Payment Terms: L/C Destination: Portugal Looking for suppliers from: Worldwide Inquire Now Add to Favorites Product Description Please provide a quotation to the following requirement from importer - Product Name: Scrap Specifications : Type: Aluminum Scrap 99% Purity Only Genuine Suppliers HS Code: 760200 Quantity Required : 13 Ton/Tons Monthly Shipping Terms : CIF Destination Port : Portugal Payment Terms : L/C Looking for suppliers from : Worldwide Contact : Pedro Rosas Buyer Of Aluminum Scrap | Metal Scraps",,,Pedro Rosas,Contact : Pedro Rosas,"Barcelos, Portugal","Buyer From Barcelos, Portugal",13 Tons,Quantity Required: 13 Tons,Jul-23-26,2026-07-23,VERIFIED Jul-23-26,platform_login_or_membership,https://www.go4worldbusiness.com/buylead/view/1312833/wanted-:-scrap-like-aluminum-scrap.html,https://www.go4worldbusiness.com/buyers/rosa-roxburghii.html,UNVERIFIED_MARKETPLACE_POST,2026-08-28T07:34:52+00:00,d685c90aa240e85e95e7b5b63c24f3b5ca0e4150dfc4318054b1f9d06f93d2b5,E:\贵客松-买家猎手\pipeline\data_b2b_public_v3\20260828T073331Z\raw\go4worldbusiness_ROSA_ROXBURGHII_d685c90aa240.html,LIVE
go4worldbusiness,ROSA_ROXBURGHII,DIRECT_BUY_REQUIREMENT,False,REJECTED_AT_INGEST,Wanted : Rosa Gallica Petals,"ARCHIVED Sep-15-21 Wanted : Rosa Gallica Petals Buyer From Saint Thonan, France Quantity Required: 200 Kilograms Payment Terms: Bank Transfer Destination: France Looking for suppliers from: Worldwide Inquire Now Add to Favorites Product Description The buyer is interested to receive quotations for the following RFQ - Product Name: Rosa Gallica Petals Specifications: - Color: Red And Pink - Without Pesticides Quantity Required: Initially 200 Kg. Of Each Color, Later: More Quantity Required : 200 Kilogram/Kilograms(sample) Shipping Terms : CIF Destination Port : France Payment Terms : Bank Transfer Looking for suppliers from : Worldwide Contact : Caroline Bideau Buyer Of Fresh Flowers | Fresh Roses | Dried Flowers | Rose Flower Bulbs",,,Caroline Bideau,Contact : Caroline Bideau,"Saint Thonan, France","Buyer From Saint Thonan, France",200 Kilograms,Quantity Required: 200 Kilograms,Sep-15-21,2021-09-15,ARCHIVED Sep-15-21,platform_login_or_membership,https://www.go4worldbusiness.com/buylead/view/862382/wanted-:-rosa-gallica-petals.html,https://www.go4worldbusiness.com/buyers/rosa-roxburghii.html,UNVERIFIED_MARKETPLACE_POST,2026-08-28T07:34:52+00:00,d685c90aa240e85e95e7b5b63c24f3b5ca0e4150dfc4318054b1f9d06f93d2b5,E:\贵客松-买家猎手\pipeline\data_b2b_public_v3\20260828T073331Z\raw\go4worldbusiness_ROSA_ROXBURGHII_d685c90aa240.html,LIVE
go4worldbusiness,ROSA_ROXBURGHII,DIRECT_BUY_REQUIREMENT,False,REJECTED_AT_INGEST,Wanted : Rosa Centifolia Petals,"ARCHIVED Dec-12-23 Wanted : Rosa Centifolia Petals Buyer From United Kingdom Quantity Required: Not specified Payment Terms: Bank Transfer Destination: Kent, United Kingdom Looking for suppliers from: United Kingdom, France Inquire Now Add to Favorites Product Description Please provide a quotation to the following requirement from importer - Product Name: Rosa Centifolia Petals Specifications: For Cosmetics Qty :after Samples Moq Note: Suppliers From Uk, Scotland And France Only Preferred Quantity Required : MOQ Shipping Terms : CIF Destination Port : Kent, United Kingdom Payment Terms : Bank Transfer Looking for suppliers from : United Kingdom, France Contact : Gloria Cho Buyer Of Dried Flowers",,,Gloria Cho,Contact : Gloria Cho,United Kingdom,Buyer From United Kingdom,Not specified,Quantity Required: Not specified,Dec-12-23,2023-12-12,ARCHIVED Dec-12-23,platform_login_or_membership,https://www.go4worldbusiness.com/buylead/view/1120685/wanted-:-rosa-centifolia-petals.html,https://www.go4worldbusiness.com/buyers/rosa-roxburghii.html,UNVERIFIED_MARKETPLACE_POST,2026-08-28T07:34:52+00:00,d685c90aa240e85e95e7b5b63c24f3b5ca0e4150dfc4318054b1f9d06f93d2b5,E:\贵客松-买家猎手\pipeline\data_b2b_public_v3\20260828T073331Z\raw\go4worldbusiness_ROSA_ROXBURGHII_d685c90aa240.html,LIVE
go4worldbusiness,ROSA_ROXBURGHII,DIRECT_BUY_REQUIREMENT,False,REJECTED_AT_INGEST,Wanted : Dried Rosa Damascena Flowers,ARCHIVED Sep-07-21 Wanted : Dried Rosa Damascena Flowers Buyer From France Quantity Required: Not specified Payment Terms: Bank Transfer Destination: France Looking for suppliers from: Worldwide Inquire Now Add to Favorites Product Description The buyer is interested to receive quotations for the following RFQ - Product Name: Dried Rosa Damascena Flowers Specifications: - For Cosmetics Application Quantity Required : MOQ Shipping Terms : CIF Destination Port : France Payment Terms : Bank Transfer Looking for suppliers from : Worldwide Contact : Caroline Bideau Buyer Of Dried Flowers,,,Caroline Bideau,Contact : Caroline Bideau,France,Buyer From France,Not specified,Quantity Required: Not specified,Sep-07-21,2021-09-07,ARCHIVED Sep-07-21,platform_login_or_membership,https://www.go4worldbusiness.com/buylead/view/858486/wanted-:-dried-rosa-damascena-flowers.html,https://www.go4worldbusiness.com/buyers/rosa-roxburghii.html,UNVERIFIED_MARKETPLACE_POST,2026-08-28T07:34:52+00:00,d685c90aa240e85e95e7b5b63c24f3b5ca0e4150dfc4318054b1f9d06f93d2b5,E:\贵客松-买家猎手\pipeline\data_b2b_public_v3\20260828T073331Z\raw\go4worldbusiness_ROSA_ROXBURGHII_d685c90aa240.html,LIVE
go4worldbusiness,ROSA_ROXBURGHII,DIRECT_BUY_REQUIREMENT,False,REJECTED_AT_INGEST,"Wanted : Dried Leaves Like Rosa Damascena, Damask Rose","ARCHIVED Feb-28-22 Wanted : Dried Leaves Like Rosa Damascena, Damask Rose Buyer From Bochum, Germany Quantity Required: 5 Tons Payment Terms: L/C Destination: Germany Looking for suppliers from: Bulgaria, Morocco, Turkey Inquire Now Add to Favorites Product Description Please quote for the following wholesale product requirement - Product Name: Dried Leaves Specifications: - Rosa Damascena, Blossom Whole/Buds And Blossom Leaves, (EU) Organic Certified. Quantity Required : 5 Ton/Tons(sample) Shipping Terms : CIF Destination Port : Germany Payment Terms : L/C Looking for suppliers from : Bulgaria, Morocco, Turkey Contact : Ole Hinrichs Buyer Of Dried Flowers | Plants & Plant Extracts",,,Ole Hinrichs,Contact : Ole Hinrichs,"Bochum, Germany","Buyer From Bochum, Germany",5 Tons,Quantity Required: 5 Tons,Feb-28-22,2022-02-28,ARCHIVED Feb-28-22,platform_login_or_membership,https://www.go4worldbusiness.com/buylead/view/914348/wanted-:-dried-leaves-like-rosa-damascena-damask-rose.html,https://www.go4worldbusiness.com/buyers/rosa-roxburghii.html,UNVERIFIED_MARKETPLACE_POST,2026-08-28T07:34:52+00:00,d685c90aa240e85e95e7b5b63c24f3b5ca0e4150dfc4318054b1f9d06f93d2b5,E:\贵客松-买家猎手\pipeline\data_b2b_public_v3\20260828T073331Z\raw\go4worldbusiness_ROSA_ROXBURGHII_d685c90aa240.html,LIVE
go4worldbusiness,ROSA_ROXBURGHII,DIRECT_BUY_REQUIREMENT,False,REJECTED_AT_INGEST,"Wanted : Lavender Oil , Rosemary Oil And Rosa Damascenna Oil","ARCHIVED Mar-16-23 Wanted : Lavender Oil , Rosemary Oil And Rosa Damascenna Oil Buyer From India Quantity Required: Not specified Payment Terms: To be discussed with suppliers Destination: Banglore Looking for suppliers from: Worldwide Inquire Now Add to Favorites Product Description Buyer is interested to receive quotations for the following RFQ - Product Name: Lavender Oil , Rosemary Oil And Rosa Damascenna Oil Quantity Required : MOQ Shipping Terms : CIF Destination Port : Banglore, Payment Terms : To be discussed with suppliers Looking for suppliers from : India Contact : Dr. G. Muthuraman Buyer Of Essential Oils",,,Dr. G. Muthuraman,Contact : Dr. G. Muthuraman,India,Buyer From India,Not specified,Quantity Required: Not specified,Mar-16-23,2023-03-16,ARCHIVED Mar-16-23,platform_login_or_membership,https://www.go4worldbusiness.com/buylead/view/1037526/wanted-:-lavender-oil-rosemary-oil-and-rosa-damascenna-oil.html,https://www.go4worldbusiness.com/buyers/rosa-roxburghii.html,UNVERIFIED_MARKETPLACE_POST,2026-08-28T07:34:52+00:00,d685c90aa240e85e95e7b5b63c24f3b5ca0e4150dfc4318054b1f9d06f93d2b5,E:\贵客松-买家猎手\pipeline\data_b2b_public_v3\20260828T073331Z\raw\go4worldbusiness_ROSA_ROXBURGHII_d685c90aa240.html,LIVE
go4worldbusiness,ROSA_ROXBURGHII,DIRECT_BUY_REQUIREMENT,False,REJECTED_AT_INGEST,"Wanted : Fresh Berries Like Murra, Martilla And Rosa Mosqueta","ARCHIVED Feb-26-24 Wanted : Fresh Berries Like Murra, Martilla And Rosa Mosqueta Buyer From Singapore Quantity Required: 1 Kilogram Payment Terms: L/C Destination: Singapore Looking for suppliers from: Chile Inquire Now Add to Favorites Product Description The buyer would like to receive quotations for - Product Name: Fresh Berries Specifications : Variety: Murra, Martilla, Rosa Mosqueta And Maqui Qty: 1 Kg Initially Later On MOQ Quantity Required : 1 Kilogram/Kilograms(sample) Shipping Terms : CIF Destination Port : Singapore Payment Terms : L/C Looking for suppliers from : Chile Contact : Rodolfo Buyer Of Berries",,,Rodolfo,Contact : Rodolfo,Singapore,Buyer From Singapore,1 Kilogram,Quantity Required: 1 Kilogram,Feb-26-24,2024-02-26,ARCHIVED Feb-26-24,platform_login_or_membership,https://www.go4worldbusiness.com/buylead/view/1140725/wanted-:-fresh-berries-like-murra-martilla-and-rosa-mosqueta.html,https://www.go4worldbusiness.com/buyers/rosa-roxburghii.html,UNVERIFIED_MARKETPLACE_POST,2026-08-28T07:34:52+00:00,d685c90aa240e85e95e7b5b63c24f3b5ca0e4150dfc4318054b1f9d06f93d2b5,E:\贵客松-买家猎手\pipeline\data_b2b_public_v3\20260828T073331Z\raw\go4worldbusiness_ROSA_ROXBURGHII_d685c90aa240.html,LIVE
go4worldbusiness,ROSA_ROXBURGHII,DIRECT_BUY_REQUIREMENT,False,REJECTED_AT_INGEST,Wanted : Frozen Abalone,ARCHIVED Jul-11-22 Wanted : Frozen Abalone Buyer From Indonesia Quantity Required: 10 Tons Payment Terms: Bank Transfer Destination: Indonesia Looking for suppliers from: Indonesia Inquire Now Add to Favorites Product Description Buyer is interested to receive quotations for the following RFQ - Product Name: Frozen Abalone Quantity Required : 10 Ton/Tons Shipping Terms : FOB Destination Port : Indonesia Payment Terms : Bank Transfer Looking for suppliers from : Indonesia Contact : Rosa Buyer Of Frozen Abalone,,,Rosa,Contact : Rosa,Indonesia,Buyer From Indonesia,10 Tons,Quantity Required: 10 Tons,Jul-11-22,2022-07-11,ARCHIVED Jul-11-22,platform_login_or_membership,https://www.go4worldbusiness.com/buylead/view/958285/wanted-:-frozen-abalone.html,https://www.go4worldbusiness.com/buyers/rosa-roxburghii.html,UNVERIFIED_MARKETPLACE_POST,2026-08-28T07:34:52+00:00,d685c90aa240e85e95e7b5b63c24f3b5ca0e4150dfc4318054b1f9d06f93d2b5,E:\贵客松-买家猎手\pipeline\data_b2b_public_v3\20260828T073331Z\raw\go4worldbusiness_ROSA_ROXBURGHII_d685c90aa240.html,LIVE
go4worldbusiness,ROSA_ROXBURGHII,DIRECT_BUY_REQUIREMENT,False,REJECTED_AT_INGEST,Wanted : Shampoo And Conditioner,"ARCHIVED Nov-17-22 Wanted : Shampoo And Conditioner Buyer From United States Quantity Required: Not specified Payment Terms: T/T Destination: Orlando Florida, United States Looking for suppliers from: Worldwide Inquire Now Add to Favorites Product Description The buyer would like to receive quotations for - Product Name: Shampoo And Conditioner Quantity Required : MOQ Shipping Terms : CIF Or FOB Destination Port : Orlando Florida, United States Payment Terms : T/T Looking for suppliers from : Worldwide Contact : Mary Rosa Buyer Of Cosmetics & Beauty Products | Hair Conditioners | Shampoo",,,Mary Rosa,Contact : Mary Rosa,United States,Buyer From United States,Not specified,Quantity Required: Not specified,Nov-17-22,2022-11-17,ARCHIVED Nov-17-22,platform_login_or_membership,https://www.go4worldbusiness.com/buylead/view/998545/wanted-:-shampoo-and-conditioner.html,https://www.go4worldbusiness.com/buyers/rosa-roxburghii.html,UNVERIFIED_MARKETPLACE_POST,2026-08-28T07:34:52+00:00,d685c90aa240e85e95e7b5b63c24f3b5ca0e4150dfc4318054b1f9d06f93d2b5,E:\贵客松-买家猎手\pipeline\data_b2b_public_v3\20260828T073331Z\raw\go4worldbusiness_ROSA_ROXBURGHII_d685c90aa240.html,LIVE
go4worldbusiness,ROSA_ROXBURGHII,DIRECT_BUY_REQUIREMENT,False,REJECTED_AT_INGEST,Wanted : Fresh Rose,ARCHIVED Dec-12-23 Wanted : Fresh Rose Buyer From United States Quantity Required: Not specified Payment Terms: L/C Destination: United States Looking for suppliers from: Worldwide Inquire Now Add to Favorites Product Description Buyer is interested to receive quotations for the following RFQ - Product Name: Fresh Rose Specifications : Color: Red Quantity Required : MOQ Shipping Terms : CIF Destination Port : United States Payment Terms : L/C Looking for suppliers from : Worldwide Contact : Rosa Perez Buyer Of Fresh Flowers | Fresh Roses,,,Rosa Perez,Contact : Rosa Perez,United States,Buyer From United States,Not specified,Quantity Required: Not specified,Dec-12-23,2023-12-12,ARCHIVED Dec-12-23,platform_login_or_membership,https://www.go4worldbusiness.com/buylead/view/1120253/wanted-:-fresh-rose.html,https://www.go4worldbusiness.com/buyers/rosa-roxburghii.html,UNVERIFIED_MARKETPLACE_POST,2026-08-28T07:34:52+00:00,d685c90aa240e85e95e7b5b63c24f3b5ca0e4150dfc4318054b1f9d06f93d2b5,E:\贵客松-买家猎手\pipeline\data_b2b_public_v3\20260828T073331Z\raw\go4worldbusiness_ROSA_ROXBURGHII_d685c90aa240.html,LIVE
go4worldbusiness,ROSA_ROXBURGHII,DIRECT_BUY_REQUIREMENT,False,REJECTED_AT_INGEST,Wanted : Lime Concentrate,"ARCHIVED Jan-21-22 Wanted : Lime Concentrate Buyer From Indonesia Quantity Required: Not specified Payment Terms: To be discussed with suppliers Destination: Jakarta, Indonesia Looking for suppliers from: Indonesia Inquire Now Add to Favorites Product Description The buyer would like to receive quotations for - Product Name: Lime Concentrate Specifications : Need To Check Specification Quantity Required : MOQ Shipping Terms : CIF Destination Port : Jakarta, Indonesia Payment Terms : To be discussed with suppliers Looking for suppliers from : Indonesia Contact : Rosa Nita Tobing Buyer Of Fruit Concentrates",,,Rosa Nita Tobing,Contact : Rosa Nita Tobing,Indonesia,Buyer From Indonesia,Not specified,Quantity Required: Not specified,Jan-21-22,2022-01-21,ARCHIVED Jan-21-22,platform_login_or_membership,https://www.go4worldbusiness.com/buylead/view/901868/wanted-:-lime-concentrate.html,https://www.go4worldbusiness.com/buyers/rosa-roxburghii.html,UNVERIFIED_MARKETPLACE_POST,2026-08-28T07:34:52+00:00,d685c90aa240e85e95e7b5b63c24f3b5ca0e4150dfc4318054b1f9d06f93d2b5,E:\贵客松-买家猎手\pipeline\data_b2b_public_v3\20260828T073331Z\raw\go4worldbusiness_ROSA_ROXBURGHII_d685c90aa240.html,LIVE
go4worldbusiness,ROSA_ROXBURGHII,DIRECT_BUY_REQUIREMENT,False,REJECTED_AT_INGEST,Wanted : Raw Dragon's Blood Resin,ARCHIVED Aug-26-22 Wanted : Raw Dragon's Blood Resin Buyer From United Kingdom Quantity Required: Not specified Payment Terms: L/C Destination: United Kingdom Looking for suppliers from: Worldwide Inquire Now Add to Favorites Product Description Buyer is interested to receive quotations for the following RFQ - Product Name: Raw Dragon's Blood Resin Specifications : Grade A Quality Quantity Required : MOQ Shipping Terms : CIF Destination Port : United Kingdom Payment Terms : L/C Looking for suppliers from : Worldwide Contact : Rosa Banks Buyer Of Resin,,,Rosa Banks,Contact : Rosa Banks,United Kingdom,Buyer From United Kingdom,Not specified,Quantity Required: Not specified,Aug-26-22,2022-08-26,ARCHIVED Aug-26-22,platform_login_or_membership,https://www.go4worldbusiness.com/buylead/view/973113/wanted-:-raw-dragon-s-blood-resin.html,https://www.go4worldbusiness.com/buyers/rosa-roxburghii.html,UNVERIFIED_MARKETPLACE_POST,2026-08-28T07:34:52+00:00,d685c90aa240e85e95e7b5b63c24f3b5ca0e4150dfc4318054b1f9d06f93d2b5,E:\贵客松-买家猎手\pipeline\data_b2b_public_v3\20260828T073331Z\raw\go4worldbusiness_ROSA_ROXBURGHII_d685c90aa240.html,LIVE
go4worldbusiness,ROSA_ROXBURGHII,DIRECT_BUY_REQUIREMENT,False,REJECTED_AT_INGEST,Wanted : Umbrella,"ARCHIVED Oct-05-23 Wanted : Umbrella Buyer From Spain Quantity Required: 100 Pieces Payment Terms: LC/TT Destination: Spain, Spain Looking for suppliers from: Worldwide Inquire Now Add to Favorites Product Description Please quote for the following wholesale product requirement - Product Name: Umbrella Specification : Material: Polyester Size: Customized Quantity Required : 100 Piece/Pieces Shipping Terms : CNF Destination Port : Spain, Spain Payment Terms : LC/TT Looking for suppliers from : Worldwide Contact : Rosa Buyer Of Umbrellas",,,Rosa,Contact : Rosa,Spain,Buyer From Spain,100 Pieces,Quantity Required: 100 Pieces,Oct-05-23,2023-10-05,ARCHIVED Oct-05-23,platform_login_or_membership,https://www.go4worldbusiness.com/buylead/view/1100331/wanted-:-umbrella.html,https://www.go4worldbusiness.com/buyers/rosa-roxburghii.html,UNVERIFIED_MARKETPLACE_POST,2026-08-28T07:34:52+00:00,d685c90aa240e85e95e7b5b63c24f3b5ca0e4150dfc4318054b1f9d06f93d2b5,E:\贵客松-买家猎手\pipeline\data_b2b_public_v3\20260828T073331Z\raw\go4worldbusiness_ROSA_ROXBURGHII_d685c90aa240.html,LIVE
go4worldbusiness,ROSA_ROXBURGHII,DIRECT_BUY_REQUIREMENT,False,REJECTED_AT_INGEST,Wanted : Urea N46,"ARCHIVED Mar-21-23 Wanted : Urea N46 Buyer From Germany Quantity Required: 100,000 Metric Tons Payment Terms: L/C Destination: Brazil Looking for suppliers from: Worldwide Inquire Now Add to Favorites Product Description Please provide a quotation to the following requirement from importer - Product Name: Urea N46 Packaging Terms : 50Kg Quantity Required : 100000 Metric Ton/Metric Tons Shipping Terms : CIF Destination Port : Brazil Payment Terms : L/C Looking for suppliers from : Worldwide Contact : Rosa A Buyer Of Fertilizers | Urea",,,Rosa A,Contact : Rosa A,Germany,Buyer From Germany,"100,000 Metric Tons","Quantity Required: 100,000 Metric Tons",Mar-21-23,2023-03-21,ARCHIVED Mar-21-23,platform_login_or_membership,https://www.go4worldbusiness.com/buylead/view/1038915/wanted-:-urea-n46.html,https://www.go4worldbusiness.com/buyers/rosa-roxburghii.html,UNVERIFIED_MARKETPLACE_POST,2026-08-28T07:34:52+00:00,d685c90aa240e85e95e7b5b63c24f3b5ca0e4150dfc4318054b1f9d06f93d2b5,E:\贵客松-买家猎手\pipeline\data_b2b_public_v3\20260828T073331Z\raw\go4worldbusiness_ROSA_ROXBURGHII_d685c90aa240.html,LIVE
go4worldbusiness,ROSA_ROXBURGHII,DIRECT_BUY_REQUIREMENT,False,REJECTED_AT_INGEST,Wanted : Silica Sand,ARCHIVED Mar-27-23 Wanted : Silica Sand Buyer From Qatar Quantity Required: 36 Bags Payment Terms: To be discussed with suppliers Destination: Qatar Looking for suppliers from: Qatar Inquire Now Add to Favorites Product Description Please provide a quotation to the following requirement from importer - Product Name: Silica Sand Packaging Terms : 25Kg Quantity Required : 36 Bag/Bags Shipping Terms : CIF Destination Port : Qatar Payment Terms : To be discussed with suppliers Looking for suppliers from : Qatar Contact : Reuben Dela Rosa Buyer Of Silica Sand,,,Reuben Dela Rosa,Contact : Reuben Dela Rosa,Qatar,Buyer From Qatar,36 Bags,Quantity Required: 36 Bags,Mar-27-23,2023-03-27,ARCHIVED Mar-27-23,platform_login_or_membership,https://www.go4worldbusiness.com/buylead/view/1040983/wanted-:-silica-sand.html,https://www.go4worldbusiness.com/buyers/rosa-roxburghii.html,UNVERIFIED_MARKETPLACE_POST,2026-08-28T07:34:52+00:00,d685c90aa240e85e95e7b5b63c24f3b5ca0e4150dfc4318054b1f9d06f93d2b5,E:\贵客松-买家猎手\pipeline\data_b2b_public_v3\20260828T073331Z\raw\go4worldbusiness_ROSA_ROXBURGHII_d685c90aa240.html,LIVE
go4worldbusiness,CHILI,DIRECT_BUY_REQUIREMENT,True,CANDIDATE_NEEDS_CLEANING,Wanted : Spices Like Dry Red Chili,"VERIFIED Aug-27-26 Wanted : Spices Like Dry Red Chili Buyer From United Arab Emirates Quantity Required: 1 Twenty-Foot Container Payment Terms: L/C Destination: United Arab Emirates Looking for suppliers from: Worldwide Inquire Now Add to Favorites Product Description Please quote for the following wholesale product requirement - Product Name: Spices Specifications : Type: Dry Red Chili Whole Dry Chili, Stemless Chili, Crushed Chili, Chili Flakes, Chili Powder Purpose: Retail Note: Contact Email Only HS Code: 090422 Packaging Terms : Standard Quantity Required : 1 Twenty-Foot Container Shipping Terms : CIF Or FOB Destination Port : United Arab Emirates Payment Terms : L/C Looking for suppliers from : Worldwide Contact : Raviraj Deshmukh Buyer Of Spices | Dry Red Chilli",,,Raviraj Deshmukh,Contact : Raviraj Deshmukh,United Arab Emirates,Buyer From United Arab Emirates,1 Twenty-Foot Container,Quantity Required: 1 Twenty-Foot Container,Aug-27-26,2026-08-27,VERIFIED Aug-27-26,platform_login_or_membership,https://www.go4worldbusiness.com/buylead/view/1319728/wanted-:-spices-like-dry-red-chili.html,https://www.go4worldbusiness.com/buyers/chili.html,UNVERIFIED_MARKETPLACE_POST,2026-08-28T07:35:01+00:00,7f5c2b04c97cb4427b2ad13425d56fee5f2f0172e1034c7b6114babaf342f8ad,E:\贵客松-买家猎手\pipeline\data_b2b_public_v3\20260828T073331Z\raw\go4worldbusiness_CHILI_7f5c2b04c97c.html,LIVE
go4worldbusiness,CHILI,DIRECT_BUY_REQUIREMENT,True,CANDIDATE_NEEDS_CLEANING,Wanted : Spices Like Dried Red Chilies,"VERIFIED Aug-17-26 Wanted : Spices Like Dried Red Chilies Buyer From Viet Nam Quantity Required: 1 Twenty-Foot Container Payment Terms: L/C Destination: Ho Chi Minh, Viet Nam Looking for suppliers from: Worldwide Inquire Now Add to Favorites Product Description The buyer would like to receive quotations for - Product Name: Spices Specifications : Type: Dried Red Chilies Types : (jinda, Sannam, Teja, Myanmar Varieties) Send Us The Best Quotes Any Origin HS Code: 090421 Quantity Required : 1 Twenty-Foot Container Shipping Terms : CIF Destination Port : Ho Chi Minh, Viet Nam Payment Terms : L/C Looking for suppliers from : Worldwide Contact : Mitca Buyer Of Spices | Dry Red Chilli",,,Mitca,Contact : Mitca,Viet Nam,Buyer From Viet Nam,1 Twenty-Foot Container,Quantity Required: 1 Twenty-Foot Container,Aug-17-26,2026-08-17,VERIFIED Aug-17-26,platform_login_or_membership,https://www.go4worldbusiness.com/buylead/view/1317209/wanted-:-spices-like-dried-red-chilies.html,https://www.go4worldbusiness.com/buyers/chili.html,UNVERIFIED_MARKETPLACE_POST,2026-08-28T07:35:01+00:00,7f5c2b04c97cb4427b2ad13425d56fee5f2f0172e1034c7b6114babaf342f8ad,E:\贵客松-买家猎手\pipeline\data_b2b_public_v3\20260828T073331Z\raw\go4worldbusiness_CHILI_7f5c2b04c97c.html,LIVE
go4worldbusiness,CHILI,DIRECT_BUY_REQUIREMENT,True,CANDIDATE_NEEDS_CLEANING,"Wanted : Spices Like Cumin, Cloves And Red Chili","VERIFIED Aug-19-26 Wanted : Spices Like Cumin, Cloves And Red Chili Buyer From Oman Quantity Required: 1 Twenty-Foot Container Payment Terms: L/C Destination: Sohar Port, Oman Looking for suppliers from: Worldwide Inquire Now Add to Favorites Product Description Please quote for the following wholesale product requirement - Product Name: Spices Specifications : Type: Cumin, Cloves, Red Chili, Turmeric, Etc. Purpose: Retail/Distribution Note: Contact Via Email Only HS Code: 090931, 090710, 090421 Packaging Terms : Carton Boxes Quantity Required : 1 Twenty-Foot Container Shipping Terms : FOB Destination Port : Sohar Port, Oman Payment Terms : L/C Looking for suppliers from : Worldwide Contact : Krishna Buyer Of Spices | Cumin Seeds | Cloves | Red Chilli",,,Krishna,Contact : Krishna,Oman,Buyer From Oman,1 Twenty-Foot Container,Quantity Required: 1 Twenty-Foot Container,Aug-19-26,2026-08-19,VERIFIED Aug-19-26,platform_login_or_membership,https://www.go4worldbusiness.com/buylead/view/1317765/wanted-:-spices-like-cumin-cloves-and-red-chili.html,https://www.go4worldbusiness.com/buyers/chili.html,UNVERIFIED_MARKETPLACE_POST,2026-08-28T07:35:01+00:00,7f5c2b04c97cb4427b2ad13425d56fee5f2f0172e1034c7b6114babaf342f8ad,E:\贵客松-买家猎手\pipeline\data_b2b_public_v3\20260828T073331Z\raw\go4worldbusiness_CHILI_7f5c2b04c97c.html,LIVE
go4worldbusiness,CHILI,DIRECT_BUY_REQUIREMENT,True,CANDIDATE_NEEDS_CLEANING,"Wanted : Spices Like Cumin Seeds, Chili Powder","VERIFIED Aug-18-26 Wanted : Spices Like Cumin Seeds, Chili Powder Buyer From United Arab Emirates Quantity Required: 1 Twenty-Foot Container Payment Terms: L/C Destination: United Arab Emirates Looking for suppliers from: Worldwide Inquire Now Add to Favorites Product Description Please quote for the following wholesale product requirement - Product Name: Spices Specifications : Types: Whole Spices, Ground Spices (like Cumin Seeds, Chili Powder) Material: Natural Spices Uses: Food Processing, Retail Distribution Note: Contact Email Only HS Code: 090931, 090422 Packaging Terms : PP Bags, Glass Jars Quantity Required : 1 Twenty-Foot Container Shipping Terms : FOB Or CIF Destination Port : United Arab Emirates Payment Terms : L/C Looking for suppliers from : Worldwide Contact : Sajeev Buyer Of Spices | Cumin Seeds | Chilli Powder",,,Sajeev,Contact : Sajeev,United Arab Emirates,Buyer From United Arab Emirates,1 Twenty-Foot Container,Quantity Required: 1 Twenty-Foot Container,Aug-18-26,2026-08-18,VERIFIED Aug-18-26,platform_login_or_membership,https://www.go4worldbusiness.com/buylead/view/1317525/wanted-:-spices-like-cumin-seeds-chili-powder.html,https://www.go4worldbusiness.com/buyers/chili.html,UNVERIFIED_MARKETPLACE_POST,2026-08-28T07:35:01+00:00,7f5c2b04c97cb4427b2ad13425d56fee5f2f0172e1034c7b6114babaf342f8ad,E:\贵客松-买家猎手\pipeline\data_b2b_public_v3\20260828T073331Z\raw\go4worldbusiness_CHILI_7f5c2b04c97c.html,LIVE
go4worldbusiness,CHILI,DIRECT_BUY_REQUIREMENT,False,REJECTED_AT_INGEST,Wanted : Chili Sauces,"VERIFIED Jun-05-26 Wanted : Chili Sauces Buyer From Japan Quantity Required: 1 Twenty-Foot Container Payment Terms: LC/ TT/ CAD (open to all) Destination: Japan Looking for suppliers from: Asia Inquire Now Add to Favorites Product Description The buyer would like to receive quotations for - Product Name: Asian Chilli Sauce Specifications: Green Pepper, Habanero Peppers, Jalapeno Peppers Quantity : Mix container Load Quantity Required : 1 Twenty-Foot Container Shipping Terms : FOB Destination Port : Japan Payment Terms : LC/ TT/ CAD (open to all) Looking for suppliers from : Asia Contact : Bompex Japan Ltd. Buyer Of Food Products | Chilli Sauce",,,Bompex Japan Ltd.,Contact : Bompex Japan Ltd.,Japan,Buyer From Japan,1 Twenty-Foot Container,Quantity Required: 1 Twenty-Foot Container,Jun-05-26,2026-06-05,VERIFIED Jun-05-26,platform_login_or_membership,https://www.go4worldbusiness.com/buylead/view/1303195/wanted-:-chili-sauces.html,https://www.go4worldbusiness.com/buyers/chili.html,UNVERIFIED_MARKETPLACE_POST,2026-08-28T07:35:01+00:00,7f5c2b04c97cb4427b2ad13425d56fee5f2f0172e1034c7b6114babaf342f8ad,E:\贵客松-买家猎手\pipeline\data_b2b_public_v3\20260828T073331Z\raw\go4worldbusiness_CHILI_7f5c2b04c97c.html,LIVE
go4worldbusiness,CHILI,DIRECT_BUY_REQUIREMENT,False,REJECTED_AT_INGEST,Wanted : Fresh Vegetables Like Pepper Thai Green Chili,"VERIFIED Jul-28-26 Wanted : Fresh Vegetables Like Pepper Thai Green Chili Buyer From United States Quantity Required: 1 Metric Ton Payment Terms: To be discussed with sellers Destination: United States Looking for suppliers from: United States, Dominican Republic Inquire Now Add to Favorites Product Description Please quote for the following wholesale product requirement - Product Name: Fresh Vegetables Specifications : Type: Pepper Thai Green Chili And Other Indian Vegetables Price/ MT Origin: United States, Dominican Republic HS Code: 070960 Quantity Required : 1 Metric Ton/Metric Tons Shipping Terms : FOB, By Air Destination Port : United States Payment Terms : To be discussed with sellers Looking for suppliers from : United States, Dominican Republic Contact : Nagesh Jujjuru Buyer Of Fresh Vegetables | Fresh Green Chilli",,,Nagesh Jujjuru,Contact : Nagesh Jujjuru,United States,Buyer From United States,1 Metric Ton,Quantity Required: 1 Metric Ton,Jul-28-26,2026-07-28,VERIFIED Jul-28-26,platform_login_or_membership,https://www.go4worldbusiness.com/buylead/view/1313441/wanted-:-fresh-vegetables-like-pepper-thai-green-chili.html,https://www.go4worldbusiness.com/buyers/chili.html,UNVERIFIED_MARKETPLACE_POST,2026-08-28T07:35:01+00:00,7f5c2b04c97cb4427b2ad13425d56fee5f2f0172e1034c7b6114babaf342f8ad,E:\贵客松-买家猎手\pipeline\data_b2b_public_v3\20260828T073331Z\raw\go4worldbusiness_CHILI_7f5c2b04c97c.html,LIVE
go4worldbusiness,CHILI,DIRECT_BUY_REQUIREMENT,True,CANDIDATE_NEEDS_CLEANING,Wanted : Spices Like Dry Red Teja Chili Stem Less,"VERIFIED Aug-11-26 Wanted : Spices Like Dry Red Teja Chili Stem Less Buyer From United Arab Emirates Quantity Required: 3 Forty-Foot Container Payment Terms: L/C Destination: Dubai, United Arab Emirates Looking for suppliers from: Worldwide Inquire Now Add to Favorites Product Description The buyer would like to receive quotations for - Product Name: Spices Specifications : Type: Dry Red Teja Chili Stem Less Moisture: 10% Max Size: 8 To 10cm (size Is Negotiable Depending According To The Rates Quoted) Loose Seed: 3% Max Foreign Seeds: 3% Max HS Code: 090421 Quantity Required : 3 Forty-Foot Container Shipping Terms : CIF Destination Port : Dubai, United Arab Emirates Payment Terms : L/C Looking for suppliers from : Worldwide Contact : Karan Malhotra Buyer Of Spices | Dry Red Chilli",,,Karan Malhotra,Contact : Karan Malhotra,United Arab Emirates,Buyer From United Arab Emirates,3 Forty-Foot Container,Quantity Required: 3 Forty-Foot Container,Aug-11-26,2026-08-11,VERIFIED Aug-11-26,platform_login_or_membership,https://www.go4worldbusiness.com/buylead/view/1316057/wanted-:-spices-like-dry-red-teja-chili-stem-less.html,https://www.go4worldbusiness.com/buyers/chili.html,UNVERIFIED_MARKETPLACE_POST,2026-08-28T07:35:01+00:00,7f5c2b04c97cb4427b2ad13425d56fee5f2f0172e1034c7b6114babaf342f8ad,E:\贵客松-买家猎手\pipeline\data_b2b_public_v3\20260828T073331Z\raw\go4worldbusiness_CHILI_7f5c2b04c97c.html,LIVE
go4worldbusiness,CHILI,DIRECT_BUY_REQUIREMENT,True,CANDIDATE_NEEDS_CLEANING,Wanted : Dried Red Chili,"VERIFIED Jun-01-26 Wanted : Dried Red Chili Buyer From Viet Nam Quantity Required: 1 Twenty-Foot Container Payment Terms: LC Destination: Viet Nam Looking for suppliers from: Worldwide Inquire Now Add to Favorites Product Description Buyer is interested to receive quotations for the following RFQ - Product Name: Dried Red Chilies Specifications: Types : (jinda, Sannam, Teja, Myanmar varieties) Send us the best quotes Any origin Quantity Required : 1 Twenty-Foot Container Shipping Terms : CIF Destination Port : Viet Nam Payment Terms : LC Looking for suppliers from : Worldwide Contact : Mr. Mitca Buyer Of Dry Red Chilli",,,Mr. Mitca,Contact : Mr. Mitca,Viet Nam,Buyer From Viet Nam,1 Twenty-Foot Container,Quantity Required: 1 Twenty-Foot Container,Jun-01-26,2026-06-01,VERIFIED Jun-01-26,platform_login_or_membership,https://www.go4worldbusiness.com/buylead/view/1301924/wanted-:-dried-red-chili.html,https://www.go4worldbusiness.com/buyers/chili.html,UNVERIFIED_MARKETPLACE_POST,2026-08-28T07:35:01+00:00,7f5c2b04c97cb4427b2ad13425d56fee5f2f0172e1034c7b6114babaf342f8ad,E:\贵客松-买家猎手\pipeline\data_b2b_public_v3\20260828T073331Z\raw\go4worldbusiness_CHILI_7f5c2b04c97c.html,LIVE
go4worldbusiness,CHILI,DIRECT_BUY_REQUIREMENT,False,REJECTED_AT_INGEST,Wanted : Fresh Green Chilies,"VERIFIED Apr-21-26 Wanted : Fresh Green Chilies Buyer From Germany Quantity Required: 1 Twenty-Foot Container Payment Terms: LC/TT Destination: Germany Looking for suppliers from: Worldwide Inquire Now Add to Favorites Product Description The buyer would like to receive quotations for - Product Name: Green Chilies Specifications: Types: Fresh, Mild/Hot (like long, short chilies) Material: Fresh vegetable Uses: Cooking Quantity Required : 1 Twenty-Foot Container Shipping Terms : FOB/CIF Destination Port : Germany Payment Terms : LC/TT Looking for suppliers from : Worldwide Contact : Ali Hassan Buyer Of Fresh Green Chilli",,,Ali Hassan,Contact : Ali Hassan,Germany,Buyer From Germany,1 Twenty-Foot Container,Quantity Required: 1 Twenty-Foot Container,Apr-21-26,2026-04-21,VERIFIED Apr-21-26,platform_login_or_membership,https://www.go4worldbusiness.com/buylead/view/1293525/wanted-:-fresh-green-chilies.html,https://www.go4worldbusiness.com/buyers/chili.html,UNVERIFIED_MARKETPLACE_POST,2026-08-28T07:35:01+00:00,7f5c2b04c97cb4427b2ad13425d56fee5f2f0172e1034c7b6114babaf342f8ad,E:\贵客松-买家猎手\pipeline\data_b2b_public_v3\20260828T073331Z\raw\go4worldbusiness_CHILI_7f5c2b04c97c.html,LIVE
go4worldbusiness,CHILI,DIRECT_BUY_REQUIREMENT,True,CANDIDATE_NEEDS_CLEANING,"Wanted : Spices Like Turmeric, Chili","VERIFIED Jun-24-26 Wanted : Spices Like Turmeric, Chili Buyer From New Zealand Quantity Required: 1 Twenty-Foot Container Payment Terms: L/C Or T/T Destination: New Zealand Looking for suppliers from: Worldwide Inquire Now Add to Favorites Product Description The buyer would like to receive quotations for - Product Name: Spices Specifications : Type: Whole, Ground (like Turmeric, Chili) Material: Dried Spices Uses: Cooking Note: Contact By Email Quantity Required : 1 Twenty-Foot Container Shipping Terms : FOB Or CIF Destination Port : New Zealand Payment Terms : L/C Or T/T Looking for suppliers from : Worldwide Contact : Virendra Jani Buyer Of Spices | Turmeric | Red Chilli (Whole) | Dry Red Chilli | Whole Turmeric Fingers",,,Virendra Jani,Contact : Virendra Jani,New Zealand,Buyer From New Zealand,1 Twenty-Foot Container,Quantity Required: 1 Twenty-Foot Container,Jun-24-26,2026-06-24,VERIFIED Jun-24-26,platform_login_or_membership,https://www.go4worldbusiness.com/buylead/view/1306679/wanted-:-spices-like-turmeric-chili.html,https://www.go4worldbusiness.com/buyers/chili.html,UNVERIFIED_MARKETPLACE_POST,2026-08-28T07:35:01+00:00,7f5c2b04c97cb4427b2ad13425d56fee5f2f0172e1034c7b6114babaf342f8ad,E:\贵客松-买家猎手\pipeline\data_b2b_public_v3\20260828T073331Z\raw\go4worldbusiness_CHILI_7f5c2b04c97c.html,LIVE
go4worldbusiness,CHILI,DIRECT_BUY_REQUIREMENT,True,CANDIDATE_NEEDS_CLEANING,"Wanted : Spices Like Turmeric, Chili","VERIFIED Apr-29-26 Wanted : Spices Like Turmeric, Chili Buyer From Hong Kong Quantity Required: 1 Twenty-Foot Container Payment Terms: L/C Or T/T Destination: Hong Kong Looking for suppliers from: Worldwide Inquire Now Add to Favorites Product Description Buyer is interested to receive quotations for the following RFQ - Product Name: Spices Specifications : Type: Whole, Ground (like Turmeric, Chili) Material: Dried Spices Uses: Cooking Quantity Required : 1 Twenty-Foot Container Shipping Terms : FOB Or CIF Destination Port : Hong Kong Payment Terms : L/C Or T/T Looking for suppliers from : Worldwide Contact : Ameen Buyer Of Spices | Red Chilli | Turmeric",,,Ameen,Contact : Ameen,Hong Kong,Buyer From Hong Kong,1 Twenty-Foot Container,Quantity Required: 1 Twenty-Foot Container,Apr-29-26,2026-04-29,VERIFIED Apr-29-26,platform_login_or_membership,https://www.go4worldbusiness.com/buylead/view/1295117/wanted-:-spices-like-turmeric-chili.html,https://www.go4worldbusiness.com/buyers/chili.html,UNVERIFIED_MARKETPLACE_POST,2026-08-28T07:35:01+00:00,7f5c2b04c97cb4427b2ad13425d56fee5f2f0172e1034c7b6114babaf342f8ad,E:\贵客松-买家猎手\pipeline\data_b2b_public_v3\20260828T073331Z\raw\go4worldbusiness_CHILI_7f5c2b04c97c.html,LIVE
go4worldbusiness,CHILI,DIRECT_BUY_REQUIREMENT,True,CANDIDATE_NEEDS_CLEANING,"Wanted : Spices Like Turmeric, Chili","VERIFIED Apr-27-26 Wanted : Spices Like Turmeric, Chili Buyer From United Arab Emirates Quantity Required: Not specified Payment Terms: LC Destination: United Arab Emirates Looking for suppliers from: Worldwide Inquire Now Add to Favorites Product Description Buyer is interested to receive quotations for the following RFQ - Product Name: Spices Specifications: Types: Whole, Ground (like turmeric, chili) Material: Dried spices Uses: Cooking Contact email only Quantity Required : 0 Twenty-Foot Container Shipping Terms : FOB/CIF Destination Port : United Arab Emirates Payment Terms : LC Looking for suppliers from : Worldwide Contact : SULABH NARAYAN SINGH Buyer Of Spices | Turmeric | Red Chilli (Whole)",,,SULABH NARAYAN SINGH,Contact : SULABH NARAYAN SINGH,United Arab Emirates,Buyer From United Arab Emirates,Not specified,Quantity Required: Not specified,Apr-27-26,2026-04-27,VERIFIED Apr-27-26,platform_login_or_membership,https://www.go4worldbusiness.com/buylead/view/1294518/wanted-:-spices-like-turmeric-chili.html,https://www.go4worldbusiness.com/buyers/chili.html,UNVERIFIED_MARKETPLACE_POST,2026-08-28T07:35:01+00:00,7f5c2b04c97cb4427b2ad13425d56fee5f2f0172e1034c7b6114babaf342f8ad,E:\贵客松-买家猎手\pipeline\data_b2b_public_v3\20260828T073331Z\raw\go4worldbusiness_CHILI_7f5c2b04c97c.html,LIVE
go4worldbusiness,CHILI,DIRECT_BUY_REQUIREMENT,True,CANDIDATE_NEEDS_CLEANING,"Wanted : Spices Like Turmeric, Chili","VERIFIED Apr-09-26 Wanted : Spices Like Turmeric, Chili Buyer From Latvia Quantity Required: 1 Twenty-Foot Container Payment Terms: LC/TT Destination: Latvia Looking for suppliers from: India Inquire Now Add to Favorites Product Description Please quote for the following wholesale product requirement - Product name: Spices Specifications: Types: Turmeric, Chili (like cumin, coriander) Material: Dried spices Uses: Cooking Suppliers & Manufacturers: India only Quantity Required : 1 Twenty-Foot Container Shipping Terms : FOB/CIF Destination Port : Latvia Payment Terms : LC/TT Looking for suppliers from : India Contact : Mr. Ashish Buyer Of Spices | Turmeric | Red Chilli (Whole)",,,Mr. Ashish,Contact : Mr. Ashish,Latvia,Buyer From Latvia,1 Twenty-Foot Container,Quantity Required: 1 Twenty-Foot Container,Apr-09-26,2026-04-09,VERIFIED Apr-09-26,platform_login_or_membership,https://www.go4worldbusiness.com/buylead/view/1291214/wanted-:-spices-like-turmeric-chili.html,https://www.go4worldbusiness.com/buyers/chili.html,UNVERIFIED_MARKETPLACE_POST,2026-08-28T07:35:01+00:00,7f5c2b04c97cb4427b2ad13425d56fee5f2f0172e1034c7b6114babaf342f8ad,E:\贵客松-买家猎手\pipeline\data_b2b_public_v3\20260828T073331Z\raw\go4worldbusiness_CHILI_7f5c2b04c97c.html,LIVE
go4worldbusiness,CHILI,DIRECT_BUY_REQUIREMENT,True,CANDIDATE_NEEDS_CLEANING,"Wanted : Spices Like Turmeric, Chili","VERIFIED Apr-08-26 Wanted : Spices Like Turmeric, Chili Buyer From Qatar Quantity Required: 1 Twenty-Foot Container Payment Terms: LC Destination: Qatar Looking for suppliers from: Worldwide Inquire Now Add to Favorites Product Description The buyer would like to receive quotations for - Product Name: Spices Specifications: Types: Turmeric, Chili (like cumin, coriander) Material: Dried spices Uses: Cooking Quantity Required : 1 Twenty-Foot Container Shipping Terms : CIF Destination Port : Qatar Payment Terms : LC Looking for suppliers from : Worldwide Contact : Mr. Hizab Buyer Of Spices | Red Chilli | Turmeric",,,Mr. Hizab,Contact : Mr. Hizab,Qatar,Buyer From Qatar,1 Twenty-Foot Container,Quantity Required: 1 Twenty-Foot Container,Apr-08-26,2026-04-08,VERIFIED Apr-08-26,platform_login_or_membership,https://www.go4worldbusiness.com/buylead/view/1290882/wanted-:-spices-like-turmeric-chili.html,https://www.go4worldbusiness.com/buyers/chili.html,UNVERIFIED_MARKETPLACE_POST,2026-08-28T07:35:01+00:00,7f5c2b04c97cb4427b2ad13425d56fee5f2f0172e1034c7b6114babaf342f8ad,E:\贵客松-买家猎手\pipeline\data_b2b_public_v3\20260828T073331Z\raw\go4worldbusiness_CHILI_7f5c2b04c97c.html,LIVE
go4worldbusiness,CHILI,DIRECT_BUY_REQUIREMENT,True,CANDIDATE_NEEDS_CLEANING,"Wanted : Spices Like Turmeric, Chili","VERIFIED Mar-31-26 Wanted : Spices Like Turmeric, Chili Buyer From Oman Quantity Required: 1 Twenty-Foot Container Payment Terms: LC Destination: Oman Looking for suppliers from: Worldwide Inquire Now Add to Favorites Product Description Buyer is interested to receive quotations for the following RFQ - Product Name: Spices Specifications: Types: Turmeric, Chili (like cumin, coriander) Material: Dried spices Uses: Cooking Quantity Required : 1 Twenty-Foot Container Shipping Terms : FOB/CIF Destination Port : Oman Payment Terms : LC Looking for suppliers from : Worldwide Contact : Joel Briston / Shaik Buyer Of Spices | Turmeric | Red Chilli (Whole)",,,Joel Briston / Shaik,Contact : Joel Briston / Shaik,Oman,Buyer From Oman,1 Twenty-Foot Container,Quantity Required: 1 Twenty-Foot Container,Mar-31-26,2026-03-31,VERIFIED Mar-31-26,platform_login_or_membership,https://www.go4worldbusiness.com/buylead/view/1289361/wanted-:-spices-like-turmeric-chili.html,https://www.go4worldbusiness.com/buyers/chili.html,UNVERIFIED_MARKETPLACE_POST,2026-08-28T07:35:01+00:00,7f5c2b04c97cb4427b2ad13425d56fee5f2f0172e1034c7b6114babaf342f8ad,E:\贵客松-买家猎手\pipeline\data_b2b_public_v3\20260828T073331Z\raw\go4worldbusiness_CHILI_7f5c2b04c97c.html,LIVE
go4worldbusiness,CHILI,DIRECT_BUY_REQUIREMENT,True,CANDIDATE_NEEDS_CLEANING,Wanted : Spices Like Dried Red Chilies,VERIFIED Jul-01-26 Wanted : Spices Like Dried Red Chilies Buyer From Malaysia Quantity Required: 1 Twenty-Foot Container Payment Terms: L/C Or T/T Destination: Malaysia Looking for suppliers from: Worldwide Inquire Now Add to Favorites Product Description Please provide a quotation to the following requirement from importer - Product Name: Spices Specifications : Type: Dried Red Chilies Style: Whole With And Without Stems Quantity Required : 1 Twenty-Foot Container Shipping Terms : FOB Or CIF Destination Port : Malaysia Payment Terms : L/C Or T/T Looking for suppliers from : Worldwide Contact : Khoh Buyer Of Spices | Dry Red Chilli,,,Khoh,Contact : Khoh,Malaysia,Buyer From Malaysia,1 Twenty-Foot Container,Quantity Required: 1 Twenty-Foot Container,Jul-01-26,2026-07-01,VERIFIED Jul-01-26,platform_login_or_membership,https://www.go4worldbusiness.com/buylead/view/1308248/wanted-:-spices-like-dried-red-chilies.html,https://www.go4worldbusiness.com/buyers/chili.html,UNVERIFIED_MARKETPLACE_POST,2026-08-28T07:35:01+00:00,7f5c2b04c97cb4427b2ad13425d56fee5f2f0172e1034c7b6114babaf342f8ad,E:\贵客松-买家猎手\pipeline\data_b2b_public_v3\20260828T073331Z\raw\go4worldbusiness_CHILI_7f5c2b04c97c.html,LIVE
go4worldbusiness,CHILI,DIRECT_BUY_REQUIREMENT,True,CANDIDATE_NEEDS_CLEANING,Wanted : Spices Like Dried Red Chilies,"VERIFIED Jun-19-26 Wanted : Spices Like Dried Red Chilies Buyer From Malaysia Quantity Required: 1 Twenty-Foot Container Payment Terms: L/C Destination: Malaysia Looking for suppliers from: Worldwide Inquire Now Add to Favorites Product Description Buyer is interested to receive quotations for the following RFQ - Product Name: Spices Specifications : Type: Dried Red Chilies Jinda, Sannam, Teja, Myanmar Varieties Note: Contact Via Email Only Quantity Required : 1 Twenty-Foot Container Shipping Terms : CIF Destination Port : Malaysia Payment Terms : L/C Looking for suppliers from : Worldwide Contact : Mathew Buyer Of Spices | Red Chilli | Dry Red Chilli",,,Mathew,Contact : Mathew,Malaysia,Buyer From Malaysia,1 Twenty-Foot Container,Quantity Required: 1 Twenty-Foot Container,Jun-19-26,2026-06-19,VERIFIED Jun-19-26,platform_login_or_membership,https://www.go4worldbusiness.com/buylead/view/1305862/wanted-:-spices-like-dried-red-chilies.html,https://www.go4worldbusiness.com/buyers/chili.html,UNVERIFIED_MARKETPLACE_POST,2026-08-28T07:35:01+00:00,7f5c2b04c97cb4427b2ad13425d56fee5f2f0172e1034c7b6114babaf342f8ad,E:\贵客松-买家猎手\pipeline\data_b2b_public_v3\20260828T073331Z\raw\go4worldbusiness_CHILI_7f5c2b04c97c.html,LIVE
go4worldbusiness,CHILI,DIRECT_BUY_REQUIREMENT,True,CANDIDATE_NEEDS_CLEANING,Wanted : Spices Like Dry Red Chilies,VERIFIED Jun-17-26 Wanted : Spices Like Dry Red Chilies Buyer From India Quantity Required: 5 - 25 Tons Payment Terms: Bank Transfer Destination: India Looking for suppliers from: Worldwide Inquire Now Add to Favorites Product Description Please provide a quotation to the following requirement from importer - Product Name: Spices Specifications : Type: Dry Red Chilies Teja Quantity Required : 5 - 25 Ton/Tons Shipping Terms : FOR Destination Port : India Payment Terms : Bank Transfer Looking for suppliers from : Worldwide Contact : Rajni Sethi Buyer Of Spices | Red Chilli | Dry Red Chilli,,,Rajni Sethi,Contact : Rajni Sethi,India,Buyer From India,5 - 25 Tons,Quantity Required: 5 - 25 Tons,Jun-17-26,2026-06-17,VERIFIED Jun-17-26,platform_login_or_membership,https://www.go4worldbusiness.com/buylead/view/1305402/wanted-:-spices-like-dry-red-chilies.html,https://www.go4worldbusiness.com/buyers/chili.html,UNVERIFIED_MARKETPLACE_POST,2026-08-28T07:35:01+00:00,7f5c2b04c97cb4427b2ad13425d56fee5f2f0172e1034c7b6114babaf342f8ad,E:\贵客松-买家猎手\pipeline\data_b2b_public_v3\20260828T073331Z\raw\go4worldbusiness_CHILI_7f5c2b04c97c.html,LIVE
go4worldbusiness,CHILI,DIRECT_BUY_REQUIREMENT,True,CANDIDATE_NEEDS_CLEANING,"Wanted : Spices Like Turmeric, Chili And Cumin","VERIFIED Jun-02-26 Wanted : Spices Like Turmeric, Chili And Cumin Buyer From Latvia Quantity Required: 1 Twenty-Foot Container Payment Terms: L/C Or T/T Destination: Latvia Looking for suppliers from: India Inquire Now Add to Favorites Product Description The buyer would like to receive quotations for - Product Name: Spices Specifications : Type: Turmeric, Chili, Cumin, Coriander Material: Dried Spices Uses: Cooking Suppliers & Manufacturers: India Only Quantity Required : 1 Twenty-Foot Container Shipping Terms : FOB Or CIF Destination Port : Latvia Payment Terms : L/C Or T/T Looking for suppliers from : India Contact : Ashish Buyer Of Spices | Cumin Seeds | Coriander Seeds | Red Chilli | Turmeric",,,Ashish,Contact : Ashish,Latvia,Buyer From Latvia,1 Twenty-Foot Container,Quantity Required: 1 Twenty-Foot Container,Jun-02-26,2026-06-02,VERIFIED Jun-02-26,platform_login_or_membership,https://www.go4worldbusiness.com/buylead/view/1302224/wanted-:-spices-like-turmeric-chili-and-cumin.html,https://www.go4worldbusiness.com/buyers/chili.html,UNVERIFIED_MARKETPLACE_POST,2026-08-28T07:35:01+00:00,7f5c2b04c97cb4427b2ad13425d56fee5f2f0172e1034c7b6114babaf342f8ad,E:\贵客松-买家猎手\pipeline\data_b2b_public_v3\20260828T073331Z\raw\go4worldbusiness_CHILI_7f5c2b04c97c.html,LIVE
go4worldbusiness,CHILI,DIRECT_BUY_REQUIREMENT,True,CANDIDATE_NEEDS_CLEANING,Wanted : Spices Like Dry Red Chili,VERIFIED May-11-26 Wanted : Spices Like Dry Red Chili Buyer From Malaysia Quantity Required: 1 Twenty-Foot Container Payment Terms: L/C- ETA 45 Days Destination: Malaysia Looking for suppliers from: Worldwide Inquire Now Add to Favorites Product Description The buyer would like to receive quotations for - Product Name: Spices Specifications : Type: All Like Dry Red Chili Etc. Quantity Required : 1 Twenty-Foot Container Shipping Terms : CIF Destination Port : Malaysia Payment Terms : L/C- ETA 45 Days Looking for suppliers from : Worldwide Contact : Tony Buyer Of Spices | Red Chilli | Dry Red Chilli,,,Tony,Contact : Tony,Malaysia,Buyer From Malaysia,1 Twenty-Foot Container,Quantity Required: 1 Twenty-Foot Container,May-11-26,2026-05-11,VERIFIED May-11-26,platform_login_or_membership,https://www.go4worldbusiness.com/buylead/view/1297461/wanted-:-spices-like-dry-red-chili.html,https://www.go4worldbusiness.com/buyers/chili.html,UNVERIFIED_MARKETPLACE_POST,2026-08-28T07:35:01+00:00,7f5c2b04c97cb4427b2ad13425d56fee5f2f0172e1034c7b6114babaf342f8ad,E:\贵客松-买家猎手\pipeline\data_b2b_public_v3\20260828T073331Z\raw\go4worldbusiness_CHILI_7f5c2b04c97c.html,LIVE
go4worldbusiness,TEA,DIRECT_BUY_REQUIREMENT,True,CANDIDATE_NEEDS_CLEANING,"Wanted : Tea Like Masala Tea, Matcha Tea","VERIFIED Aug-27-26 Wanted : Tea Like Masala Tea, Matcha Tea Buyer From United Kingdom Quantity Required: 5 Kilograms Payment Terms: Bank Transfer Destination: United Kingdom Looking for suppliers from: Worldwide Inquire Now Add to Favorites Product Description Please quote for the following wholesale product requirement - Product Name: Tea Specifications : Type: Masala Tea, Matcha Tea Beverage Quantity: 5 Kg Sample Initially LCL Note: Contact Email Only HS Code: 090230, 090220 Quantity Required : 5 Kilogram/Kilograms(sample) Shipping Terms : CIF Destination Port : United Kingdom Payment Terms : Bank Transfer Looking for suppliers from : Worldwide Contact : Arun Bowry Buyer Of Tea | Masala Tea | Matcha Tea",,,Arun Bowry,Contact : Arun Bowry,United Kingdom,Buyer From United Kingdom,5 Kilograms,Quantity Required: 5 Kilograms,Aug-27-26,2026-08-27,VERIFIED Aug-27-26,platform_login_or_membership,https://www.go4worldbusiness.com/buylead/view/1319785/wanted-:-tea-like-masala-tea-matcha-tea.html,https://www.go4worldbusiness.com/buyers/tea.html,UNVERIFIED_MARKETPLACE_POST,2026-08-28T07:35:04+00:00,8cf8c1e57a21564b99ebfaaa9d599cb004ad5a6f7933aefd90ebb87b8ab580e5,E:\贵客松-买家猎手\pipeline\data_b2b_public_v3\20260828T073331Z\raw\go4worldbusiness_TEA_8cf8c1e57a21.html,LIVE
go4worldbusiness,TEA,DIRECT_BUY_REQUIREMENT,True,CANDIDATE_NEEDS_CLEANING,"Wanted : Herbal Tea Like Green Tea, Chamomile Tea","VERIFIED Aug-25-26 Wanted : Herbal Tea Like Green Tea, Chamomile Tea Buyer From Thailand Quantity Required: 1 Twenty-Foot Container Payment Terms: L/C Destination: Laem Chabang, Thailand Looking for suppliers from: Worldwide Inquire Now Add to Favorites Product Description The buyer would like to receive quotations for - Product Name: Herbal Tea Specifications : Type: Green Tea, Chamomile Tea, Peppermint, Ginger Tea Purpose : Wholesaler Note: Contact Via Email Only HS Code: 090210, 121190 Packaging Terms : Carton Boxes Quantity Required : 1 Twenty-Foot Container Shipping Terms : CIF Destination Port : Laem Chabang, Thailand Payment Terms : L/C Looking for suppliers from : Worldwide Contact : Sutee Buyer Of Tea | Green Tea | Herbal Tea | Chamomile Tea",,,Sutee,Contact : Sutee,Thailand,Buyer From Thailand,1 Twenty-Foot Container,Quantity Required: 1 Twenty-Foot Container,Aug-25-26,2026-08-25,VERIFIED Aug-25-26,platform_login_or_membership,https://www.go4worldbusiness.com/buylead/view/1319024/wanted-:-herbal-tea-like-green-tea-chamomile-tea.html,https://www.go4worldbusiness.com/buyers/tea.html,UNVERIFIED_MARKETPLACE_POST,2026-08-28T07:35:04+00:00,8cf8c1e57a21564b99ebfaaa9d599cb004ad5a6f7933aefd90ebb87b8ab580e5,E:\贵客松-买家猎手\pipeline\data_b2b_public_v3\20260828T073331Z\raw\go4worldbusiness_TEA_8cf8c1e57a21.html,LIVE
go4worldbusiness,TEA,DIRECT_BUY_REQUIREMENT,True,CANDIDATE_NEEDS_CLEANING,Wanted : Tea Like Black And Green Tea,"VERIFIED Aug-25-26 Wanted : Tea Like Black And Green Tea Buyer From United Arab Emirates Quantity Required: 1 Twenty-Foot Container Payment Terms: LC Destination: Jebel Ali, United Arab Emirates Looking for suppliers from: India Inquire Now Add to Favorites Product Description Please provide a quotation to the following requirement from importer - Product Name: Tea Specifications: Black And Green Tea Looking For Suppliers From : Assam Quantity Required : 1 Twenty-Foot Container Shipping Terms : CIF Destination Port : Jebel Ali, United Arab Emirates Payment Terms : LC Looking for suppliers from : India Contact : Mr. Roy Buyer Of Tea | Black Tea | Green Tea",,,Mr. Roy,Contact : Mr. Roy,United Arab Emirates,Buyer From United Arab Emirates,1 Twenty-Foot Container,Quantity Required: 1 Twenty-Foot Container,Aug-25-26,2026-08-25,VERIFIED Aug-25-26,platform_login_or_membership,https://www.go4worldbusiness.com/buylead/view/1319147/wanted-:-tea-like-black-and-green-tea.html,https://www.go4worldbusiness.com/buyers/tea.html,UNVERIFIED_MARKETPLACE_POST,2026-08-28T07:35:04+00:00,8cf8c1e57a21564b99ebfaaa9d599cb004ad5a6f7933aefd90ebb87b8ab580e5,E:\贵客松-买家猎手\pipeline\data_b2b_public_v3\20260828T073331Z\raw\go4worldbusiness_TEA_8cf8c1e57a21.html,LIVE
go4worldbusiness,TEA,DIRECT_BUY_REQUIREMENT,True,CANDIDATE_NEEDS_CLEANING,"Wanted : Tea Like Green Tea, Black Tea","VERIFIED Aug-24-26 Wanted : Tea Like Green Tea, Black Tea Buyer From Qatar Quantity Required: 1 Twenty-Foot Container Payment Terms: LC Destination: Qatar Looking for suppliers from: Worldwide Inquire Now Add to Favorites Product Description Please quote for the following wholesale product requirement - Product Name: Tea Specifications: Green Tea, Black tea Quantity Required : 1 Twenty-Foot Container Shipping Terms : CIF Destination Port : Qatar Payment Terms : LC Looking for suppliers from : Worldwide Contact : Purchaser - Markaz Buyer Of Tea | Black Tea | Green Tea",,,Purchaser - Markaz,Contact : Purchaser - Markaz,Qatar,Buyer From Qatar,1 Twenty-Foot Container,Quantity Required: 1 Twenty-Foot Container,Aug-24-26,2026-08-24,VERIFIED Aug-24-26,platform_login_or_membership,https://www.go4worldbusiness.com/buylead/view/1318749/wanted-:-tea-like-green-tea-black-tea.html,https://www.go4worldbusiness.com/buyers/tea.html,UNVERIFIED_MARKETPLACE_POST,2026-08-28T07:35:04+00:00,8cf8c1e57a21564b99ebfaaa9d599cb004ad5a6f7933aefd90ebb87b8ab580e5,E:\贵客松-买家猎手\pipeline\data_b2b_public_v3\20260828T073331Z\raw\go4worldbusiness_TEA_8cf8c1e57a21.html,LIVE
go4worldbusiness,TEA,DIRECT_BUY_REQUIREMENT,True,CANDIDATE_NEEDS_CLEANING,"Wanted : Tea Like Green Tea, Black Tea, Herbal Tea","VERIFIED Aug-21-26 Wanted : Tea Like Green Tea, Black Tea, Herbal Tea Buyer From United Kingdom Quantity Required: 2 Twenty-Foot Container Payment Terms: LC Destination: United Kingdom Looking for suppliers from: Worldwide Inquire Now Add to Favorites Product Description Please quote for the following wholesale product requirement - Product Name : Tea Specifications: Type : Green Tea, Black Tea, Herbal Tea Etc. Hs Code 0902 Quantity Required : 2 Twenty-Foot Container Shipping Terms : CIF Destination Port : United Kingdom Payment Terms : LC Looking for suppliers from : Worldwide Contact : Ahmed Buyer Of Tea | Green Tea | Herbal Tea",,,Ahmed,Contact : Ahmed,United Kingdom,Buyer From United Kingdom,2 Twenty-Foot Container,Quantity Required: 2 Twenty-Foot Container,Aug-21-26,2026-08-21,VERIFIED Aug-21-26,platform_login_or_membership,https://www.go4worldbusiness.com/buylead/view/1318493/wanted-:-tea-like-green-tea-black-tea-herbal-tea.html,https://www.go4worldbusiness.com/buyers/tea.html,UNVERIFIED_MARKETPLACE_POST,2026-08-28T07:35:04+00:00,8cf8c1e57a21564b99ebfaaa9d599cb004ad5a6f7933aefd90ebb87b8ab580e5,E:\贵客松-买家猎手\pipeline\data_b2b_public_v3\20260828T073331Z\raw\go4worldbusiness_TEA_8cf8c1e57a21.html,LIVE
go4worldbusiness,TEA,DIRECT_BUY_REQUIREMENT,True,CANDIDATE_NEEDS_CLEANING,Wanted : Capsule Coffee Machine,"VERIFIED Aug-25-26 Wanted : Capsule Coffee Machine Buyer From Viet Nam Quantity Required: 1 Forty-Foot Container Payment Terms: T/T Destination: Viet Nam Looking for suppliers from: Worldwide Inquire Now Add to Favorites Product Description Buyer is interested to receive quotations for the following RFQ - Product Name: Capsule Coffee Machine Specifications : Coffee Machine Different Brands, Different Capacities HS Code: 851671 Quantity Required : 1 Forty-Foot Container Shipping Terms : CIF Destination Port : Viet Nam Payment Terms : T/T Looking for suppliers from : Worldwide Contact : Huy Nguyen Buyer Of Coffee & Tea Makers",,,Huy Nguyen,Contact : Huy Nguyen,Viet Nam,Buyer From Viet Nam,1 Forty-Foot Container,Quantity Required: 1 Forty-Foot Container,Aug-25-26,2026-08-25,VERIFIED Aug-25-26,platform_login_or_membership,https://www.go4worldbusiness.com/buylead/view/1319058/wanted-:-capsule-coffee-machine.html,https://www.go4worldbusiness.com/buyers/tea.html,UNVERIFIED_MARKETPLACE_POST,2026-08-28T07:35:04+00:00,8cf8c1e57a21564b99ebfaaa9d599cb004ad5a6f7933aefd90ebb87b8ab580e5,E:\贵客松-买家猎手\pipeline\data_b2b_public_v3\20260828T073331Z\raw\go4worldbusiness_TEA_8cf8c1e57a21.html,LIVE
go4worldbusiness,TEA,DIRECT_BUY_REQUIREMENT,True,CANDIDATE_NEEDS_CLEANING,Wanted : Coffee Machine,VERIFIED Aug-24-26 Wanted : Coffee Machine Buyer From Hong Kong Quantity Required: 1 Twenty-Foot Container Payment Terms: T/T Destination: Hong Kong Looking for suppliers from: Worldwide Inquire Now Add to Favorites Product Description Buyer is interested to receive quotations for the following RFQ - Product Name: Coffee Machine Specifications : All Type Of Machine HS Code: 851671 Quantity Required : 1 Twenty-Foot Container Shipping Terms : FOB Destination Port : Hong Kong Payment Terms : T/T Looking for suppliers from : Worldwide Contact : Hero Buyer Of Coffee & Tea Makers,,,Hero,Contact : Hero,Hong Kong,Buyer From Hong Kong,1 Twenty-Foot Container,Quantity Required: 1 Twenty-Foot Container,Aug-24-26,2026-08-24,VERIFIED Aug-24-26,platform_login_or_membership,https://www.go4worldbusiness.com/buylead/view/1318766/wanted-:-coffee-machine.html,https://www.go4worldbusiness.com/buyers/tea.html,UNVERIFIED_MARKETPLACE_POST,2026-08-28T07:35:04+00:00,8cf8c1e57a21564b99ebfaaa9d599cb004ad5a6f7933aefd90ebb87b8ab580e5,E:\贵客松-买家猎手\pipeline\data_b2b_public_v3\20260828T073331Z\raw\go4worldbusiness_TEA_8cf8c1e57a21.html,LIVE
go4worldbusiness,TEA,DIRECT_BUY_REQUIREMENT,True,CANDIDATE_NEEDS_CLEANING,Wanted : Tea Like Black And Green Tea,"VERIFIED Aug-19-26 Wanted : Tea Like Black And Green Tea Buyer From Kuwait Quantity Required: 1 Twenty-Foot Container Payment Terms: L/C Destination: Kuwait Looking for suppliers from: Worldwide Inquire Now Add to Favorites Product Description The buyer would like to receive quotations for - Product Name: Tea Specifications : Type: Black And Green Tea HS Code: 090230, 090210 Quantity Required : 1 Twenty-Foot Container Shipping Terms : CIF Destination Port : Kuwait Payment Terms : L/C Looking for suppliers from : Worldwide Contact : Purchasing Dept Buyer Of Tea | Black Tea | Green Tea",,,Purchasing Dept,Contact : Purchasing Dept,Kuwait,Buyer From Kuwait,1 Twenty-Foot Container,Quantity Required: 1 Twenty-Foot Container,Aug-19-26,2026-08-19,VERIFIED Aug-19-26,platform_login_or_membership,https://www.go4worldbusiness.com/buylead/view/1317836/wanted-:-tea-like-black-and-green-tea.html,https://www.go4worldbusiness.com/buyers/tea.html,UNVERIFIED_MARKETPLACE_POST,2026-08-28T07:35:04+00:00,8cf8c1e57a21564b99ebfaaa9d599cb004ad5a6f7933aefd90ebb87b8ab580e5,E:\贵客松-买家猎手\pipeline\data_b2b_public_v3\20260828T073331Z\raw\go4worldbusiness_TEA_8cf8c1e57a21.html,LIVE
go4worldbusiness,TEA,DIRECT_BUY_REQUIREMENT,True,CANDIDATE_NEEDS_CLEANING,Wanted : Tea Like Matcha Powder And Itoen Oi Ocha Powder,"VERIFIED Aug-17-26 Wanted : Tea Like Matcha Powder And Itoen Oi Ocha Powder Buyer From Philippines Quantity Required: 500 - 600 Kilograms Payment Terms: L/C Destination: Manila, Philippines Looking for suppliers from: Worldwide Inquire Now Add to Favorites Product Description Please quote for the following wholesale product requirement - Product Name: Tea Specifications : Type: Matcha Powder And Itoen Oi Ocha Powder Matcha And Itoen Oi Ocha (green Tea Powde)r For Beverages Cheep Cost And Good Qualtiy For Retail And Bulk Quantity: 500-600 Kg Initially Later LCL HS Code: 090220, 210690 Quantity Required : 500 - 600 Kilogram/Kilograms Daily Shipping Terms : CIF Destination Port : Manila, Philippines Payment Terms : L/C Looking for suppliers from : Worldwide Contact : Gemma M. Perez Buyer Of Tea | Matcha Tea | Tea Powder",,,Gemma M. Perez,Contact : Gemma M. Perez,Philippines,Buyer From Philippines,500 - 600 Kilograms,Quantity Required: 500 - 600 Kilograms,Aug-17-26,2026-08-17,VERIFIED Aug-17-26,platform_login_or_membership,https://www.go4worldbusiness.com/buylead/view/1317100/wanted-:-tea-like-matcha-powder-and-itoen-oi-ocha-powder.html,https://www.go4worldbusiness.com/buyers/tea.html,UNVERIFIED_MARKETPLACE_POST,2026-08-28T07:35:04+00:00,8cf8c1e57a21564b99ebfaaa9d599cb004ad5a6f7933aefd90ebb87b8ab580e5,E:\贵客松-买家猎手\pipeline\data_b2b_public_v3\20260828T073331Z\raw\go4worldbusiness_TEA_8cf8c1e57a21.html,LIVE
go4worldbusiness,TEA,DIRECT_BUY_REQUIREMENT,True,CANDIDATE_NEEDS_CLEANING,Wanted : Tea Like Boosting Black And Green Tea,"VERIFIED Aug-10-26 Wanted : Tea Like Boosting Black And Green Tea Buyer From Philippines Quantity Required: 1 Less than Container Load Payment Terms: Bank Transfer Destination: Philippines Looking for suppliers from: China Inquire Now Add to Favorites Product Description Please provide a quotation to the following requirement from importer - Product Name: Tea Specifications : Type: Boosting Black And Green Tea Form: Loose Leaf Black HS Code: 090230, 090210 Quantity Required : 1 Less than Container Load/LCL(sample) Shipping Terms : FOB Destination Port : Philippines Payment Terms : Bank Transfer Looking for suppliers from : China Contact : Doris Anacan Buyer Of Tea | Black Tea | Green Tea",,,Doris Anacan,Contact : Doris Anacan,Philippines,Buyer From Philippines,1 Less than Container Load,Quantity Required: 1 Less than Container Load,Aug-10-26,2026-08-10,VERIFIED Aug-10-26,platform_login_or_membership,https://www.go4worldbusiness.com/buylead/view/1315895/wanted-:-tea-like-boosting-black-and-green-tea.html,https://www.go4worldbusiness.com/buyers/tea.html,UNVERIFIED_MARKETPLACE_POST,2026-08-28T07:35:04+00:00,8cf8c1e57a21564b99ebfaaa9d599cb004ad5a6f7933aefd90ebb87b8ab580e5,E:\贵客松-买家猎手\pipeline\data_b2b_public_v3\20260828T073331Z\raw\go4worldbusiness_TEA_8cf8c1e57a21.html,LIVE
go4worldbusiness,TEA,DIRECT_BUY_REQUIREMENT,True,CANDIDATE_NEEDS_CLEANING,"Wanted : Tea Like Black Tea, Green Tea","VERIFIED Aug-06-26 Wanted : Tea Like Black Tea, Green Tea Buyer From Canada Quantity Required: 1 Ton Payment Terms: Transferable L/C At Sight Destination: Turkey Looking for suppliers from: Worldwide Inquire Now Add to Favorites Product Description Please quote for the following wholesale product requirement - Product Name: Tea Specifications : Type: Black Tea, Green Tea, Etc. HS Code: 090240, 090210 Quantity Required : 1 Ton/Tons Shipping Terms : CIF Or FOB Destination Port : Turkey Payment Terms : Transferable L/C At Sight Looking for suppliers from : Worldwide Contact : Jean Joseph Buyer Of Tea | Black Tea | Green Tea",,,Jean Joseph,Contact : Jean Joseph,Canada,Buyer From Canada,1 Ton,Quantity Required: 1 Ton,Aug-06-26,2026-08-06,VERIFIED Aug-06-26,platform_login_or_membership,https://www.go4worldbusiness.com/buylead/view/1315140/wanted-:-tea-like-black-tea-green-tea.html,https://www.go4worldbusiness.com/buyers/tea.html,UNVERIFIED_MARKETPLACE_POST,2026-08-28T07:35:04+00:00,8cf8c1e57a21564b99ebfaaa9d599cb004ad5a6f7933aefd90ebb87b8ab580e5,E:\贵客松-买家猎手\pipeline\data_b2b_public_v3\20260828T073331Z\raw\go4worldbusiness_TEA_8cf8c1e57a21.html,LIVE
go4worldbusiness,TEA,DIRECT_BUY_REQUIREMENT,True,CANDIDATE_NEEDS_CLEANING,Wanted : Tea Like Black Tea,VERIFIED Aug-20-26 Wanted : Tea Like Black Tea Buyer From Greece Quantity Required: 1 Twenty-Foot Container Payment Terms: Bank Transfer Destination: Greece Looking for suppliers from: India Inquire Now Add to Favorites Product Description The buyer would like to receive quotations for - Product Name: Tea Specifications : Type: Black Tea Packaging : Standard Use : Retail & Distribution Purpose Harmonized System (HS) Code: 0902.30 Quantity Required : 1 Twenty-Foot Container Shipping Terms : CIF Destination Port : Greece Payment Terms : Bank Transfer Looking for suppliers from : India Contact : Malen Imports Buyer Of Tea | Black Tea,,,Malen Imports,Contact : Malen Imports,Greece,Buyer From Greece,1 Twenty-Foot Container,Quantity Required: 1 Twenty-Foot Container,Aug-20-26,2026-08-20,VERIFIED Aug-20-26,platform_login_or_membership,https://www.go4worldbusiness.com/buylead/view/1318234/wanted-:-tea-like-black-tea.html,https://www.go4worldbusiness.com/buyers/tea.html,UNVERIFIED_MARKETPLACE_POST,2026-08-28T07:35:04+00:00,8cf8c1e57a21564b99ebfaaa9d599cb004ad5a6f7933aefd90ebb87b8ab580e5,E:\贵客松-买家猎手\pipeline\data_b2b_public_v3\20260828T073331Z\raw\go4worldbusiness_TEA_8cf8c1e57a21.html,LIVE
go4worldbusiness,TEA,DIRECT_BUY_REQUIREMENT,True,CANDIDATE_NEEDS_CLEANING,Wanted : Tea Like Sencha And Matcha Tea,"VERIFIED Aug-04-26 Wanted : Tea Like Sencha And Matcha Tea Buyer From Japan Quantity Required: 1 - 5 Kilograms Payment Terms: L/C Destination: Japan Looking for suppliers from: Worldwide Inquire Now Add to Favorites Product Description Please provide a quotation to the following requirement from importer - Product Name: Tea Specifications : Type: Sencha And Matcha Tea Ceremonial Or Premium Okimidori Matcha Quantity - 1 - 5 Kg As Sample Later 500 Kg HS Code: 090230, 090220 Quantity Required : 1 - 5 Kilogram/Kilograms(sample) Shipping Terms : CIF Destination Port : Japan Payment Terms : L/C Looking for suppliers from : Worldwide Contact : Praise Buyer Of Tea | Matcha Tea",,,Praise,Contact : Praise,Japan,Buyer From Japan,1 - 5 Kilograms,Quantity Required: 1 - 5 Kilograms,Aug-04-26,2026-08-04,VERIFIED Aug-04-26,platform_login_or_membership,https://www.go4worldbusiness.com/buylead/view/1314744/wanted-:-tea-like-sencha-and-matcha-tea.html,https://www.go4worldbusiness.com/buyers/tea.html,UNVERIFIED_MARKETPLACE_POST,2026-08-28T07:35:04+00:00,8cf8c1e57a21564b99ebfaaa9d599cb004ad5a6f7933aefd90ebb87b8ab580e5,E:\贵客松-买家猎手\pipeline\data_b2b_public_v3\20260828T073331Z\raw\go4worldbusiness_TEA_8cf8c1e57a21.html,LIVE
go4worldbusiness,TEA,DIRECT_BUY_REQUIREMENT,True,CANDIDATE_NEEDS_CLEANING,Wanted : Tea Like Karak Tea,"VERIFIED Aug-14-26 Wanted : Tea Like Karak Tea Buyer From Oman Quantity Required: 1,000 - 2,000 Pieces Payment Terms: Bank transfer Destination: Philippines Looking for suppliers from: Philippines, Oman Inquire Now Add to Favorites Product Description Please quote for the following wholesale product requirement - Product Name: Karak Tea Specifications :- Type - 18g To 20g Per Sachet. Hs Code 21012090 Quantity - 1000 Pcs - 2000 Pcs Or More MOQ Quantity Required : 1000 - 2000 Piece/Pieces Shipping Terms : CIF Destination Port : Philippines Payment Terms : Bank transfer Looking for suppliers from : Philippines, Oman Contact : Sheree Belmonte Buyer Of Tea",,,Sheree Belmonte,Contact : Sheree Belmonte,Oman,Buyer From Oman,"1,000 - 2,000 Pieces","Quantity Required: 1,000 - 2,000 Pieces",Aug-14-26,2026-08-14,VERIFIED Aug-14-26,platform_login_or_membership,https://www.go4worldbusiness.com/buylead/view/1316836/wanted-:-tea-like-karak-tea.html,https://www.go4worldbusiness.com/buyers/tea.html,UNVERIFIED_MARKETPLACE_POST,2026-08-28T07:35:04+00:00,8cf8c1e57a21564b99ebfaaa9d599cb004ad5a6f7933aefd90ebb87b8ab580e5,E:\贵客松-买家猎手\pipeline\data_b2b_public_v3\20260828T073331Z\raw\go4worldbusiness_TEA_8cf8c1e57a21.html,LIVE
go4worldbusiness,TEA,DIRECT_BUY_REQUIREMENT,True,CANDIDATE_NEEDS_CLEANING,"Wanted : Tea Like Cacao Tea, Hu Sen Tea","VERIFIED Aug-11-26 Wanted : Tea Like Cacao Tea, Hu Sen Tea Buyer From Japan Quantity Required: 1 Less than Container Load Payment Terms: LC/ TT/ CAD (open to all) Destination: Japan, Japan Looking for suppliers from: Japan, Viet Nam, Brazil Inquire Now Add to Favorites Product Description Buyer is interested to receive quotations for the following RFQ - Product Name: Tea Like Cacao Tea, Hu Sen Tea Specifications: Cacao Tea from japan Hu Sen tea from vietman Mate tea from brazil package for 30 grams Quantity : 30 kg -40 kg each initiaally later LCL Packaging Terms : package for 30 grams Quantity Required : 1 Less than Container Load/LCL Shipping Terms : FOB Destination Port : Japan, Japan Payment Terms : LC/ TT/ CAD (open to all) Looking for suppliers from : Japan, Viet Nam, Brazil Contact : Mr. Koseko Buyer Of Tea",,,Mr. Koseko,Contact : Mr. Koseko,Japan,Buyer From Japan,1 Less than Container Load,Quantity Required: 1 Less than Container Load,Aug-11-26,2026-08-11,VERIFIED Aug-11-26,platform_login_or_membership,https://www.go4worldbusiness.com/buylead/view/1316173/wanted-:-tea-like-cacao-tea-hu-sen-tea.html,https://www.go4worldbusiness.com/buyers/tea.html,UNVERIFIED_MARKETPLACE_POST,2026-08-28T07:35:04+00:00,8cf8c1e57a21564b99ebfaaa9d599cb004ad5a6f7933aefd90ebb87b8ab580e5,E:\贵客松-买家猎手\pipeline\data_b2b_public_v3\20260828T073331Z\raw\go4worldbusiness_TEA_8cf8c1e57a21.html,LIVE
go4worldbusiness,TEA,DIRECT_BUY_REQUIREMENT,True,CANDIDATE_NEEDS_CLEANING,Wanted : Ceylon Tea Like Op1 Loose Leaf Ceylon Tea,VERIFIED Aug-05-26 Wanted : Ceylon Tea Like Op1 Loose Leaf Ceylon Tea Buyer From Ukraine Quantity Required: 3 Tons Payment Terms: LC Destination: Ukraine Looking for suppliers from: Worldwide Inquire Now Add to Favorites Product Description Please quote for the following wholesale product requirement - Product Name: Ceylon Tea Specifications : Type: OP1 Loose Leaf Ceylon Tea Harmonized System (HS) Code: 090230 Quantity Required : 3 Ton/Tons Shipping Terms : CIF Destination Port : Ukraine Payment Terms : LC Looking for suppliers from : Worldwide Contact : Mykola Shuliak Buyer Of Tea | Black Tea | CTC Black Tea,,,Mykola Shuliak,Contact : Mykola Shuliak,Ukraine,Buyer From Ukraine,3 Tons,Quantity Required: 3 Tons,Aug-05-26,2026-08-05,VERIFIED Aug-05-26,platform_login_or_membership,https://www.go4worldbusiness.com/buylead/view/1315081/wanted-:-ceylon-tea-like-op1-loose-leaf-ceylon-tea.html,https://www.go4worldbusiness.com/buyers/tea.html,UNVERIFIED_MARKETPLACE_POST,2026-08-28T07:35:04+00:00,8cf8c1e57a21564b99ebfaaa9d599cb004ad5a6f7933aefd90ebb87b8ab580e5,E:\贵客松-买家猎手\pipeline\data_b2b_public_v3\20260828T073331Z\raw\go4worldbusiness_TEA_8cf8c1e57a21.html,LIVE
go4worldbusiness,TEA,DIRECT_BUY_REQUIREMENT,True,CANDIDATE_NEEDS_CLEANING,Wanted : Tea Like Black Tea And Assam Ctc Bop,"VERIFIED Jul-30-26 Wanted : Tea Like Black Tea And Assam Ctc Bop Buyer From United Arab Emirates Quantity Required: 1 Twenty-Foot Container Payment Terms: LC Destination: Abu Dhabi, United Arab Emirates Looking for suppliers from: India Inquire Now Add to Favorites Product Description The buyer would like to receive quotations for - Product Name: Tea Like Black Tea and Assam CTC BOP Specifications: Black Tea and Assam CTC BOP Indian origin Hs Code 0902 Quantity Required : 1 Twenty-Foot Container Shipping Terms : CIF Destination Port : Abu Dhabi, United Arab Emirates Payment Terms : LC Looking for suppliers from : India Contact : Shahid Hossain Buyer Of Tea | Black Tea | CTC Black Tea",,,Shahid Hossain,Contact : Shahid Hossain,United Arab Emirates,Buyer From United Arab Emirates,1 Twenty-Foot Container,Quantity Required: 1 Twenty-Foot Container,Jul-30-26,2026-07-30,VERIFIED Jul-30-26,platform_login_or_membership,https://www.go4worldbusiness.com/buylead/view/1314003/wanted-:-tea-like-black-tea-and-assam-ctc-bop.html,https://www.go4worldbusiness.com/buyers/tea.html,UNVERIFIED_MARKETPLACE_POST,2026-08-28T07:35:04+00:00,8cf8c1e57a21564b99ebfaaa9d599cb004ad5a6f7933aefd90ebb87b8ab580e5,E:\贵客松-买家猎手\pipeline\data_b2b_public_v3\20260828T073331Z\raw\go4worldbusiness_TEA_8cf8c1e57a21.html,LIVE
go4worldbusiness,TEA,DIRECT_BUY_REQUIREMENT,True,CANDIDATE_NEEDS_CLEANING,"Wanted : Tea And Coffee Like Black Tea, Coffee Premixes","VERIFIED Aug-06-26 Wanted : Tea And Coffee Like Black Tea, Coffee Premixes Buyer From Singapore Quantity Required: 1 - 2 Pallets Payment Terms: TT credit 45 days Destination: Singapore Looking for suppliers from: Worldwide Inquire Now Add to Favorites Product Description Please quote for the following wholesale product requirement - Product Name: Tea and Coffee Specifications: Black Tea, Coffee premixes, coffee powder Should be organic certified "" IMP NOTE: Need quotations only by Whats App Need 1, 2 pallets initially on trial basis then will increase the quantity Quantity Required : 1 - 2 Pallet/Pallets Shipping Terms : CIF Destination Port : Singapore Payment Terms : TT credit 45 days Looking for suppliers from : Worldwide Contact : Mr. Ong Buyer Of Tea | Black Tea | Coffee | Coffee Premix",,,Mr. Ong,Contact : Mr. Ong,Singapore,Buyer From Singapore,1 - 2 Pallets,Quantity Required: 1 - 2 Pallets,Aug-06-26,2026-08-06,VERIFIED Aug-06-26,platform_login_or_membership,https://www.go4worldbusiness.com/buylead/view/1315421/wanted-:-tea-and-coffee-like-black-tea-coffee-premixes.html,https://www.go4worldbusiness.com/buyers/tea.html,UNVERIFIED_MARKETPLACE_POST,2026-08-28T07:35:04+00:00,8cf8c1e57a21564b99ebfaaa9d599cb004ad5a6f7933aefd90ebb87b8ab580e5,E:\贵客松-买家猎手\pipeline\data_b2b_public_v3\20260828T073331Z\raw\go4worldbusiness_TEA_8cf8c1e57a21.html,LIVE
go4worldbusiness,TEA,DIRECT_BUY_REQUIREMENT,False,REJECTED_AT_INGEST,Wanted : Matcha Powder,"VERIFIED Jun-26-26 Wanted : Matcha Powder Buyer From India Quantity Required: 4,000 Kilograms Payment Terms: L/C Or T/T Destination: India Looking for suppliers from: Worldwide Inquire Now Add to Favorites Product Description Please quote for the following wholesale product requirement - Product Name: Matcha Powder Specifications : Food Grade Matcha Powder For Drinks, Beverages, Snacks And Fast Food Also Share Some Relevant Information Of Matcha Powder Like Different Varieties With Use\ Application, Packing Size In Bulk And Pricing Quantity Required : 4000 Kilogram/Kilograms Shipping Terms : CIF Destination Port : India Payment Terms : L/C Or T/T Looking for suppliers from : Worldwide Contact : Janak Sharma Buyer Of Matcha Tea",,,Janak Sharma,Contact : Janak Sharma,India,Buyer From India,"4,000 Kilograms","Quantity Required: 4,000 Kilograms",Jun-26-26,2026-06-26,VERIFIED Jun-26-26,platform_login_or_membership,https://www.go4worldbusiness.com/buylead/view/1307360/wanted-:-matcha-powder.html,https://www.go4worldbusiness.com/buyers/tea.html,UNVERIFIED_MARKETPLACE_POST,2026-08-28T07:35:04+00:00,8cf8c1e57a21564b99ebfaaa9d599cb004ad5a6f7933aefd90ebb87b8ab580e5,E:\贵客松-买家猎手\pipeline\data_b2b_public_v3\20260828T073331Z\raw\go4worldbusiness_TEA_8cf8c1e57a21.html,LIVE
go4worldbusiness,TEA,DIRECT_BUY_REQUIREMENT,True,CANDIDATE_NEEDS_CLEANING,Wanted : Green Tea,"VERIFIED Jun-23-26 Wanted : Green Tea Buyer From Philippines Quantity Required: 10,000 Boxes Payment Terms: LC Destination: Philippines Looking for suppliers from: Worldwide Inquire Now Add to Favorites Product Description Buyer is interested to receive quotations for the following RFQ - Product Name: Green Tea Specifications: Hot Tea (Loose Leaf + Tea Bags) Category: Green Tea Quantity: 10000 Box/Boxes Initially Details: Looking for custom manufacturer who can formulate us our preferred tea. Quantity Required : 10000 Box/Boxes Shipping Terms : CIF Destination Port : Philippines Payment Terms : LC Looking for suppliers from : Worldwide Contact : Jeru Bayron Buyer Of Green Tea",,,Jeru Bayron,Contact : Jeru Bayron,Philippines,Buyer From Philippines,"10,000 Boxes","Quantity Required: 10,000 Boxes",Jun-23-26,2026-06-23,VERIFIED Jun-23-26,platform_login_or_membership,https://www.go4worldbusiness.com/buylead/view/1306413/wanted-:-green-tea.html,https://www.go4worldbusiness.com/buyers/tea.html,UNVERIFIED_MARKETPLACE_POST,2026-08-28T07:35:04+00:00,8cf8c1e57a21564b99ebfaaa9d599cb004ad5a6f7933aefd90ebb87b8ab580e5,E:\贵客松-买家猎手\pipeline\data_b2b_public_v3\20260828T073331Z\raw\go4worldbusiness_TEA_8cf8c1e57a21.html,LIVE
