record_id,source_code,source_role,category_code,title,description_raw,buyer_name_raw,contact_person_raw,buyer_country_code,buyer_country_raw,quantity_raw,published_at,deadline_at,source_url,observed_at,verification_status,product_match,timely,entity_resolved,quality_status,quality_reason,truth_score,truth_level
5a397e284065df09a74ec225bcfbe196,go4worldbusiness,DIRECT_RFQ,CHILI,Wanted : Spices Like Dry Red Chili,"VERIFIED Aug-27-26 Wanted : Spices Like Dry Red Chili Buyer From United Arab Emirates Quantity Required: 1 Twenty-Foot Container Payment Terms: L/C Destination: United Arab Emirates Looking for suppliers from: Worldwide Inquire Now Add to Favorites Product Description Please quote for the following wholesale product requirement - Product Name: Spices Specifications : Type: Dry Red Chili Whole Dry Chili, Stemless Chili, Crushed Chili, Chili Flakes, Chili Powder Purpose: Retail Note: Contact Email Only HS Code: 090422 Packaging Terms : Standard Quantity Required : 1 Twenty-Foot Container Shipping Terms : CIF Or FOB Destination Port : United Arab Emirates Payment Terms : L/C Looking for suppliers from : Worldwide Contact : Raviraj Deshmukh Buyer Of Spices | Dry Red Chilli",,Raviraj Deshmukh,AE,United Arab Emirates,1 Twenty-Foot Container,2026-08-27,,https://www.go4worldbusiness.com/buylead/view/1319728/wanted-:-spices-like-dry-red-chili.html,2026-08-28T07:35:01+00:00,UNVERIFIED_MARKETPLACE_POST,True,True,False,USEFUL_NEEDS_ENTITY,truth=B score=69,69,B
7b25467f8974985fb3d8e004f2dfa369,go4worldbusiness,DIRECT_RFQ,TEA,"Wanted : Tea Like Green Tea, Black Tea, Herbal Tea","VERIFIED Aug-21-26 Wanted : Tea Like Green Tea, Black Tea, Herbal Tea Buyer From United Kingdom Quantity Required: 2 Twenty-Foot Container Payment Terms: LC Destination: United Kingdom Looking for suppliers from: Worldwide Inquire Now Add to Favorites Product Description Please quote for the following wholesale product requirement - Product Name : Tea Specifications: Type : Green Tea, Black Tea, Herbal Tea Etc. Hs Code 0902 Quantity Required : 2 Twenty-Foot Container Shipping Terms : CIF Destination Port : United Kingdom Payment Terms : LC Looking for suppliers from : Worldwide Contact : Ahmed Buyer Of Tea | Green Tea | Herbal Tea",,Ahmed,GB,United Kingdom,2 Twenty-Foot Container,2026-08-21,,https://www.go4worldbusiness.com/buylead/view/1318493/wanted-:-tea-like-green-tea-black-tea-herbal-tea.html,2026-08-28T07:35:04+00:00,UNVERIFIED_MARKETPLACE_POST,True,True,False,USEFUL_NEEDS_ENTITY,truth=B score=69,69,B
ab1e172d3a60b7ca74baed8ee3ab25f5,go4worldbusiness,DIRECT_RFQ,TEA,"Wanted : Herbal Tea Like Green Tea, Chamomile Tea","VERIFIED Aug-25-26 Wanted : Herbal Tea Like Green Tea, Chamomile Tea Buyer From Thailand Quantity Required: 1 Twenty-Foot Container Payment Terms: L/C Destination: Laem Chabang, Thailand Looking for suppliers from: Worldwide Inquire Now Add to Favorites Product Description The buyer would like to receive quotations for - Product Name: Herbal Tea Specifications : Type: Green Tea, Chamomile Tea, Peppermint, Ginger Tea Purpose : Wholesaler Note: Contact Via Email Only HS Code: 090210, 121190 Packaging Terms : Carton Boxes Quantity Required : 1 Twenty-Foot Container Shipping Terms : CIF Destination Port : Laem Chabang, Thailand Payment Terms : L/C Looking for suppliers from : Worldwide Contact : Sutee Buyer Of Tea | Green Tea | Herbal Tea | Chamomile Tea",,Sutee,TH,Thailand,1 Twenty-Foot Container,2026-08-25,,https://www.go4worldbusiness.com/buylead/view/1319024/wanted-:-herbal-tea-like-green-tea-chamomile-tea.html,2026-08-28T07:35:04+00:00,UNVERIFIED_MARKETPLACE_POST,True,True,False,USEFUL_NEEDS_ENTITY,truth=B score=69,69,B
0c404c271793f45734c67eb3238012df,go4worldbusiness,DIRECT_RFQ,TEA,Wanted : Tea Like Black And Green Tea,"VERIFIED Aug-25-26 Wanted : Tea Like Black And Green Tea Buyer From United Arab Emirates Quantity Required: 1 Twenty-Foot Container Payment Terms: LC Destination: Jebel Ali, United Arab Emirates Looking for suppliers from: India Inquire Now Add to Favorites Product Description Please provide a quotation to the following requirement from importer - Product Name: Tea Specifications: Black And Green Tea Looking For Suppliers From : Assam Quantity Required : 1 Twenty-Foot Container Shipping Terms : CIF Destination Port : Jebel Ali, United Arab Emirates Payment Terms : LC Looking for suppliers from : India Contact : Mr. Roy Buyer Of Tea | Black Tea | Green Tea",,Mr. Roy,AE,United Arab Emirates,1 Twenty-Foot Container,2026-08-25,,https://www.go4worldbusiness.com/buylead/view/1319147/wanted-:-tea-like-black-and-green-tea.html,2026-08-28T07:35:04+00:00,UNVERIFIED_MARKETPLACE_POST,True,True,False,USEFUL_NEEDS_ENTITY,truth=B score=64,64,B
7146345cf32a2194a008786b697abe82,go4worldbusiness,DIRECT_RFQ,TEA,"Wanted : Tea Like Green Tea, Black Tea","VERIFIED Aug-24-26 Wanted : Tea Like Green Tea, Black Tea Buyer From Qatar Quantity Required: 1 Twenty-Foot Container Payment Terms: LC Destination: Qatar Looking for suppliers from: Worldwide Inquire Now Add to Favorites Product Description Please quote for the following wholesale product requirement - Product Name: Tea Specifications: Green Tea, Black tea Quantity Required : 1 Twenty-Foot Container Shipping Terms : CIF Destination Port : Qatar Payment Terms : LC Looking for suppliers from : Worldwide Contact : Purchaser - Markaz Buyer Of Tea | Black Tea | Green Tea",,Purchaser - Markaz,QA,Qatar,1 Twenty-Foot Container,2026-08-24,,https://www.go4worldbusiness.com/buylead/view/1318749/wanted-:-tea-like-green-tea-black-tea.html,2026-08-28T07:35:04+00:00,UNVERIFIED_MARKETPLACE_POST,True,True,False,USEFUL_NEEDS_ENTITY,truth=B score=64,64,B
1dab58baa14b3a093f10118fc8849a94,go4worldbusiness,DIRECT_RFQ,TEA,"Wanted : Tea And Coffee Like Black Tea, Coffee Premixes","VERIFIED Aug-06-26 Wanted : Tea And Coffee Like Black Tea, Coffee Premixes Buyer From Singapore Quantity Required: 1 - 2 Pallets Payment Terms: TT credit 45 days Destination: Singapore Looking for suppliers from: Worldwide Inquire Now Add to Favorites Product Description Please quote for the following wholesale product requirement - Product Name: Tea and Coffee Specifications: Black Tea, Coffee premixes, coffee powder Should be organic certified "" IMP NOTE: Need quotations only by Whats App Need 1, 2 pallets initially on trial basis then will increase the quantity Quantity Required : 1 - 2 Pallet/Pallets Shipping Terms : CIF Destination Port : Singapore Payment Terms : TT credit 45 days Looking for suppliers from : Worldwide Contact : Mr. Ong Buyer Of Tea | Black Tea | Coffee | Coffee Premix",,Mr. Ong,SG,Singapore,1 - 2 Pallets,2026-08-06,,https://www.go4worldbusiness.com/buylead/view/1315421/wanted-:-tea-and-coffee-like-black-tea-coffee-premixes.html,2026-08-28T07:35:04+00:00,UNVERIFIED_MARKETPLACE_POST,True,True,False,USEFUL_NEEDS_ENTITY,truth=B score=62,62,B
243fc2d16e80ce134620278fd4558dbc,go4worldbusiness,DIRECT_RFQ,TEA,"Wanted : Tea Like Cacao Tea, Hu Sen Tea","VERIFIED Aug-11-26 Wanted : Tea Like Cacao Tea, Hu Sen Tea Buyer From Japan Quantity Required: 1 Less than Container Load Payment Terms: LC/ TT/ CAD (open to all) Destination: Japan, Japan Looking for suppliers from: Japan, Viet Nam, Brazil Inquire Now Add to Favorites Product Description Buyer is interested to receive quotations for the following RFQ - Product Name: Tea Like Cacao Tea, Hu Sen Tea Specifications: Cacao Tea from japan Hu Sen tea from vietman Mate tea from brazil package for 30 grams Quantity : 30 kg -40 kg each initiaally later LCL Packaging Terms : package for 30 grams Quantity Required : 1 Less than Container Load/LCL Shipping Terms : FOB Destination Port : Japan, Japan Payment Terms : LC/ TT/ CAD (open to all) Looking for suppliers from : Japan, Viet Nam, Brazil Contact : Mr. Koseko Buyer Of Tea",,Mr. Koseko,JP,Japan,1 Less than Container Load,2026-08-11,,https://www.go4worldbusiness.com/buylead/view/1316173/wanted-:-tea-like-cacao-tea-hu-sen-tea.html,2026-08-28T07:35:04+00:00,UNVERIFIED_MARKETPLACE_POST,True,True,False,USEFUL_NEEDS_ENTITY,truth=B score=62,62,B
9d4bcac04f91cf4ef8374005d2e54c17,go4worldbusiness,DIRECT_RFQ,CHILI,Wanted : Spices Like Dry Red Teja Chili Stem Less,"VERIFIED Aug-11-26 Wanted : Spices Like Dry Red Teja Chili Stem Less Buyer From United Arab Emirates Quantity Required: 3 Forty-Foot Container Payment Terms: L/C Destination: Dubai, United Arab Emirates Looking for suppliers from: Worldwide Inquire Now Add to Favorites Product Description The buyer would like to receive quotations for - Product Name: Spices Specifications : Type: Dry Red Teja Chili Stem Less Moisture: 10% Max Size: 8 To 10cm (size Is Negotiable Depending According To The Rates Quoted) Loose Seed: 3% Max Foreign Seeds: 3% Max HS Code: 090421 Quantity Required : 3 Forty-Foot Container Shipping Terms : CIF Destination Port : Dubai, United Arab Emirates Payment Terms : L/C Looking for suppliers from : Worldwide Contact : Karan Malhotra Buyer Of Spices | Dry Red Chilli",,Karan Malhotra,AE,United Arab Emirates,3 Forty-Foot Container,2026-08-11,,https://www.go4worldbusiness.com/buylead/view/1316057/wanted-:-spices-like-dry-red-teja-chili-stem-less.html,2026-08-28T07:35:01+00:00,UNVERIFIED_MARKETPLACE_POST,True,True,False,USEFUL_NEEDS_ENTITY,truth=B score=62,62,B
a21f4dd27b7427d1750e4cc337183b80,go4worldbusiness,DIRECT_RFQ,CHILI,"Wanted : Spices Like Cumin, Cloves And Red Chili","VERIFIED Aug-19-26 Wanted : Spices Like Cumin, Cloves And Red Chili Buyer From Oman Quantity Required: 1 Twenty-Foot Container Payment Terms: L/C Destination: Sohar Port, Oman Looking for suppliers from: Worldwide Inquire Now Add to Favorites Product Description Please quote for the following wholesale product requirement - Product Name: Spices Specifications : Type: Cumin, Cloves, Red Chili, Turmeric, Etc. Purpose: Retail/Distribution Note: Contact Via Email Only HS Code: 090931, 090710, 090421 Packaging Terms : Carton Boxes Quantity Required : 1 Twenty-Foot Container Shipping Terms : FOB Destination Port : Sohar Port, Oman Payment Terms : L/C Looking for suppliers from : Worldwide Contact : Krishna Buyer Of Spices | Cumin Seeds | Cloves | Red Chilli",,Krishna,OM,Oman,1 Twenty-Foot Container,2026-08-19,,https://www.go4worldbusiness.com/buylead/view/1317765/wanted-:-spices-like-cumin-cloves-and-red-chili.html,2026-08-28T07:35:01+00:00,UNVERIFIED_MARKETPLACE_POST,True,True,False,USEFUL_NEEDS_ENTITY,truth=B score=62,62,B
a2c2f5398f60686401820c4fa2787dd2,go4worldbusiness,DIRECT_RFQ,TEA,Wanted : Tea Like Black And Green Tea,"VERIFIED Aug-19-26 Wanted : Tea Like Black And Green Tea Buyer From Kuwait Quantity Required: 1 Twenty-Foot Container Payment Terms: L/C Destination: Kuwait Looking for suppliers from: Worldwide Inquire Now Add to Favorites Product Description The buyer would like to receive quotations for - Product Name: Tea Specifications : Type: Black And Green Tea HS Code: 090230, 090210 Quantity Required : 1 Twenty-Foot Container Shipping Terms : CIF Destination Port : Kuwait Payment Terms : L/C Looking for suppliers from : Worldwide Contact : Purchasing Dept Buyer Of Tea | Black Tea | Green Tea",,Purchasing Dept,KW,Kuwait,1 Twenty-Foot Container,2026-08-19,,https://www.go4worldbusiness.com/buylead/view/1317836/wanted-:-tea-like-black-and-green-tea.html,2026-08-28T07:35:04+00:00,UNVERIFIED_MARKETPLACE_POST,True,True,False,USEFUL_NEEDS_ENTITY,truth=B score=62,62,B
a487bb9182cb97d60cd2ab24b1db54b9,go4worldbusiness,DIRECT_RFQ,CHILI,"Wanted : Spices Like Cumin Seeds, Chili Powder","VERIFIED Aug-18-26 Wanted : Spices Like Cumin Seeds, Chili Powder Buyer From United Arab Emirates Quantity Required: 1 Twenty-Foot Container Payment Terms: L/C Destination: United Arab Emirates Looking for suppliers from: Worldwide Inquire Now Add to Favorites Product Description Please quote for the following wholesale product requirement - Product Name: Spices Specifications : Types: Whole Spices, Ground Spices (like Cumin Seeds, Chili Powder) Material: Natural Spices Uses: Food Processing, Retail Distribution Note: Contact Email Only HS Code: 090931, 090422 Packaging Terms : PP Bags, Glass Jars Quantity Required : 1 Twenty-Foot Container Shipping Terms : FOB Or CIF Destination Port : United Arab Emirates Payment Terms : L/C Looking for suppliers from : Worldwide Contact : Sajeev Buyer Of Spices | Cumin Seeds | Chilli Powder",,Sajeev,AE,United Arab Emirates,1 Twenty-Foot Container,2026-08-18,,https://www.go4worldbusiness.com/buylead/view/1317525/wanted-:-spices-like-cumin-seeds-chili-powder.html,2026-08-28T07:35:01+00:00,UNVERIFIED_MARKETPLACE_POST,True,True,False,USEFUL_NEEDS_ENTITY,truth=B score=62,62,B
a64c03e0b8380c47e9b5b107dff039c3,go4worldbusiness,DIRECT_RFQ,TEA,Wanted : Tea Like Black Tea And Assam Ctc Bop,"VERIFIED Jul-30-26 Wanted : Tea Like Black Tea And Assam Ctc Bop Buyer From United Arab Emirates Quantity Required: 1 Twenty-Foot Container Payment Terms: LC Destination: Abu Dhabi, United Arab Emirates Looking for suppliers from: India Inquire Now Add to Favorites Product Description The buyer would like to receive quotations for - Product Name: Tea Like Black Tea and Assam CTC BOP Specifications: Black Tea and Assam CTC BOP Indian origin Hs Code 0902 Quantity Required : 1 Twenty-Foot Container Shipping Terms : CIF Destination Port : Abu Dhabi, United Arab Emirates Payment Terms : LC Looking for suppliers from : India Contact : Shahid Hossain Buyer Of Tea | Black Tea | CTC Black Tea",,Shahid Hossain,AE,United Arab Emirates,1 Twenty-Foot Container,2026-07-30,,https://www.go4worldbusiness.com/buylead/view/1314003/wanted-:-tea-like-black-tea-and-assam-ctc-bop.html,2026-08-28T07:35:04+00:00,UNVERIFIED_MARKETPLACE_POST,True,True,False,USEFUL_NEEDS_ENTITY,truth=B score=62,62,B
b71e688b745bc39252237ce04318fd53,go4worldbusiness,DIRECT_RFQ,TEA,Wanted : Tea Like Karak Tea,"VERIFIED Aug-14-26 Wanted : Tea Like Karak Tea Buyer From Oman Quantity Required: 1,000 - 2,000 Pieces Payment Terms: Bank transfer Destination: Philippines Looking for suppliers from: Philippines, Oman Inquire Now Add to Favorites Product Description Please quote for the following wholesale product requirement - Product Name: Karak Tea Specifications :- Type - 18g To 20g Per Sachet. Hs Code 21012090 Quantity - 1000 Pcs - 2000 Pcs Or More MOQ Quantity Required : 1000 - 2000 Piece/Pieces Shipping Terms : CIF Destination Port : Philippines Payment Terms : Bank transfer Looking for suppliers from : Philippines, Oman Contact : Sheree Belmonte Buyer Of Tea",,Sheree Belmonte,OM,Oman,"1,000 - 2,000 Pieces",2026-08-14,,https://www.go4worldbusiness.com/buylead/view/1316836/wanted-:-tea-like-karak-tea.html,2026-08-28T07:35:04+00:00,UNVERIFIED_MARKETPLACE_POST,True,True,False,USEFUL_NEEDS_ENTITY,truth=B score=62,62,B
bd4613727fa09650929810fc6226e8b5,go4worldbusiness,DIRECT_RFQ,TEA,Wanted : Tea Like Boosting Black And Green Tea,"VERIFIED Aug-10-26 Wanted : Tea Like Boosting Black And Green Tea Buyer From Philippines Quantity Required: 1 Less than Container Load Payment Terms: Bank Transfer Destination: Philippines Looking for suppliers from: China Inquire Now Add to Favorites Product Description Please provide a quotation to the following requirement from importer - Product Name: Tea Specifications : Type: Boosting Black And Green Tea Form: Loose Leaf Black HS Code: 090230, 090210 Quantity Required : 1 Less than Container Load/LCL(sample) Shipping Terms : FOB Destination Port : Philippines Payment Terms : Bank Transfer Looking for suppliers from : China Contact : Doris Anacan Buyer Of Tea | Black Tea | Green Tea",,Doris Anacan,PH,Philippines,1 Less than Container Load,2026-08-10,,https://www.go4worldbusiness.com/buylead/view/1315895/wanted-:-tea-like-boosting-black-and-green-tea.html,2026-08-28T07:35:04+00:00,UNVERIFIED_MARKETPLACE_POST,True,True,False,USEFUL_NEEDS_ENTITY,truth=B score=62,62,B
cd13058ea03716684c46b00497f6bffc,go4worldbusiness,DIRECT_RFQ,TEA,"Wanted : Tea Like Black Tea, Green Tea","VERIFIED Aug-06-26 Wanted : Tea Like Black Tea, Green Tea Buyer From Canada Quantity Required: 1 Ton Payment Terms: Transferable L/C At Sight Destination: Turkey Looking for suppliers from: Worldwide Inquire Now Add to Favorites Product Description Please quote for the following wholesale product requirement - Product Name: Tea Specifications : Type: Black Tea, Green Tea, Etc. HS Code: 090240, 090210 Quantity Required : 1 Ton/Tons Shipping Terms : CIF Or FOB Destination Port : Turkey Payment Terms : Transferable L/C At Sight Looking for suppliers from : Worldwide Contact : Jean Joseph Buyer Of Tea | Black Tea | Green Tea",,Jean Joseph,CA,Canada,1 Ton,2026-08-06,,https://www.go4worldbusiness.com/buylead/view/1315140/wanted-:-tea-like-black-tea-green-tea.html,2026-08-28T07:35:04+00:00,UNVERIFIED_MARKETPLACE_POST,True,True,False,USEFUL_NEEDS_ENTITY,truth=B score=62,62,B
833fd8a5a441fe687b65a7bca516a77e,tradekey,DIRECT_RFQ,TEA,Interested in Buying Tea,"Interested in Buying Tea There is a current requirement for Tea ; please share your available specifications, packing details and best offer. Please state origin, moisture level, packing weight, inspection options and load... Tags: Tea Suppliers | Bulk Tea | Tea Exporters This buyer wants to receive quotations only from Premium Members . Kuwait Posted on: 23 Aug 2026 Contact Buyer now",,,KW,Kuwait,,2026-08-23,,https://importer.tradekey.com/buyoffer/Interested-In-Buying-Tea-3849085.html,2026-08-28T07:34:03+00:00,UNVERIFIED_MARKETPLACE_POST,True,True,False,NEEDS_VERIFICATION,truth=C score=59,59,C
d2f329aa83fe25493f694729f8a879f3,tradekey,DIRECT_RFQ,TEA,Manufacturers Wanted for Cumin Seeds for India,"Manufacturers Wanted for Cumin Seeds for India We invite manufacturers and established exporters to offer cumin seeds. State botanical variety, origin and crop season, whole/ground or tea grade, moisture, foreign matter and volatile-oil or extr... Tags: Cumin Seeds | Cumin Seeds Supplier | Cumin Seeds Manufacturer | Bulk Cumin Seeds | Cumin Seeds Exporter This buyer wants to receive quotations only from Premium Members . India Posted on: 27 Aug 2026 Contact Buyer now",,,IN,India,,2026-08-27,,https://importer.tradekey.com/buyoffer/Manufacturers-Wanted-For-Cumin-Seeds-For-India-3871703.html,2026-08-28T07:34:03+00:00,UNVERIFIED_MARKETPLACE_POST,True,True,False,NEEDS_VERIFICATION,truth=C score=59,59,C
fa1e57121061f3e0b019c7d41c0d4c52,tradekey,DIRECT_RFQ,TEA,Buying Black Tea for France,"Buying Black Tea for France We are evaluating producers of black tea for shipment to France. State botanical variety, origin and crop season, whole/ground or tea grade, moisture, foreign matter and volatile-oil or extract val... Tags: Black Tea | Black Tea Supplier | Black Tea Manufacturer This buyer wants to receive quotations only from Premium Members . France Posted on: 27 Aug 2026 Contact Buyer now",,,FR,France,,2026-08-27,,https://importer.tradekey.com/buyoffer/Buying-Black-Tea-For-France-3871695.html,2026-08-28T07:34:03+00:00,UNVERIFIED_MARKETPLACE_POST,True,True,False,NEEDS_VERIFICATION,truth=C score=59,59,C
02afd75c2f6ba514625cc998952a7949,go4worldbusiness,DIRECT_RFQ,TEA,Wanted : Tea Like Black Tea,VERIFIED Aug-20-26 Wanted : Tea Like Black Tea Buyer From Greece Quantity Required: 1 Twenty-Foot Container Payment Terms: Bank Transfer Destination: Greece Looking for suppliers from: India Inquire Now Add to Favorites Product Description The buyer would like to receive quotations for - Product Name: Tea Specifications : Type: Black Tea Packaging : Standard Use : Retail & Distribution Purpose Harmonized System (HS) Code: 0902.30 Quantity Required : 1 Twenty-Foot Container Shipping Terms : CIF Destination Port : Greece Payment Terms : Bank Transfer Looking for suppliers from : India Contact : Malen Imports Buyer Of Tea | Black Tea,,Malen Imports,GR,Greece,1 Twenty-Foot Container,2026-08-20,,https://www.go4worldbusiness.com/buylead/view/1318234/wanted-:-tea-like-black-tea.html,2026-08-28T07:35:04+00:00,UNVERIFIED_MARKETPLACE_POST,True,True,False,NEEDS_VERIFICATION,truth=C score=57,57,C
ed6c146b6bd03405ecd58868ebc80f8f,go4worldbusiness,DIRECT_RFQ,TEA,Wanted : Ceylon Tea Like Op1 Loose Leaf Ceylon Tea,VERIFIED Aug-05-26 Wanted : Ceylon Tea Like Op1 Loose Leaf Ceylon Tea Buyer From Ukraine Quantity Required: 3 Tons Payment Terms: LC Destination: Ukraine Looking for suppliers from: Worldwide Inquire Now Add to Favorites Product Description Please quote for the following wholesale product requirement - Product Name: Ceylon Tea Specifications : Type: OP1 Loose Leaf Ceylon Tea Harmonized System (HS) Code: 090230 Quantity Required : 3 Ton/Tons Shipping Terms : CIF Destination Port : Ukraine Payment Terms : LC Looking for suppliers from : Worldwide Contact : Mykola Shuliak Buyer Of Tea | Black Tea | CTC Black Tea,,Mykola Shuliak,UA,Ukraine,3 Tons,2026-08-05,,https://www.go4worldbusiness.com/buylead/view/1315081/wanted-:-ceylon-tea-like-op1-loose-leaf-ceylon-tea.html,2026-08-28T07:35:04+00:00,UNVERIFIED_MARKETPLACE_POST,True,True,False,NEEDS_VERIFICATION,truth=C score=57,57,C
1f796104918e1f3d63a495b87def00ab,go4worldbusiness,DIRECT_RFQ,CHILI,Wanted : Dried Red Chili,"VERIFIED Jun-01-26 Wanted : Dried Red Chili Buyer From Viet Nam Quantity Required: 1 Twenty-Foot Container Payment Terms: LC Destination: Viet Nam Looking for suppliers from: Worldwide Inquire Now Add to Favorites Product Description Buyer is interested to receive quotations for the following RFQ - Product Name: Dried Red Chilies Specifications: Types : (jinda, Sannam, Teja, Myanmar varieties) Send us the best quotes Any origin Quantity Required : 1 Twenty-Foot Container Shipping Terms : CIF Destination Port : Viet Nam Payment Terms : LC Looking for suppliers from : Worldwide Contact : Mr. Mitca Buyer Of Dry Red Chilli",,Mr. Mitca,VN,Viet Nam,1 Twenty-Foot Container,2026-06-01,,https://www.go4worldbusiness.com/buylead/view/1301924/wanted-:-dried-red-chili.html,2026-08-28T07:35:01+00:00,UNVERIFIED_MARKETPLACE_POST,True,True,False,NEEDS_VERIFICATION,truth=C score=52,52,C
54aa86b358619f370620b20c66399940,tradekey,DIRECT_RFQ,TEA,Bulk Sourcing Inquiry for Votive Holder Tea Light Holder,"Bulk Sourcing Inquiry for Votive Holder Tea Light Holder Please quote export-quality Votive Holder Tea Light Holder for an initial shipment of one **-foot container. Please state origin, variety or grade, moisture, purity, defect tolerance, processing me... Tags: Votive Holder Tea Light Holder | Votive Holder Tea Light Holder Supplier | Bulk Votive Holder Tea Light Holder | Votive Holder Tea Light Holder Manufacturer | Votive Holder Tea Light Holder Exporter | Votive Holder Tea Light Holder Importer | Votive Holder Tea This buyer wants to receive quotations only from Premium Members . India Posted on: 11 Aug 2026 Contact Buyer now",,,IN,India,,2026-08-11,,https://importer.tradekey.com/buyoffer/Bulk-Sourcing-Inquiry-For-Votive-Holder-Tea-Light-Holder-3839929.html,2026-08-28T07:34:03+00:00,UNVERIFIED_MARKETPLACE_POST,True,True,False,NEEDS_VERIFICATION,truth=C score=52,52,C
83314cea64f857b23ebe4a696142f9ff,tradekey,DIRECT_RFQ,TEA,Buyer Seeking Tea Bags,"Buyer Seeking Tea Bags We want to compare manufacturers and exporters dealing in Tea Bags. Main preference: individually wrapped or bulk-packed tea bags can be considered please mention tea grade, flavor options, and sh... Tags: Tea Bags | Food Supplier | Bulk Food Products | Import Food This buyer wants to receive quotations only from Premium Members . Uganda Posted on: 15 Aug 2026 Contact Buyer now",,,UG,Uganda,,2026-08-15,,https://importer.tradekey.com/buyoffer/Buyer-Seeking-Tea-Bags-3858471.html,2026-08-28T07:34:03+00:00,UNVERIFIED_MARKETPLACE_POST,True,True,False,NEEDS_VERIFICATION,truth=C score=52,52,C
88698e5d5a185d7a6b2aefaed2b2fdc7,tradekey,DIRECT_RFQ,TEA,Import Inquiry for Tea bag,Import Inquiry for Tea bag We would like to connect with suppliers who can provide Tea bag with consistent quality. Our current demand is connected with buyers in Sri Lanka. Kindly mention monthly supply capacity and whethe... Tags: Tea Bag | Tea Bag Supplier | Tea Bag Export This buyer wants to receive quotations only from Premium Members . Sri Lanka Posted on: 09 Aug 2026 Contact Buyer now,,,LK,Sri Lanka,monthly,2026-08-09,,https://importer.tradekey.com/buyoffer/Import-Inquiry-For-Tea-Bag-3856837.html,2026-08-28T07:34:03+00:00,UNVERIFIED_MARKETPLACE_POST,True,True,False,NEEDS_VERIFICATION,truth=C score=52,52,C
8a8363a1d41048dcee27fb116c9316fa,tradekey,DIRECT_RFQ,TEA,Requesting Quotations for Goji Berry Tea,"Requesting Quotations for Goji Berry Tea Kindly provide your latest offer for Goji Berry Tea with product photos, specifications and available payment terms. Food-grade quality, clean packing, recent production date and acceptable shelf ... Tags: Goji Berry Tea | Goji Berry Tea Suppliers | Bulk Goji Berry Tea | Goji Berry Tea Exporters This buyer wants to receive quotations only from Premium Members . Australia Posted on: 10 Aug 2026 Contact Buyer now",,,AU,Australia,,2026-08-10,,https://importer.tradekey.com/buyoffer/Requesting-Quotations-For-Goji-Berry-Tea-3849489.html,2026-08-28T07:34:03+00:00,UNVERIFIED_MARKETPLACE_POST,True,True,False,NEEDS_VERIFICATION,truth=C score=52,52,C
cbc2fc41d6eba0ac46f03bf6e4d71db3,tradekey,DIRECT_RFQ,TEA,Regular Supply Inquiry for Tea pot,"Regular Supply Inquiry for Tea pot Kindly quote for Tea pot with clear product details, packing information, and available shipment schedule. Our current demand is connected with buyers in Saudi Arabia. Price is important, but cons... Tags: Tea Pot | Tea Pot Supplier | Tea Pot Export This buyer wants to receive quotations only from Premium Members . Saudi Arabia Posted on: 14 Aug 2026 Contact Buyer now",,,SA,Saudi Arabia,,2026-08-14,,https://importer.tradekey.com/buyoffer/Regular-Supply-Inquiry-For-Tea-Pot-3856845.html,2026-08-28T07:34:03+00:00,UNVERIFIED_MARKETPLACE_POST,True,True,False,NEEDS_VERIFICATION,truth=C score=52,52,C
f8fa6d861f368ce9a2fd9ae17bbcc7ee,tradekey,DIRECT_RFQ,TEA,Bulk Sourcing Request for tea bag roll film,"Bulk Sourcing Request for tea bag roll film A new sourcing requirement has come up for tea bag roll film, and we are comparing manufacturers who can support regular supply. Please quote with export handling suitable for Ukraine. FOB pricing... Tags: Tea Bag Roll Film | Tea Bag Roll Film Supplier | Tea Bag Roll Film Export This buyer wants to receive quotations only from Premium Members . Ukraine Posted on: 10 Aug 2026 Contact Buyer now",,,UA,Ukraine,,2026-08-10,,https://importer.tradekey.com/buyoffer/Bulk-Sourcing-Request-For-Tea-Bag-Roll-Film-3856835.html,2026-08-28T07:34:03+00:00,UNVERIFIED_MARKETPLACE_POST,True,True,False,NEEDS_VERIFICATION,truth=C score=52,52,C
3f56e097044a2824a8fad0775b31ac10,go4worldbusiness,DIRECT_RFQ,TEA,Wanted : Capsule Coffee Machine,"VERIFIED Aug-25-26 Wanted : Capsule Coffee Machine Buyer From Viet Nam Quantity Required: 1 Forty-Foot Container Payment Terms: T/T Destination: Viet Nam Looking for suppliers from: Worldwide Inquire Now Add to Favorites Product Description Buyer is interested to receive quotations for the following RFQ - Product Name: Capsule Coffee Machine Specifications : Coffee Machine Different Brands, Different Capacities HS Code: 851671 Quantity Required : 1 Forty-Foot Container Shipping Terms : CIF Destination Port : Viet Nam Payment Terms : T/T Looking for suppliers from : Worldwide Contact : Huy Nguyen Buyer Of Coffee & Tea Makers",,Huy Nguyen,VN,Viet Nam,1 Forty-Foot Container,2026-08-25,,https://www.go4worldbusiness.com/buylead/view/1319058/wanted-:-capsule-coffee-machine.html,2026-08-28T07:35:04+00:00,UNVERIFIED_MARKETPLACE_POST,True,True,False,REJECT_NOT_DIRECT_REQUIREMENT,truth=C score=49,49,C
8f571a9fd3c616ff5d951cc2240fa144,go4worldbusiness,DIRECT_RFQ,TEA,Wanted : Coffee Machine,VERIFIED Aug-24-26 Wanted : Coffee Machine Buyer From Hong Kong Quantity Required: 1 Twenty-Foot Container Payment Terms: T/T Destination: Hong Kong Looking for suppliers from: Worldwide Inquire Now Add to Favorites Product Description Buyer is interested to receive quotations for the following RFQ - Product Name: Coffee Machine Specifications : All Type Of Machine HS Code: 851671 Quantity Required : 1 Twenty-Foot Container Shipping Terms : FOB Destination Port : Hong Kong Payment Terms : T/T Looking for suppliers from : Worldwide Contact : Hero Buyer Of Coffee & Tea Makers,,Hero,HK,Hong Kong,1 Twenty-Foot Container,2026-08-24,,https://www.go4worldbusiness.com/buylead/view/1318766/wanted-:-coffee-machine.html,2026-08-28T07:35:04+00:00,UNVERIFIED_MARKETPLACE_POST,True,True,False,REJECT_NOT_DIRECT_REQUIREMENT,truth=C score=49,49,C
dbc76dbc30ec7803a2cf2b2b02eadefc,go4worldbusiness,DIRECT_RFQ,TEA,"Wanted : Tea Like Masala Tea, Matcha Tea","VERIFIED Aug-27-26 Wanted : Tea Like Masala Tea, Matcha Tea Buyer From United Kingdom Quantity Required: 5 Kilograms Payment Terms: Bank Transfer Destination: United Kingdom Looking for suppliers from: Worldwide Inquire Now Add to Favorites Product Description Please quote for the following wholesale product requirement - Product Name: Tea Specifications : Type: Masala Tea, Matcha Tea Beverage Quantity: 5 Kg Sample Initially LCL Note: Contact Email Only HS Code: 090230, 090220 Quantity Required : 5 Kilogram/Kilograms(sample) Shipping Terms : CIF Destination Port : United Kingdom Payment Terms : Bank Transfer Looking for suppliers from : Worldwide Contact : Arun Bowry Buyer Of Tea | Masala Tea | Matcha Tea",,Arun Bowry,GB,United Kingdom,5 Kilograms,2026-08-27,,https://www.go4worldbusiness.com/buylead/view/1319785/wanted-:-tea-like-masala-tea-matcha-tea.html,2026-08-28T07:35:04+00:00,UNVERIFIED_MARKETPLACE_POST,True,True,False,REJECT_NOT_DIRECT_REQUIREMENT,truth=C score=49,49,C
0bace10b93807557aaf58886504995c0,go4worldbusiness,DIRECT_RFQ,CHILI,"Wanted : Spices Like Turmeric, Chili And Cumin","VERIFIED Jun-02-26 Wanted : Spices Like Turmeric, Chili And Cumin Buyer From Latvia Quantity Required: 1 Twenty-Foot Container Payment Terms: L/C Or T/T Destination: Latvia Looking for suppliers from: India Inquire Now Add to Favorites Product Description The buyer would like to receive quotations for - Product Name: Spices Specifications : Type: Turmeric, Chili, Cumin, Coriander Material: Dried Spices Uses: Cooking Suppliers & Manufacturers: India Only Quantity Required : 1 Twenty-Foot Container Shipping Terms : FOB Or CIF Destination Port : Latvia Payment Terms : L/C Or T/T Looking for suppliers from : India Contact : Ashish Buyer Of Spices | Cumin Seeds | Coriander Seeds | Red Chilli | Turmeric",,Ashish,LV,Latvia,1 Twenty-Foot Container,2026-06-02,,https://www.go4worldbusiness.com/buylead/view/1302224/wanted-:-spices-like-turmeric-chili-and-cumin.html,2026-08-28T07:35:01+00:00,UNVERIFIED_MARKETPLACE_POST,True,True,False,NEEDS_VERIFICATION,truth=C score=47,47,C
3d7307ec3ba56bca21dbce2fe22c8cff,go4worldbusiness,DIRECT_RFQ,CHILI,"Wanted : Spices Like Turmeric, Chili","VERIFIED Jun-24-26 Wanted : Spices Like Turmeric, Chili Buyer From New Zealand Quantity Required: 1 Twenty-Foot Container Payment Terms: L/C Or T/T Destination: New Zealand Looking for suppliers from: Worldwide Inquire Now Add to Favorites Product Description The buyer would like to receive quotations for - Product Name: Spices Specifications : Type: Whole, Ground (like Turmeric, Chili) Material: Dried Spices Uses: Cooking Note: Contact By Email Quantity Required : 1 Twenty-Foot Container Shipping Terms : FOB Or CIF Destination Port : New Zealand Payment Terms : L/C Or T/T Looking for suppliers from : Worldwide Contact : Virendra Jani Buyer Of Spices | Turmeric | Red Chilli (Whole) | Dry Red Chilli | Whole Turmeric Fingers",,Virendra Jani,NZ,New Zealand,1 Twenty-Foot Container,2026-06-24,,https://www.go4worldbusiness.com/buylead/view/1306679/wanted-:-spices-like-turmeric-chili.html,2026-08-28T07:35:01+00:00,UNVERIFIED_MARKETPLACE_POST,True,True,False,NEEDS_VERIFICATION,truth=C score=47,47,C
4892fac7ba5ff9d479b1eb82726062c0,go4worldbusiness,DIRECT_RFQ,TEA,Wanted : Green Tea,"VERIFIED Jun-23-26 Wanted : Green Tea Buyer From Philippines Quantity Required: 10,000 Boxes Payment Terms: LC Destination: Philippines Looking for suppliers from: Worldwide Inquire Now Add to Favorites Product Description Buyer is interested to receive quotations for the following RFQ - Product Name: Green Tea Specifications: Hot Tea (Loose Leaf + Tea Bags) Category: Green Tea Quantity: 10000 Box/Boxes Initially Details: Looking for custom manufacturer who can formulate us our preferred tea. Quantity Required : 10000 Box/Boxes Shipping Terms : CIF Destination Port : Philippines Payment Terms : LC Looking for suppliers from : Worldwide Contact : Jeru Bayron Buyer Of Green Tea",,Jeru Bayron,PH,Philippines,"10,000 Boxes",2026-06-23,,https://www.go4worldbusiness.com/buylead/view/1306413/wanted-:-green-tea.html,2026-08-28T07:35:04+00:00,UNVERIFIED_MARKETPLACE_POST,True,True,False,NEEDS_VERIFICATION,truth=C score=47,47,C
2a6d2ab05e49d3625a2d3bdabbfec98b,tradekey,DIRECT_RFQ,TEA,Monthly Supply Requirement for Tea,"Monthly Supply Requirement for Tea Please send a commercial offer for Tea with clear specification, export packing details, shelf life, and pictures of current stock. We prefer suppliers who can arrange palletized packing, inspectio... Tags: Spices | Tea Exporter | Wholesale Tea | Tea Import | Tea Price | Tea Packaging | Food Grade Tea | Tea Distributor | Tea Shipment This buyer wants to receive quotations only from Premium Members . Saudi Arabia Posted on: 22 Jul 2026 Contact Buyer now",,,SA,Saudi Arabia,Monthly,2026-07-22,,https://importer.tradekey.com/buyoffer/Monthly-Supply-Requirement-For-Tea-3831847.html,2026-08-28T07:34:03+00:00,UNVERIFIED_MARKETPLACE_POST,True,True,False,NEEDS_VERIFICATION,truth=C score=47,47,C
493ce49b21686e115582b12bfa4c7587,tradekey,DIRECT_RFQ,TEA,Bulk Sourcing Request for Tea Leaf Wraps,"Bulk Sourcing Request for Tea Leaf Wraps We are evaluating new sources for Tea Leaf Wraps as part of our supplier expansion plan. Our current demand is connected with buyers in USA. Price is important, but consistency and timely dispatch... Tags: Tea Leaf Wraps | Tea Leaf Wraps Supplier | Tea Leaf Wraps Export This buyer wants to receive quotations only from Premium Members . USA Posted on: 11 Aug 2026 Contact Buyer now",,,US,USA,,2026-08-11,,https://importer.tradekey.com/buyoffer/Bulk-Sourcing-Request-For-Tea-Leaf-Wraps-3856843.html,2026-08-28T07:34:03+00:00,UNVERIFIED_MARKETPLACE_POST,True,True,False,NEEDS_VERIFICATION,truth=C score=47,47,C
68efd14573ce6f0dcbf8914ec89b28e0,tradekey,DIRECT_RFQ,TEA,100 % Premium Qualty Green Tea,100 % Premium Qualty Green Tea We are in need of **0 % premium qualty green tea from good seller. Product Informatiom **0 % Premium Qualty Green Tea with smooth and great taste. Feel free to contact us for more d... Tags: Tea Benin Posted on: 05 Aug 2026 Contact Buyer now,,,BJ,Benin,,2026-08-05,,https://importer.tradekey.com/buyoffer/100-Premium-Qualty-Green-Tea-3862877.html,2026-08-28T07:34:03+00:00,UNVERIFIED_MARKETPLACE_POST,True,True,False,NEEDS_VERIFICATION,truth=C score=47,47,C
6955185113dc7a5e1957b1cef0b0c980,tradekey,DIRECT_RFQ,TEA,Regular Supply Inquiry for Tea and tea related items,Regular Supply Inquiry for Tea and tea related items We are currently reviewing suppliers for Tea and tea related items and would like to receive serious quotations. Please quote with export handling suitable for Netherlands. Quotations should inclu... Tags: Tea And Tea Related Items | Tea And Tea Related Items Supplier | Tea And Tea Related Items Export This buyer wants to receive quotations only from Premium Members . Netherlands Posted on: 17 Aug 2026 Contact Buyer now,,,NL,Netherlands,,2026-08-17,,https://importer.tradekey.com/buyoffer/Regular-Supply-Inquiry-For-Tea-And-Tea-Related-Items-3856829.html,2026-08-28T07:34:03+00:00,UNVERIFIED_MARKETPLACE_POST,True,True,False,NEEDS_VERIFICATION,truth=C score=47,47,C
752caadfd1fe483089e0d775f36bd9d8,tradekey,DIRECT_RFQ,TEA,Heathscooneydoo,Heathscooneydoo I need dzl scoobbveyy sbax and spice and mix and tea and *0 *5 and spice mix weed dragons Stevie. Money issues and hot dogs for belts ville no dabonnah allowed no hot now eat ass n scrumptious Tags: What USA Posted on: 06 Aug 2026 Contact Buyer now,,,US,USA,,2026-08-06,,https://importer.tradekey.com/buyoffer/Heathscooneydoo-3868375.html,2026-08-28T07:34:03+00:00,UNVERIFIED_MARKETPLACE_POST,True,True,False,NEEDS_VERIFICATION,truth=C score=47,47,C
7c9a1b40bcf490b51d942efcfbe39d1f,tradekey,DIRECT_RFQ,TEA,Long-Term Supply Inquiry for BAGS,Long-Term Supply Inquiry for BAGS Kindly share your best offer for BAGS. We prefer suppliers who can support regular shipments and provide clear documentation with the offer. individually wrapped or bulk-packed tea bags can be cons... Tags: Bags | Other Bags | Bags Supplier This buyer wants to receive quotations only from Premium Members . Kenya Posted on: 14 Aug 2026 Contact Buyer now,,,KE,Kenya,,2026-08-14,,https://importer.tradekey.com/buyoffer/Long-Term-Supply-Inquiry-For-BAGS-3858703.html,2026-08-28T07:34:03+00:00,UNVERIFIED_MARKETPLACE_POST,True,True,False,NEEDS_VERIFICATION,truth=C score=47,47,C
8d0ec354af9d677943df86da4e56a29f,tradekey,DIRECT_RFQ,TEA,Purchase Requirement for Herbal Tea,"Purchase Requirement for Herbal Tea Current demand exists for Herbal Tea , mainly for resale through our local network. Pricing is important, but we will not compromise on basic product standards. Preferred details include *5 g / *0... Tags: Organic Tea | Natural Herbal Infusion | Loose Leaf Tea | Wellness Tea | Herbal Tea | Export Offer | Import Requirement | Wholesale Supply This buyer wants to receive quotations only from Premium Members . Pakistan Posted on: 24 Jun 2026 Contact Buyer now",,,PK,Pakistan,5 g,2026-06-24,,https://importer.tradekey.com/buyoffer/Purchase-Requirement-For-Herbal-Tea-3850199.html,2026-08-28T07:34:03+00:00,UNVERIFIED_MARKETPLACE_POST,True,True,False,NEEDS_VERIFICATION,truth=C score=47,47,C
a084109bcc549d5476c9895aaf0aa21f,tradekey,DIRECT_RFQ,TEA,Seeking Supplier for Ready-To-Drink Tea Beverages for Afghanistan,Seeking Supplier for Ready-To-Drink Tea Beverages for Afghanistan The following ready-to-drink tea beverages requirement is being circulated to a limited group of manufacturers for technical and commercial comparison. Required technical information: Please state... Tags: Ready To Drink Tea Beverages | Ready To Drink Tea Beverages Supplier | Ready To Drink Tea Beverages Manufacturer This buyer wants to receive quotations only from Premium Members . Afghanistan Posted on: 20 Aug 2026 Contact Buyer now,,,AF,Afghanistan,,2026-08-20,,https://importer.tradekey.com/buyoffer/Seeking-Supplier-For-Ready-To-Drink-Tea-Beverages-For-Afghanistan-3870907.html,2026-08-28T07:34:03+00:00,UNVERIFIED_MARKETPLACE_POST,True,True,False,NEEDS_VERIFICATION,truth=C score=47,47,C
a6004ef198bdb7760ea3ec001fcdcf64,tradekey,DIRECT_RFQ,TEA,Buyer Seeking Qualified Exporters of Arizona Iced Tea,"Buyer Seeking Qualified Exporters of Arizona Iced Tea This requirement supports an upcoming customer program, so consistent quality, clear documentation, and reliable delivery performance are important. The current requirement is specifically for ariz... Tags: Arizona Iced Tea | Arizona Iced Tea Supplier | Arizona Iced Tea Manufacturer | Bulk Arizona Iced Tea | Arizona Iced Tea Exporter | Arizona Iced Tea Wholesale | Arizona Iced Tea Quotation | Arizona Iced Tea Importer | Commercial Arizona Iced Tea Supply This buyer wants to receive quotations only from Premium Members . UAE Posted on: 10 Aug 2026 Contact Buyer now",,,AE,UAE,,2026-08-10,,https://importer.tradekey.com/buyoffer/Buyer-Seeking-Qualified-Exporters-Of-Arizona-Iced-Tea-3869041.html,2026-08-28T07:34:03+00:00,UNVERIFIED_MARKETPLACE_POST,True,True,False,NEEDS_VERIFICATION,truth=C score=47,47,C
b40b1abda65343b2043e1a701c4909bd,tradekey,DIRECT_RFQ,TEA,Bulk Sourcing Request for Tea,Bulk Sourcing Request for Tea Our company is checking export options for Tea for an upcoming purchase cycle. Please quote with export handling suitable for Russia. Both manufacturers and experienced exporters may contact us wi... Tags: Tea Supplier | Tea Export This buyer wants to receive quotations only from Premium Members . Russia Posted on: 15 Aug 2026 Contact Buyer now,,,RU,Russia,,2026-08-15,,https://importer.tradekey.com/buyoffer/Bulk-Sourcing-Request-For-Tea-3856849.html,2026-08-28T07:34:03+00:00,UNVERIFIED_MARKETPLACE_POST,True,True,False,NEEDS_VERIFICATION,truth=C score=47,47,C
0363e837fc9a023423f8ffab32d08891,go4worldbusiness,DIRECT_RFQ,TEA,Wanted : Tea Like Sencha And Matcha Tea,"VERIFIED Aug-04-26 Wanted : Tea Like Sencha And Matcha Tea Buyer From Japan Quantity Required: 1 - 5 Kilograms Payment Terms: L/C Destination: Japan Looking for suppliers from: Worldwide Inquire Now Add to Favorites Product Description Please provide a quotation to the following requirement from importer - Product Name: Tea Specifications : Type: Sencha And Matcha Tea Ceremonial Or Premium Okimidori Matcha Quantity - 1 - 5 Kg As Sample Later 500 Kg HS Code: 090230, 090220 Quantity Required : 1 - 5 Kilogram/Kilograms(sample) Shipping Terms : CIF Destination Port : Japan Payment Terms : L/C Looking for suppliers from : Worldwide Contact : Praise Buyer Of Tea | Matcha Tea",,Praise,JP,Japan,1 - 5 Kilograms,2026-08-04,,https://www.go4worldbusiness.com/buylead/view/1314744/wanted-:-tea-like-sencha-and-matcha-tea.html,2026-08-28T07:35:04+00:00,UNVERIFIED_MARKETPLACE_POST,True,True,False,REJECT_NOT_DIRECT_REQUIREMENT,truth=C score=42,42,C
95be0da53420eae1847d2b9847ef6a1b,go4worldbusiness,DIRECT_RFQ,TEA,Wanted : Tea Like Matcha Powder And Itoen Oi Ocha Powder,"VERIFIED Aug-17-26 Wanted : Tea Like Matcha Powder And Itoen Oi Ocha Powder Buyer From Philippines Quantity Required: 500 - 600 Kilograms Payment Terms: L/C Destination: Manila, Philippines Looking for suppliers from: Worldwide Inquire Now Add to Favorites Product Description Please quote for the following wholesale product requirement - Product Name: Tea Specifications : Type: Matcha Powder And Itoen Oi Ocha Powder Matcha And Itoen Oi Ocha (green Tea Powde)r For Beverages Cheep Cost And Good Qualtiy For Retail And Bulk Quantity: 500-600 Kg Initially Later LCL HS Code: 090220, 210690 Quantity Required : 500 - 600 Kilogram/Kilograms Daily Shipping Terms : CIF Destination Port : Manila, Philippines Payment Terms : L/C Looking for suppliers from : Worldwide Contact : Gemma M. Perez Buyer Of Tea | Matcha Tea | Tea Powder",,Gemma M. Perez,PH,Philippines,500 - 600 Kilograms,2026-08-17,,https://www.go4worldbusiness.com/buylead/view/1317100/wanted-:-tea-like-matcha-powder-and-itoen-oi-ocha-powder.html,2026-08-28T07:35:04+00:00,UNVERIFIED_MARKETPLACE_POST,True,True,False,REJECT_NOT_DIRECT_REQUIREMENT,truth=C score=42,42,C
c167673cbefd785d1955999a495bc295,go4worldbusiness,DIRECT_RFQ,CHILI,Wanted : Spices Like Dried Red Chilies,"VERIFIED Aug-17-26 Wanted : Spices Like Dried Red Chilies Buyer From Viet Nam Quantity Required: 1 Twenty-Foot Container Payment Terms: L/C Destination: Ho Chi Minh, Viet Nam Looking for suppliers from: Worldwide Inquire Now Add to Favorites Product Description The buyer would like to receive quotations for - Product Name: Spices Specifications : Type: Dried Red Chilies Types : (jinda, Sannam, Teja, Myanmar Varieties) Send Us The Best Quotes Any Origin HS Code: 090421 Quantity Required : 1 Twenty-Foot Container Shipping Terms : CIF Destination Port : Ho Chi Minh, Viet Nam Payment Terms : L/C Looking for suppliers from : Worldwide Contact : Mitca Buyer Of Spices | Dry Red Chilli",,Mitca,VN,Viet Nam,1 Twenty-Foot Container,2026-08-17,,https://www.go4worldbusiness.com/buylead/view/1317209/wanted-:-spices-like-dried-red-chilies.html,2026-08-28T07:35:01+00:00,UNVERIFIED_MARKETPLACE_POST,True,True,False,REJECT_NOT_DIRECT_REQUIREMENT,truth=C score=42,42,C
43ede6cb6946ab6dd6b6d529029595bc,tradekey,DIRECT_RFQ,TEA,Bulk Buying Request for Bags,"Bulk Buying Request for Bags We are checking reliable exporters who can supply Bags. Please note the following before quoting: individually wrapped or bulk-packed tea bags can be considered please mention tea grade, flavor op... This buyer wants to receive quotations only from Premium Members . Vietnam Posted on: 14 Jul 2026 Contact Buyer now",,,VN,Vietnam,,2026-07-14,,https://importer.tradekey.com/buyoffer/Bulk-Buying-Request-For-Bags-3858559.html,2026-08-28T07:34:03+00:00,UNVERIFIED_MARKETPLACE_POST,True,True,False,NEEDS_VERIFICATION,truth=C score=42,42,C
b34b2b517a6944d667731ee8d0b0244c,tradekey,DIRECT_RFQ,TEA,Import Inquiry for tea and Coffee,"Import Inquiry for tea and Coffee We are evaluating new sources for tea and Coffee as part of our supplier expansion plan. The goods are intended for the Saudi Arabia market. Suppliers should share packing details, shipment terms,... Tags: Tea And Coffee | Tea And Coffee Supplier | Tea And Coffee Export This buyer wants to receive quotations only from Premium Members . Saudi Arabia Posted on: 14 Jul 2026 Contact Buyer now",,,SA,Saudi Arabia,,2026-07-14,,https://importer.tradekey.com/buyoffer/Import-Inquiry-For-Tea-And-Coffee-3856825.html,2026-08-28T07:34:03+00:00,UNVERIFIED_MARKETPLACE_POST,True,True,False,NEEDS_VERIFICATION,truth=C score=42,42,C
0b4b260c6ad06c268b7c3402568d0ec2,go4worldbusiness,DIRECT_RFQ,CHILI,"Wanted : Spices Like Turmeric, Chili","VERIFIED Apr-09-26 Wanted : Spices Like Turmeric, Chili Buyer From Latvia Quantity Required: 1 Twenty-Foot Container Payment Terms: LC/TT Destination: Latvia Looking for suppliers from: India Inquire Now Add to Favorites Product Description Please quote for the following wholesale product requirement - Product name: Spices Specifications: Types: Turmeric, Chili (like cumin, coriander) Material: Dried spices Uses: Cooking Suppliers & Manufacturers: India only Quantity Required : 1 Twenty-Foot Container Shipping Terms : FOB/CIF Destination Port : Latvia Payment Terms : LC/TT Looking for suppliers from : India Contact : Mr. Ashish Buyer Of Spices | Turmeric | Red Chilli (Whole)",,Mr. Ashish,LV,Latvia,1 Twenty-Foot Container,2026-04-09,,https://www.go4worldbusiness.com/buylead/view/1291214/wanted-:-spices-like-turmeric-chili.html,2026-08-28T07:35:01+00:00,UNVERIFIED_MARKETPLACE_POST,True,False,False,BACKGROUND_OR_STALE,truth=D score=39,39,D
4bc293b80452731827c55e1eca4eeeb2,go4worldbusiness,DIRECT_RFQ,CHILI,"Wanted : Spices Like Turmeric, Chili","VERIFIED Apr-29-26 Wanted : Spices Like Turmeric, Chili Buyer From Hong Kong Quantity Required: 1 Twenty-Foot Container Payment Terms: L/C Or T/T Destination: Hong Kong Looking for suppliers from: Worldwide Inquire Now Add to Favorites Product Description Buyer is interested to receive quotations for the following RFQ - Product Name: Spices Specifications : Type: Whole, Ground (like Turmeric, Chili) Material: Dried Spices Uses: Cooking Quantity Required : 1 Twenty-Foot Container Shipping Terms : FOB Or CIF Destination Port : Hong Kong Payment Terms : L/C Or T/T Looking for suppliers from : Worldwide Contact : Ameen Buyer Of Spices | Red Chilli | Turmeric",,Ameen,HK,Hong Kong,1 Twenty-Foot Container,2026-04-29,,https://www.go4worldbusiness.com/buylead/view/1295117/wanted-:-spices-like-turmeric-chili.html,2026-08-28T07:35:01+00:00,UNVERIFIED_MARKETPLACE_POST,True,False,False,BACKGROUND_OR_STALE,truth=D score=39,39,D
55cf272b56e30036aaf809173fa53f75,go4worldbusiness,DIRECT_RFQ,CHILI,Wanted : Spices Like Dry Red Chili,VERIFIED May-11-26 Wanted : Spices Like Dry Red Chili Buyer From Malaysia Quantity Required: 1 Twenty-Foot Container Payment Terms: L/C- ETA 45 Days Destination: Malaysia Looking for suppliers from: Worldwide Inquire Now Add to Favorites Product Description The buyer would like to receive quotations for - Product Name: Spices Specifications : Type: All Like Dry Red Chili Etc. Quantity Required : 1 Twenty-Foot Container Shipping Terms : CIF Destination Port : Malaysia Payment Terms : L/C- ETA 45 Days Looking for suppliers from : Worldwide Contact : Tony Buyer Of Spices | Red Chilli | Dry Red Chilli,,Tony,MY,Malaysia,1 Twenty-Foot Container,2026-05-11,,https://www.go4worldbusiness.com/buylead/view/1297461/wanted-:-spices-like-dry-red-chili.html,2026-08-28T07:35:01+00:00,UNVERIFIED_MARKETPLACE_POST,True,False,False,BACKGROUND_OR_STALE,truth=D score=39,39,D
c6c0f83138682cc7744987c59692c0f6,go4worldbusiness,DIRECT_RFQ,CHILI,"Wanted : Spices Like Turmeric, Chili","VERIFIED Mar-31-26 Wanted : Spices Like Turmeric, Chili Buyer From Oman Quantity Required: 1 Twenty-Foot Container Payment Terms: LC Destination: Oman Looking for suppliers from: Worldwide Inquire Now Add to Favorites Product Description Buyer is interested to receive quotations for the following RFQ - Product Name: Spices Specifications: Types: Turmeric, Chili (like cumin, coriander) Material: Dried spices Uses: Cooking Quantity Required : 1 Twenty-Foot Container Shipping Terms : FOB/CIF Destination Port : Oman Payment Terms : LC Looking for suppliers from : Worldwide Contact : Joel Briston / Shaik Buyer Of Spices | Turmeric | Red Chilli (Whole)",,Joel Briston / Shaik,OM,Oman,1 Twenty-Foot Container,2026-03-31,,https://www.go4worldbusiness.com/buylead/view/1289361/wanted-:-spices-like-turmeric-chili.html,2026-08-28T07:35:01+00:00,UNVERIFIED_MARKETPLACE_POST,True,False,False,BACKGROUND_OR_STALE,truth=D score=39,39,D
cf5c411ea650772ef7a59b532a585277,go4worldbusiness,DIRECT_RFQ,CHILI,"Wanted : Spices Like Turmeric, Chili","VERIFIED Apr-08-26 Wanted : Spices Like Turmeric, Chili Buyer From Qatar Quantity Required: 1 Twenty-Foot Container Payment Terms: LC Destination: Qatar Looking for suppliers from: Worldwide Inquire Now Add to Favorites Product Description The buyer would like to receive quotations for - Product Name: Spices Specifications: Types: Turmeric, Chili (like cumin, coriander) Material: Dried spices Uses: Cooking Quantity Required : 1 Twenty-Foot Container Shipping Terms : CIF Destination Port : Qatar Payment Terms : LC Looking for suppliers from : Worldwide Contact : Mr. Hizab Buyer Of Spices | Red Chilli | Turmeric",,Mr. Hizab,QA,Qatar,1 Twenty-Foot Container,2026-04-08,,https://www.go4worldbusiness.com/buylead/view/1290882/wanted-:-spices-like-turmeric-chili.html,2026-08-28T07:35:01+00:00,UNVERIFIED_MARKETPLACE_POST,True,False,False,BACKGROUND_OR_STALE,truth=D score=39,39,D
d00da4838b59d94f92c3de1cec68909b,go4worldbusiness,DIRECT_RFQ,CHILI,"Wanted : Spices Like Turmeric, Chili","VERIFIED Apr-27-26 Wanted : Spices Like Turmeric, Chili Buyer From United Arab Emirates Quantity Required: Not specified Payment Terms: LC Destination: United Arab Emirates Looking for suppliers from: Worldwide Inquire Now Add to Favorites Product Description Buyer is interested to receive quotations for the following RFQ - Product Name: Spices Specifications: Types: Whole, Ground (like turmeric, chili) Material: Dried spices Uses: Cooking Contact email only Quantity Required : 0 Twenty-Foot Container Shipping Terms : FOB/CIF Destination Port : United Arab Emirates Payment Terms : LC Looking for suppliers from : Worldwide Contact : SULABH NARAYAN SINGH Buyer Of Spices | Turmeric | Red Chilli (Whole)",,SULABH NARAYAN SINGH,AE,United Arab Emirates,Not specified,2026-04-27,,https://www.go4worldbusiness.com/buylead/view/1294518/wanted-:-spices-like-turmeric-chili.html,2026-08-28T07:35:01+00:00,UNVERIFIED_MARKETPLACE_POST,True,False,False,BACKGROUND_OR_STALE,truth=D score=39,39,D
d76f6770005147f2a750bd24f79e29d7,tradekey,DIRECT_RFQ,TEA,Import Requirement for Oolong Tea,Import Requirement for Oolong Tea We want to evaluate Oolong Tea for an upcoming purchase cycle. Suppliers with stable quality and clear export documents are preferred. A small trial order may be placed first before moving toward ... Tags: Oolong Tea | Oolong Tea Supplier | Oolong Tea Quotation | Bulk Oolong Tea This buyer wants to receive quotations only from Premium Members . Indonesia Posted on: 20 Jul 2026 Contact Buyer now,,,ID,Indonesia,,2026-07-20,,https://importer.tradekey.com/buyoffer/Import-Requirement-For-Oolong-Tea-3850101.html,2026-08-28T07:34:03+00:00,UNVERIFIED_MARKETPLACE_POST,True,True,False,WEAK_SIGNAL,truth=D score=37,37,D
b38b0956c63c07d98367f0658f710732,go4worldbusiness,DIRECT_RFQ,CHILI,Wanted : Spices Like Dried Red Chilies,VERIFIED Jul-01-26 Wanted : Spices Like Dried Red Chilies Buyer From Malaysia Quantity Required: 1 Twenty-Foot Container Payment Terms: L/C Or T/T Destination: Malaysia Looking for suppliers from: Worldwide Inquire Now Add to Favorites Product Description Please provide a quotation to the following requirement from importer - Product Name: Spices Specifications : Type: Dried Red Chilies Style: Whole With And Without Stems Quantity Required : 1 Twenty-Foot Container Shipping Terms : FOB Or CIF Destination Port : Malaysia Payment Terms : L/C Or T/T Looking for suppliers from : Worldwide Contact : Khoh Buyer Of Spices | Dry Red Chilli,,Khoh,MY,Malaysia,1 Twenty-Foot Container,2026-07-01,,https://www.go4worldbusiness.com/buylead/view/1308248/wanted-:-spices-like-dried-red-chilies.html,2026-08-28T07:35:01+00:00,UNVERIFIED_MARKETPLACE_POST,True,True,False,REJECT_NOT_DIRECT_REQUIREMENT,truth=D score=27,27,D
b4e5d268f9acac8423b7e6c42c44dc1e,go4worldbusiness,DIRECT_RFQ,CHILI,Wanted : Spices Like Dry Red Chilies,VERIFIED Jun-17-26 Wanted : Spices Like Dry Red Chilies Buyer From India Quantity Required: 5 - 25 Tons Payment Terms: Bank Transfer Destination: India Looking for suppliers from: Worldwide Inquire Now Add to Favorites Product Description Please provide a quotation to the following requirement from importer - Product Name: Spices Specifications : Type: Dry Red Chilies Teja Quantity Required : 5 - 25 Ton/Tons Shipping Terms : FOR Destination Port : India Payment Terms : Bank Transfer Looking for suppliers from : Worldwide Contact : Rajni Sethi Buyer Of Spices | Red Chilli | Dry Red Chilli,,Rajni Sethi,IN,India,5 - 25 Tons,2026-06-17,,https://www.go4worldbusiness.com/buylead/view/1305402/wanted-:-spices-like-dry-red-chilies.html,2026-08-28T07:35:01+00:00,UNVERIFIED_MARKETPLACE_POST,True,True,False,REJECT_NOT_DIRECT_REQUIREMENT,truth=D score=27,27,D
17d6d163865e72868bff7c7bceac3c7e,tradekey,DIRECT_RFQ,TEA,Project Purchase of Matcha Tea,"Project Purchase of Matcha Tea A buyer based in Pakistan requires reliable supply of matcha tea for an upcoming order. Please state grade, origin, harvest date, moisture, organic certification, pack size, and shelf life. Competi... Tags: Matcha Tea | Matcha Tea Supplier | Matcha Tea Manufacturer | Matcha Tea Exporter | Bulk Matcha Tea | Wholesale Matcha Tea | Matcha Tea Price | Import Matcha Tea | Matcha Tea Distributor | Matcha Tea Quotation This buyer wants to receive quotations only from Premium Members . Pakistan Posted on: 14 Jul 2026 Contact Buyer now",,,PK,Pakistan,,2026-07-14,,https://importer.tradekey.com/buyoffer/Project-Purchase-Of-Matcha-Tea-3860863.html,2026-08-28T07:34:03+00:00,UNVERIFIED_MARKETPLACE_POST,True,True,False,REJECT_NOT_DIRECT_REQUIREMENT,truth=D score=22,22,D
1846444947,alibaba_rfq,DIRECT_RFQ,BLUEBERRY,"Bulk Blueberry Fruit Powder(Food Grade,Non-GMO)and Other Functional Ingredients Sourcing Requirement","We are sourcing Blueberry Fruit Powder for food and supplement manufacturing.Specifications:USDA Organic,Non-GMO,Vegan,freeze-dried or spray-dried,no additives or fillers,rich in anthocyanins,3rd-...",,chris novaeo,US,United States,2000 Kilogram/Kilograms,2026-08-24,,https://sourcing.alibaba.com/rfq/onepage/rfq_detail.htm?p=ID1RUQhlzMLmNtfXdr3hxMSVtMt_uuuRZ9l4qRo4PD3CDOyI4i8sOP6GpIywM3wxjpO&searchText=blueberry&uuid=d16ab89b-c6d9-479c-8ab2-487b40f09764&lite=true,2026-08-28T08:02:53+00:00,PUBLIC_ALIBABA_RFQ,True,True,False,USEFUL_NEEDS_ENTITY,"public Alibaba RFQ; buyer value is a contact person, not a resolved company",,
1402333610,alibaba_rfq,DIRECT_RFQ,BLUEBERRY,Blueberry Powder,I'm looking for Blueberry Powder. Product specifications: ·Appearance: Red Powder ·Season: All Seasons ·Form: Powder ·Part: Fruit ·Extraction Ty...,,Latif Sev,TR,Turkey,5000 Metre Küp/Metre Küp,2026-08-19,,https://sourcing.alibaba.com/rfq/onepage/rfq_detail.htm?p=ID1GYAL4GlUAvydc97DFrR0yC7yHuGPgA9wmdkfPVWcNKTfdIGVq0GfjSYXxYE9nI4W&language=tr_TR&searchText=blueberry&uuid=d16ab89b-c6d9-479c-8ab2-487b40f09764&lite=true,2026-08-28T08:02:53+00:00,PUBLIC_ALIBABA_RFQ,True,True,False,USEFUL_NEEDS_ENTITY,"public Alibaba RFQ; buyer value is a contact person, not a resolved company",,
1684256156,alibaba_rfq,DIRECT_RFQ,MATCHA,Wholesale YAMACHO Organic Japan Green Powder Instant Matcha Tea Pesticide-Free Stick-Type Packaging ...,"Hello what sizes are you able to do?Im looking for 2-3g Address:437-0215,Japan Other packaging formats:Please feel free to inquire with us. Product Type:Green Tea Specialty:Organic Tea ...",,Karan Mistry,US,United States,10000 Piece/Pieces,2026-08-28,,https://sourcing.alibaba.com/rfq/onepage/rfq_detail.htm?p=ID1HvYQogAITlEep670CwCL3To77cJvQAgTV5WBQNZSXKW8CPHODyKQziN8agQ4znSo&searchText=matcha&uuid=83e43855-bd98-4ae6-ac2e-41a52a24764f&lite=true,2026-08-28T08:03:05+00:00,PUBLIC_ALIBABA_RFQ,True,True,False,USEFUL_NEEDS_ENTITY,"public Alibaba RFQ; buyer value is a contact person, not a resolved company",,
1402381383,alibaba_rfq,DIRECT_RFQ,MATCHA,Japanese organic matcha wholesale,I'm looking for Japanese organic matcha wholesale. Product specifications: Â·Product Type:Green Tea Â·Type: Matcha Â·Storage Type:Please contact us Â·Specification:Please contact us Â·...,,Noora Alhajri,QA,Qatar,5 Bag/Bags,2026-08-27,,https://sourcing.alibaba.com/rfq/onepage/rfq_detail.htm?p=ID1NvU9raCeRQMf-sG3vdLdeY-epGCWx7MYj1BLCw15vqeSD7hHBRrLN55glvK_9B2w&searchText=matcha&uuid=83e43855-bd98-4ae6-ac2e-41a52a24764f&lite=true,2026-08-28T08:03:05+00:00,PUBLIC_ALIBABA_RFQ,True,True,False,USEFUL_NEEDS_ENTITY,"public Alibaba RFQ; buyer value is a contact person, not a resolved company",,
1402357805,alibaba_rfq,DIRECT_RFQ,MATCHA,Wholesale Pure Matcha Orgainc Matcha Tea Authentic Matcha Green Tea,Style: 800 to 1000 meshes powder Material: Shade grown green tea leaves Function: Antioxidant Activity Taste: Unami taste Application: Personal Dr...,,Ghania Benkedia,DZ,Algeria,1 Piece/Pieces,2026-08-27,,https://sourcing.alibaba.com/rfq/onepage/rfq_detail.htm?p=ID1naiLIk9LjY3KdbYwdfSrFnVDCtEtkPrjJcMrnRo9n_MBFSy2FMYsovw0N9S6ZboN&language=fr_FR&searchText=tea+leaves&uuid=1034dd8c-f46c-4b3d-9845-b030fb811ecd&lite=true,2026-08-28T08:03:12+00:00,PUBLIC_ALIBABA_RFQ,True,True,False,USEFUL_NEEDS_ENTITY,"public Alibaba RFQ; buyer value is a contact person, not a resolved company",,
1030591723,alibaba_rfq,DIRECT_RFQ,TEA,9371 china green tea,I'm looking for 9371 china green tea. Product specifications: ·Item: chunmee tea 9371 ·Product Type: Green Tea ·Type: Chunmee Tea ·Age: 1 - 2 Yea...,,Lassana Sanogo,ML,Mali,1 Acre/Acres,2026-08-27,,https://sourcing.alibaba.com/rfq/onepage/rfq_detail.htm?p=ID1qQCYIyXsCVXasLvq-XGrh0aKiI2JTcH7ThuQIRPPH7cb8iKtUSAY3hSca2R8oh4X&language=fr_FR&searchText=green+tea&uuid=6f940786-b49a-4e6e-9886-53c24ab82b29&lite=true,2026-08-28T08:03:15+00:00,PUBLIC_ALIBABA_RFQ,True,True,False,USEFUL_NEEDS_ENTITY,"public Alibaba RFQ; buyer value is a contact person, not a resolved company",,
1685100450,alibaba_rfq,DIRECT_RFQ,TEA,OOLONG TEA,"good day,i would like to inquire about the different kind of tea ,can i have your contact number?",,salve chavez,AE,United Arab Emirates,10 Piece/Pieces,2026-08-25,,https://sourcing.alibaba.com/rfq/onepage/rfq_detail.htm?p=ID1w_ZvZ4_cx8iLk2MwSMGC4kW_dVUYQ6_3HWyApic56D-mbOMpN9bXKwMUZq7aS5WZ&searchText=oolong+tea&uuid=aa7277ec-63cc-484a-86e9-91988867274b&lite=true,2026-08-28T08:03:19+00:00,PUBLIC_ALIBABA_RFQ,True,True,False,USEFUL_NEEDS_ENTITY,"public Alibaba RFQ; buyer value is a contact person, not a resolved company",,
1684817413,alibaba_rfq,DIRECT_RFQ,TEA,White Peach Tieguanyin Oolong Tea Chinese Tea Tea Beverage,"Hi,I'd like to purchase 1 bag(300g)of White Peach Teiguanyin Oolong Tea ,please.Thank you. Product Type: Oolong Tea Type:Oolong Style:Loose Tea Age:New Processing Type:Blended Specialty:Health Tea Item ...",,Smirnov Andrei,CA,Canada,1 Piece/Pieces,2026-08-25,,https://sourcing.alibaba.com/rfq/onepage/rfq_detail.htm?p=ID1rW3IKcIGleCmUN6eWOHBpVOIrDICoyQ5GJD2aOfy2WQLaeOu6yW0ov3uR8TpgP35&searchText=oolong+tea&uuid=aa7277ec-63cc-484a-86e9-91988867274b&lite=true,2026-08-28T08:03:19+00:00,PUBLIC_ALIBABA_RFQ,True,True,False,USEFUL_NEEDS_ENTITY,"public Alibaba RFQ; buyer value is a contact person, not a resolved company",,
1402298402,alibaba_rfq,DIRECT_RFQ,TEA,Gaba Dahongpao Oolong Tea Cake 100g Loose Leaf Wuyishan Specialty Flavor Brick Tea Packaged in ...,Product Type: Oolong Tea Type:Dahongpao Tea Style:Compressed Tea Age:New Processing Type:Fermented Specialty:Health Tea Item Form:Tea Brick Packaging:Bag Storage Type:See packaging for details ...,,nicolai cracovet,IE,Ireland,2 Piece/Pieces,2026-08-24,,https://sourcing.alibaba.com/rfq/onepage/rfq_detail.htm?p=ID1rW3IKcIGleCmUN6eWOHBpXjASl-6rsV4n1if2LTH7SvNJvjvwjJQjGT_qwmSmVnA&searchText=oolong+tea&uuid=aa7277ec-63cc-484a-86e9-91988867274b&lite=true,2026-08-28T08:03:19+00:00,PUBLIC_ALIBABA_RFQ,True,True,False,USEFUL_NEEDS_ENTITY,"public Alibaba RFQ; buyer value is a contact person, not a resolved company",,
1402070774,alibaba_rfq,DIRECT_RFQ,TEA,Hot Tea Beverage Factory Wholesale Oolong Tea 03 Bulk Packed Tea Milk Tea From Our Own Brand,I'm looking for Hot Tea Beverage Factory Wholesale Oolong Tea 03 Bulk Packed Tea Milk Tea From Our Own Brand. Product specifications: Â·Style:Loose Tea Â·Product Type: Oolong Tea Â·Type:Taiwan ...,,china mart,NG,Nigeria,100 Kilogram/Kilograms,2026-08-17,,https://sourcing.alibaba.com/rfq/onepage/rfq_detail.htm?p=ID1e-Apqp4HNH8LUDML9xNkRgjIctqb_ht8BE1VQXgICXKEg5gnOiSGRSX9-eFUvQ6b&searchText=oolong+tea&uuid=aa7277ec-63cc-484a-86e9-91988867274b&lite=true,2026-08-28T08:03:19+00:00,PUBLIC_ALIBABA_RFQ,True,True,False,USEFUL_NEEDS_ENTITY,"public Alibaba RFQ; buyer value is a contact person, not a resolved company",,
1402234610,alibaba_rfq,DIRECT_RFQ,TEA,Hot Selling Gaba Black Tea Small Tea Cake 100 Gram Gaba Cha Bing GABA Hongcha,Product Type: Oolong Tea Style:Compressed Tea Age:New Processing Type:Fermented Processing Type:Handmade Item Form:Tea Cake Packaging:Bag Storage Type:room temperature Specification:0.1 Manufacturer:...,,TEA Gardens,LV,Latvia,20 Piece/Pieces,2026-08-15,,https://sourcing.alibaba.com/rfq/onepage/rfq_detail.htm?p=ID1RE1kJo6A_uHr0hI1R2aOxQOeMQfOZSi4EBJjgWPzNvnmXFq4yUVg1LXWqaVEkH8P&searchText=oolong+tea&uuid=aa7277ec-63cc-484a-86e9-91988867274b&lite=true,2026-08-28T08:03:19+00:00,PUBLIC_ALIBABA_RFQ,True,True,False,USEFUL_NEEDS_ENTITY,"public Alibaba RFQ; buyer value is a contact person, not a resolved company",,
3389baa164c99e2b270cb08fc959b0a6,ec21,DIRECT_RFQ,MATCHA,Looking for Matcha Supplier,"Hello, My name is Robert Pasker, and I am the CEO of Go Matcha Go, on Ohio Green tea distribution company. I am interested in trying your matcha . We are looking to import at least 20kgs of tea within the next few weeks. I am testing Matcha for taste, color, and consistency. We are looking to build relationships with matcha suppliers. We need matcha that is Bright green, soluble and not overly",,Robert Pasker,US,United States,,2014-04-23,,https://importer.ec21.com/buy-lead/Looking_for_strong_Matcha_strong--23557662.html,2026-08-28T08:05:31+00:00,UNVERIFIED_MARKETPLACE_POST,True,False,False,WATCHLIST_STALE,发布日期超过365天,,
765c7a9d3bc2abf4a4b1fe050c09b4d8,ec21,DIRECT_RFQ,MATCHA,Buy Buy: Matcha Green Tea Powder Organic USDA,I'm a US company seeking Organic Matcha Green Tea Powder for private label from a United States supplier. Please contact me if you meet these requirements.,,,US,United States,,2014-05-17,,https://importer.ec21.com/buy-lead/Buy_Buy_strong_Matcha_strong--23576234.html,2026-08-28T08:05:31+00:00,UNVERIFIED_MARKETPLACE_POST,True,False,False,WATCHLIST_STALE,发布日期超过365天,,
87b56342ec192d2db5b6ab270dc97d33,ec21,DIRECT_RFQ,MATCHA,Buy Caffe Latte,"Looking for Maeil caffe latte drinks, primarily Caramel Macchiato and Matcha Latte. Please let me know what your price is and the number of items per pack!",,,US,United States,,2015-07-15,,https://importer.ec21.com/buy-lead/Buy_Caffe_Latte--23834365.html,2026-08-28T08:05:31+00:00,UNVERIFIED_MARKETPLACE_POST,True,False,False,WATCHLIST_STALE,发布日期超过365天,,
a40123b68914c7017cbe2e083af9d990,ec21,DIRECT_RFQ,BLUEBERRY,Buy Dried BLueberry,"Hi, I am looking for dried blueberry that doesn't need to be transported in refrigerated container. If you have this prodct, please, send email to ammfergie----hotmail.com thank you!",,,US,United States,,2014-03-04,,https://importer.ec21.com/buy-lead/Buy_Dried_strong_BLueberry_strong--23512834.html,2026-08-28T08:05:33+00:00,UNVERIFIED_MARKETPLACE_POST,True,False,False,WATCHLIST_STALE,发布日期超过365天,,
68489a2c0f607e9a327c4f6cf9840224,ec21,DIRECT_RFQ,CHILI,We Buy Korean Red Pepper Powder / Chili Powder,"Dear Sir/Madam, We are looking to purchase Korean red pepper powder. Please refer to the details below: * Product: Korean Red Pepper Powder / Chili Powder * Quantity: To be confirmed * Specifications: - Food-grade red pepper powder - Suitable for restaurant use and wholesale food distribution - Detailed product specifications, packaging options, shelf life, and relevant food safety certificates a",,,US,United States,,2026-06-10,,https://importer.ec21.com/buy-lead/We_Buy_Korean_Red_Pepper--24461131.html,2026-08-28T08:05:36+00:00,UNVERIFIED_MARKETPLACE_POST,True,True,False,GAP_ORIGIN_REQUIREMENT,需求限制韩国/日本原产，贵州产品需确认可替代性,,
b31238f8c22210487a6041c35312e3d6,ec21,DIRECT_RFQ,CHILI,We Buy Gochujang (Korean Red Chili Paste),We're looking for a supplier/manufacturer of Gochujang (Korean Red Chili Paste). - Item Name: Gochujang - Details: Korean red chili paste - Trade Term: FOB - Quantity: To be determined (TBD),,,US,United States,,2025-08-19,,https://importer.ec21.com/buy-lead/We_Buy_Gochujang_Korean_Red--24449921.html,2026-08-28T08:05:36+00:00,UNVERIFIED_MARKETPLACE_POST,True,False,False,WATCHLIST_STALE,发布日期超过365天,,
088ab0270d62daa980ebd3a9da793471,ec21,DIRECT_RFQ,CHILI,Buy Dried Red Chilies,"Hello we are big importer of dried red chili es, we have a stable consumer group worldwide. If you can provide first-class chiles, we will have a good and long cooperation with first order of 200 mt.",,,US,United States,,2015-04-17,,https://importer.ec21.com/buy-lead/Buy_Dried_Red_strong_Chili--23789806.html,2026-08-28T08:05:36+00:00,UNVERIFIED_MARKETPLACE_POST,True,False,False,REJECT_SELLER_OR_UNCLEAR,未检测到明确采购意图或含卖方表达,,
9acbec54bd6ed939a9b6ef54d91da402,ec21,DIRECT_RFQ,CHILI,We Buy Korean Red Pepper Powder,"Dear Sir/Madam, We are looking to purchase Korean red pepper powder. Please refer to the details below: - Product: Korean Red Pepper Powder / Chili Powder - Quantity: To be confirmed - Specifications: * Food-grade red pepper powder * Suitable for import and distribution * Detailed product specifications, packaging options, shelf life, and certificates are requested Interested suppliers are kindly",,,US,United States,,2026-06-10,,https://importer.ec21.com/buy-lead/We_Buy_Korean_Red_Pepper--24461130.html,2026-08-28T08:05:36+00:00,UNVERIFIED_MARKETPLACE_POST,True,True,False,GAP_ORIGIN_REQUIREMENT,需求限制韩国/日本原产，贵州产品需确认可替代性,,
fe264a7f28f473a8b4cf68507b1e1783,ec21,DIRECT_RFQ,CHILI,We Buy Seasonings and Condiments,"We're looking for Salt, pepper, sugar, honey, vinegar, soy sauce, gochujang (Korean chili paste), doenjang (Korean soybean paste), red pepper powder, cooking oil, herbs, spices, various types of soy sauce, and other seasoning and condiment products. - Terms and Conditions: We are looking for Korean domestic companies that can supply high-quality and reliable products. Preparations for export have",,,US,United States,,2024-11-04,,https://importer.ec21.com/buy-lead/We_Buy_Seasonings_and_Condiments--24445943.html,2026-08-28T08:05:36+00:00,UNVERIFIED_MARKETPLACE_POST,False,False,False,REJECT_PRODUCT_MISMATCH,品类只出现在噪声或排除语境,,
08050f296db2d7035e5ccd3f0a2fe522,ec21,DIRECT_RFQ,CHILI,Buy All Kinds Paper Waste/ Paper Scrap From World Wide Suppliers,"Chili , Brazil, Guyana, , Panama, Kuracao, Costa Rica, Central America, Gautemala, South Africa, East Africa, West Africa Middle Eastern countries like Saudi Arabia, ubai, Qatar, Oman, Kuwait, Bahrain, as well as other safe African countries of the world We are the the direct buyer. We have got huge requirements every month. We want to buy in containerized only no bulk shipments. We are very serio",,,US,United States,,2014-09-08,,https://importer.ec21.com/buy-lead/Buy_All_Kinds_Paper_Waste--23666822.html,2026-08-28T08:05:36+00:00,UNVERIFIED_MARKETPLACE_POST,False,False,False,REJECT_PRODUCT_MISMATCH,品类只出现在噪声或排除语境,,
a37aaa6f0f538c17376c08aede2a3680,ec21,DIRECT_RFQ,CHILI,Buy Red Dry Chillies,"I am searching for a good supplier of dried red chilli es, the product is required for further production of spices. Product type: Red Chilli Style: Dried Shape: Stick Weight: 25 Drying Process: AD Color: Red Shelf Life: 1yr",,,US,United States,,2015-05-17,,https://importer.ec21.com/buy-lead/Buy_Red_Dry_strong_Chilli--23807113.html,2026-08-28T08:05:38+00:00,UNVERIFIED_MARKETPLACE_POST,True,False,False,WATCHLIST_STALE,发布日期超过365天,,
8735078788aef6f955b8a5df7731916b,ec21,DIRECT_RFQ,CHILI,We Buy Spices,"I required cooking spices, Whole, grounded, powder and mixed spices Red chilly, while chilly, yellow chilly, coriander, turmeric, cloves, black paper, cardamom, cinnamon, cumin etc.",,,US,United States,,2021-10-26,,https://importer.ec21.com/buy-lead/We_Buy_Spices--24337767.html,2026-08-28T08:05:38+00:00,UNVERIFIED_MARKETPLACE_POST,False,False,False,REJECT_PRODUCT_MISMATCH,品类只出现在噪声或排除语境,,
3d5559f9f6ffc25ca90cf3584e7ce341,ec21,DIRECT_RFQ,CHILI,We Buy Indian Spices,"Whole spices. ground spices and blended masala powder required. Sea salt Clove powder White pepper Red chilli clove Turmeric Pav bhaji masala Fenugreek Cardamom Capsicum coriander seeds, cumin seed",,,US,United States,,2017-05-15,,https://importer.ec21.com/buy-lead/We_Buy_Indian_Spices--24102136.html,2026-08-28T08:05:38+00:00,UNVERIFIED_MARKETPLACE_POST,True,False,False,WATCHLIST_STALE,发布日期超过365天,,
3d5f96526aaf547cb406abea3c030a6e,ec21,DIRECT_RFQ,CHILI,"We Buy We Want To Buy Turmeric,coriander,cumin","We want to opportuniy to inform suppliers,exporters and direct farmers that we want to buy turmeric,cardamon,coriander, chilli ,these products are needed urgently for production purposes,please any interested personell can contact us soonest.",,,US,United States,,2018-10-23,,https://importer.ec21.com/buy-lead/We_Buy_We_Want_To--24209364.html,2026-08-28T08:05:38+00:00,UNVERIFIED_MARKETPLACE_POST,False,False,False,REJECT_PRODUCT_MISMATCH,品类只出现在噪声或排除语境,,
640dc495645e53c56b909e49ba83e09e,ec21,DIRECT_RFQ,TEA,We Buy Korean Tea,"We're looking for Flower tea , Korean tea , traditional tea , herbal tea . - Terms and Conditions: We are looking for a reliable local company that uses quality, domestically sourced ingredients to supply trustworthy products. The company should be ready for export and able to ensure product quantity and quality, with preference given to those open to a long-term partnership.",,,US,United States,,2024-11-12,,https://importer.ec21.com/buy-lead/We_Buy_Korean_strong_Tea--24446046.html,2026-08-28T08:05:39+00:00,UNVERIFIED_MARKETPLACE_POST,True,False,False,WATCHLIST_STALE,发布日期超过365天,,
278309863d3b2d6f8b732ce85312af83,ec21,DIRECT_RFQ,TEA,We Buy Green Tea,"We're looking for Green Tea suppliers from Kore. - Terms and Conditions: I'm looking for a domestic company that can supply high-quality and reliable products. We are fully prepared for export and prioritize companies that can handle volume, provide quality assurance, and are open to long-term business relationships. - Quantity: To be determined",,,US,United States,,2024-10-31,,https://importer.ec21.com/buy-lead/We_Buy_Green_strong_Tea--24445815.html,2026-08-28T08:05:39+00:00,UNVERIFIED_MARKETPLACE_POST,True,False,False,WATCHLIST_STALE,发布日期超过365天,,
faf154db8e0e341ee6e5809ddb3dd879,ec21,DIRECT_RFQ,TEA,We Buy Korean Tea,"We're looking for Roasted Corn Tea , Roasted Barley Tea , Green Tea with Brown Rice etc from Korea. Website : https://www.haitaiusa.com/ tea",,,US,United States,,2024-08-16,,https://importer.ec21.com/buy-lead/We_Buy_Korean_strong_Tea--24439475.html,2026-08-28T08:05:39+00:00,UNVERIFIED_MARKETPLACE_POST,True,False,False,WATCHLIST_STALE,发布日期超过365天,,
0a59947c00b0084ba199adb5661db8fb,ec21,DIRECT_RFQ,TEA,Buy Wild Grass Tea,"I would like to know where I can buy this in the United States. I live in Los Angeles, CA. I am specifically looking for the Sanyacho Diet tea produced by Gang San Farms. Thanks.",,,US,United States,,2014-04-25,,https://importer.ec21.com/buy-lead/Buy_Wild_Grass_strong_Tea--23560185.html,2026-08-28T08:05:39+00:00,UNVERIFIED_MARKETPLACE_POST,True,False,False,WATCHLIST_STALE,发布日期超过365天,,
042f749fa8f3ee0fe5ff93fc2c1ae433,ec21,DIRECT_RFQ,TEA,Buy Wild Grass Tea,"I would like to know where I can buy the Sanyacho diet tea in the United States. I live in Los Angeles, CA. Thank you.",,,US,United States,,2014-04-22,,https://importer.ec21.com/buy-lead/Buy_Wild_Grass_strong_Tea--23556412.html,2026-08-28T08:05:39+00:00,UNVERIFIED_MARKETPLACE_POST,True,False,False,REJECT_SELLER_OR_UNCLEAR,未检测到明确采购意图或含卖方表达,,
5cecacf8cb6d74d7e7152ecdba4c939a,ec21,DIRECT_RFQ,TEA,"Buy Sex Herbal Tea ,Jinshenkang Tea , the Sensual Tea",Please send price list and sample of your sexual tea products. I also need shipping cost and time of delivery. Thank you,,,US,United States,,2014-03-04,,https://importer.ec21.com/buy-lead/Buy_Sex_Herbal_strong_Tea--23512048.html,2026-08-28T08:05:39+00:00,UNVERIFIED_MARKETPLACE_POST,True,False,False,WATCHLIST_STALE,发布日期超过365天,,
21eaa834980964284f1965b563832d27,ec21,DIRECT_RFQ,TEA,Buy Semi-automatic Bubble Tea Boba Plastic Cup Sealer Sealing Machine,"I need information if you can provide me 90mm diameter Aluminum Rim for sealing machine, sealer gasket, 90mm backup ring, bubble tea machine parts and if they have to other measures. Price and payment system",,,US,United States,,2014-04-12,,https://importer.ec21.com/buy-lead/Buy_Semi_automatic_Bubble_strong--23549161.html,2026-08-28T08:05:39+00:00,UNVERIFIED_MARKETPLACE_POST,True,False,False,WATCHLIST_STALE,发布日期超过365天,,
13882de72e14e1edf9a1a6a7e53ba132,ec21,DIRECT_RFQ,TEA,Buy Buy: Matcha Green Tea Powder Organic USDA,I'm a US company seeking Organic Matcha Green Tea Powder for private label from a United States supplier. Please contact me if you meet these requirements.,,,US,United States,,2014-05-17,,https://importer.ec21.com/buy-lead/Buy_Buy_Matcha_Green_strong--23576234.html,2026-08-28T08:05:39+00:00,UNVERIFIED_MARKETPLACE_POST,True,False,False,WATCHLIST_STALE,发布日期超过365天,,
6455cef903e1533887b8fd11607b091e,ec21,DIRECT_RFQ,TEA,Buy Honey Quince Tea,"Hello, My sister is living in Busan, South Korea, but I live in the United States, and would like to know how much it would cost to ship 4 jars of the tea to her. Thank you!",,,US,United States,,2014-12-09,,https://importer.ec21.com/buy-lead/Buy_Honey_Quince_strong_Tea--23725425.html,2026-08-28T08:05:39+00:00,UNVERIFIED_MARKETPLACE_POST,True,False,False,REJECT_SELLER_OR_UNCLEAR,未检测到明确采购意图或含卖方表达,,
938bad229e05df568bd5bc4dbc124e6b,ec21,DIRECT_RFQ,TEA,Buy Balsam Pear Tea,I am interested in balsam pear tea and sex tea and any other product that is good for health and send your contact number,,,US,United States,,2014-12-12,,https://importer.ec21.com/buy-lead/Buy_Balsam_Pear_strong_Tea--23727652.html,2026-08-28T08:05:39+00:00,UNVERIFIED_MARKETPLACE_POST,True,False,False,WATCHLIST_STALE,发布日期超过365天,,
671f1899befe21a1074adacabe05c9f2,ec21,DIRECT_RFQ,TEA,Buy Nylon Mesh for Pyramid Tea Bag,"Hi I would like to order a sample roll of mesh tea bag material to test. We will be making 3x3"" tea bags with loose leaf tea . Ultra sonic or heat seal is ok. Kindly send to 57 Fairmount Street Lowell Ma 01852 USA Thank you",,,US,United States,,2015-04-09,,https://importer.ec21.com/buy-lead/Buy_Nylon_Mesh_for_Pyramid--23784806.html,2026-08-28T08:05:39+00:00,UNVERIFIED_MARKETPLACE_POST,True,False,False,REJECT_SELLER_OR_UNCLEAR,未检测到明确采购意图或含卖方表达,,
c082746e6e8a6b2e6617f9e5fd32d5e3,ec21,DIRECT_RFQ,TEA,Buy Nylon Mesh for Pyramid Tea Bag,"Looking for nylon Mash Tea Bag Material, rolls. We are hand making 3x3"" tea bags. Thank you Lisa Marie",,,US,United States,,2015-04-07,,https://importer.ec21.com/buy-lead/Buy_Nylon_Mesh_for_Pyramid--23783593.html,2026-08-28T08:05:39+00:00,UNVERIFIED_MARKETPLACE_POST,True,False,False,WATCHLIST_STALE,发布日期超过365天,,
aec9d7992307e4cd65fa65cdb36f382c,ec21,DIRECT_RFQ,TEA,"Buy Coffee Table, Tea Table","Dear Ma/Sir I am Osaka Jane, we are searching for your product, and i am contacting you to know if your quality is good.. We are interested in buying your quality product, i will want you to send me your MOQ and further information but i will be very glad if you can reply direct to my private email, thank you so much i will be looking forward to hear from you soon. Best Regards Osaka Jane Purchas",,,US,United States,,2015-02-09,,https://importer.ec21.com/buy-lead/Buy_Coffee_Table_strong_Tea--23757278.html,2026-08-28T08:05:39+00:00,UNVERIFIED_MARKETPLACE_POST,False,False,False,REJECT_PRODUCT_MISMATCH,品类只出现在噪声或排除语境,,
e26f9ac83bb8b899e25ff95db5207ace,ec21,DIRECT_RFQ,TEA,Buy Mulberry Green Tea ( Herbal Beverage ),"We will like to buy your products. do you ship to Poland? upon your response, we will forward our order along with our company details. Thanks and Best Regards Paul Marti Poland",,details,US,United States,,2016-01-17,,https://importer.ec21.com/buy-lead/Buy_Mulberry_Green_strong_Tea--23926279.html,2026-08-28T08:05:39+00:00,UNVERIFIED_MARKETPLACE_POST,True,False,False,REJECT_SELLER_OR_UNCLEAR,未检测到明确采购意图或含卖方表达,,
b0aad663805d3f95678046a1877efff5,ec21,DIRECT_RFQ,TEA,Buy AIKEN Tea Tree Oil product range.,"Hello, my name is shawline, am a reseller here in texas, am interested in retailing this product, heard very good reviews about it, and will like to order asap. please contact me at your earliest convenient. whatsapp : 8328360622 Thanks",,shawline,US,United States,,2016-03-21,,https://importer.ec21.com/buy-lead/Buy_AIKEN_strong_Tea_strong--23951095.html,2026-08-28T08:05:39+00:00,UNVERIFIED_MARKETPLACE_POST,False,False,False,REJECT_PRODUCT_MISMATCH,品类只出现在噪声或排除语境,,
255c6f0bc61a992351498aa3aeefe03a,ec21,DIRECT_RFQ,TEA,We Buy Oolong Tea,Hi My name is Alex Im interested in doing business with your company. in order for me to do business with you I would like to know if you would be willing to ship consumer sized packages via E-Packet directly to my customers in the US. Please also provide me with an inventory list of products that you carry. Thank You In advance Alexander Bour. Owner and CEO AB Holdings,,Alex Im interested in doing business with your company,US,United States,,2017-10-17,,https://importer.ec21.com/buy-lead/We_Buy_Oolong_strong_Tea--24140787.html,2026-08-28T08:05:39+00:00,UNVERIFIED_MARKETPLACE_POST,True,False,False,WATCHLIST_STALE,发布日期超过365天,,
bc62607dc87d910d101d7940fdae0170,ec21,DIRECT_RFQ,TEA,Buy Korea Ginseng Tea,"I want to order the dong won granulated instant korean ginseng tea in either 2g or 3g packets. I live in the STATE OF iLLINOIS, USA. Please give me the prices of your products with the shipping cost",,,US,United States,,2017-04-26,,https://importer.ec21.com/buy-lead/Buy_Korea_Ginseng_strong_Tea--24096669.html,2026-08-28T08:05:39+00:00,UNVERIFIED_MARKETPLACE_POST,True,False,False,REJECT_SELLER_OR_UNCLEAR,未检测到明确采购意图或含卖方表达,,
369461cb1fd0aae596d0d00203569664,ec21,DIRECT_RFQ,TEA,We Buy KOREAN TRADITIONAL TEA,"Hello, We are importing and distributing KOREAN TRADITIONAL TEA , ROASTED SEAWEED etc. Have a nice day !",,,US,United States,,2023-10-01,,https://importer.ec21.com/buy-lead/We_Buy_KOREAN_TRADITIONAL_strong--24408682.html,2026-08-28T08:05:39+00:00,UNVERIFIED_MARKETPLACE_POST,True,False,False,WATCHLIST_STALE,发布日期超过365天,,
ad629f81386ec0ecd6f798fd886e3f77,ec21,DIRECT_RFQ,TEA,We Buy Beverages,"We're looking for Beverages - Carbonated drinks, fruit juices, coffee, tea , milk and dairy products, smoothies, water, and other beverage items. We prefer a Korean company capable of supplying high-quality and reliable beverage products. Export preparations have been completed, and we prioritize companies that can ensure adequate quantity, quality assurance, and a long-term partnership. - Quantit",,,US,United States,,2024-11-14,,https://importer.ec21.com/buy-lead/We_Buy_Beverages--24446096.html,2026-08-28T08:05:39+00:00,UNVERIFIED_MARKETPLACE_POST,True,False,False,WATCHLIST_STALE,发布日期超过365天,,
c020fff90af6a50cb8e00449c45b1424,ec21,DIRECT_RFQ,TEA,We Buy Variety of Red Ginseng Products,"We are looking for different types of red ginseng products, such as extracts, liquid, tablets, tea , candy, drinks, and shots. - Terms and Conditions: We are searching for a trustworthy local company that can provide good-quality products. The company should be ready for export and able to ensure product quantity and quality. We prefer a long-term partnership. - Quantity: To be decided",,,US,United States,,2024-11-12,,https://importer.ec21.com/buy-lead/We_Buy_Variety_of_Red--24446042.html,2026-08-28T08:05:39+00:00,UNVERIFIED_MARKETPLACE_POST,True,False,False,WATCHLIST_STALE,发布日期超过365天,,
22614aa08cd1b85b99b624deedcc93e2,ec21,DIRECT_RFQ,CHILI,Buy Spices,"I have requirement of Indian spices. Chili , coriander, turmeric, cumin seed, black pepper, fennel seed, cardamom, mace, nutmeg, Dill seed, Cinnamon, Chili powder, cloves, curry powder and other masala powder",,,JP,Japan,,2017-02-04,,https://importer.ec21.com/buy-lead/Buy_Spices--23937385.html,2026-08-28T08:05:46+00:00,UNVERIFIED_MARKETPLACE_POST,True,False,False,REJECT_SELLER_OR_UNCLEAR,未检测到明确采购意图或含卖方表达,,
b2b25649b9b69e5672762470e6d26b59,ec21,DIRECT_RFQ,TEA,We Buy Twining Tea,"we are looking for Twining tea for 1 x 20ft container. Payment terms are negotiable. If you have other European brands' tea , we will appreciate if you provide the information.",,,JP,Japan,,2018-06-15,,https://importer.ec21.com/buy-lead/We_Buy_Twining_strong_Tea--24187944.html,2026-08-28T08:05:49+00:00,UNVERIFIED_MARKETPLACE_POST,True,False,False,WATCHLIST_STALE,发布日期超过365天,,
e0c0d34b4aafaddef38b20521910a88a,ec21,DIRECT_RFQ,TEA,We Buy Tiger Nuts/ Hibiscus Tea / Shea Butter,I kg or above of Tiger nuts naturally dried Pure unrefined Shea butter 100% Dried Hibiscus flower deep red/ purple,,,JP,Japan,,2018-09-25,,https://importer.ec21.com/buy-lead/We_Buy_Tiger_Nuts_Hibiscus--24205976.html,2026-08-28T08:05:49+00:00,UNVERIFIED_MARKETPLACE_POST,True,False,False,WATCHLIST_STALE,发布日期超过365天,,
8a5980eb2f681b5fb612a25810fb7924,ec21,DIRECT_RFQ,TEA,We Buy Mariage Frere,"we are looking for Mariage Frere for 1 x 20ft container. Payment terms are negotiable If you have other European brands' tea , we will appreciate if you provide the information.",,,JP,Japan,,2018-06-15,,https://importer.ec21.com/buy-lead/We_Buy_Mariage_Frere--24187943.html,2026-08-28T08:05:49+00:00,UNVERIFIED_MARKETPLACE_POST,True,False,False,WATCHLIST_STALE,发布日期超过365天,,
ad23bc20e7c9aca6d690b633bad7c1b2,ec21,DIRECT_RFQ,TEA,We Buy Milk Powder,"Hello everyone! I'm in Austria, have trad to Afghanistan skim milk and fulk milk powder green tea and black tea . If you have bellew products let me know cif price with quentity 20ft containers to Afghanistan. Thanks best regards Whatsapp 004368864624684",,,AT,Austria,,2019-06-30,,https://importer.ec21.com/buy-lead/We_Buy_Milk_Powder--24244504.html,2026-08-28T08:05:59+00:00,UNVERIFIED_MARKETPLACE_POST,True,False,False,WATCHLIST_STALE,发布日期超过365天,,
be40e8d35630c7cbfe7a8c2b7631c873,ec21,DIRECT_RFQ,TEA,Buy Squash Seeds,"Dear Sir, Please we would like order seeds; watermelon Yellow Arirang 10.000 seeds, and 2000 seeds of Asia Black Star and Seo Tea Je, Chun Jeol 23 Squash Ajiguri 10 Melons; GaeGuRi and Geum Je- please advice about weights of fruit I remain, Sincerely, Ivan",,,HR,Croatia,,2014-01-11,,https://importer.ec21.com/buy-lead/Buy_Squash_Seeds--23477121.html,2026-08-28T08:06:30+00:00,UNVERIFIED_MARKETPLACE_POST,True,False,False,REJECT_SELLER_OR_UNCLEAR,未检测到明确采购意图或含卖方表达,,
5e123fe2d942325057fb96cab6cfc015,ec21,DIRECT_RFQ,TEA,We Buy Green Tea & Black Tea,We're looking for Organic green and black loose leaf tea 1) Specifications of the item: Tea : green and black. No tea bags but only loose leaf tea per kg. 2) Payment condition: FOB 3) Quantity: TBD,,,FI,Finland,,2024-11-18,,https://importer.ec21.com/buy-lead/We_Buy_Green_strong_Tea--24446174.html,2026-08-28T08:07:24+00:00,UNVERIFIED_MARKETPLACE_POST,True,False,False,WATCHLIST_STALE,发布日期超过365天,,
f385ecb30f845e471206678d0a8d8201,ec21,DIRECT_RFQ,TEA,We Buy Korean Tea,"Hello, We're looking for Typical Korean Tea . Such as Non-cafeine tea made out of flowers, fruits and roots, for example. Typical Korean flavours preferred. - Payment condition: FOB - Quantity: TBD - Major importing country: Japan, China, Korea and Taiwan",,,FI,Finland,,2023-05-15,,https://importer.ec21.com/buy-lead/We_Buy_Korean_strong_Tea--24396176.html,2026-08-28T08:07:24+00:00,UNVERIFIED_MARKETPLACE_POST,True,False,False,WATCHLIST_STALE,发布日期超过365天,,
7cf72fcb221960d967339ceb914e0aea,ec21,DIRECT_RFQ,TEA,We Buy Looking For Large Non Reusable Telescopic Straw,I am looking for straw telescopic arround9.5 diameter 14cm. Mostly important is a large diameter. It must be non reusable straw.,,,FR,France,,2020-02-01,,https://importer.ec21.com/buy-lead/We_Buy_Looking_For_Large--24267445.html,2026-08-28T08:07:36+00:00,UNVERIFIED_MARKETPLACE_POST,False,False,False,REJECT_PRODUCT_MISMATCH,品类只出现在噪声或排除语境,,
309e8cbefb3dac17b89e1c1ba70007fc,ec21,DIRECT_RFQ,TEA,We Buy Looking For Large Non Reusable Telescopic Straw,I am looking for straw telescopic arround9.5 diameter 14cm. Mostly important is a large diameter. It must be non reusable straw.,,,FR,France,,2020-02-01,,https://importer.ec21.com/buy-lead/We_Buy_Looking_For_Large--24267444.html,2026-08-28T08:07:36+00:00,UNVERIFIED_MARKETPLACE_POST,False,False,False,REJECT_PRODUCT_MISMATCH,品类只出现在噪声或排除语境,,
79ed1a351f29cf6cacac44a9b0ffcec5,ec21,DIRECT_RFQ,BLUEBERRY,Buy Frozen Fruits,"Inquiry for frozen organic fruits and frozen conventional fruits we are interested in frozen organic fruits and frozen conventional fruits in top quality, Grad A, this is absolutely necessary condition. In particular, we seek to: strawberries raspberries sour cherries red currants black currants blueberri es (wild) blackberries We are further interested in long-term business relationship. The decr",,,DE,Germany,,2014-11-06,,https://importer.ec21.com/buy-lead/Buy_Frozen_Fruits--23704892.html,2026-08-28T08:07:40+00:00,UNVERIFIED_MARKETPLACE_POST,False,False,False,REJECT_PRODUCT_MISMATCH,品类只出现在噪声或排除语境,,
3a500e40ec5930893cfa17aabbfa82e2,ec21,DIRECT_RFQ,TEA,We Buy Powdered Tea,"We're looking for Korean food and household goods wholesale and retail distributor. [ Interested Items] - Powdered tea in stick form (yuzu tea , ginger tea , misugaru, etc.) - Request for product information and unit price details - Preference for tea and beverage stick products with easy-cut opening",,,DE,Germany,,2025-01-31,,https://importer.ec21.com/buy-lead/We_Buy_Powdered_strong_Tea--24446862.html,2026-08-28T08:07:47+00:00,UNVERIFIED_MARKETPLACE_POST,True,False,False,WATCHLIST_STALE,发布日期超过365天,,
ce89923e67293213fff5128357ca7dd5,ec21,DIRECT_RFQ,TEA,Buy Korean Cosmetics & Skincare,Essence Mist Time Revolution Night Repair New Science Activator Ampoule MIZON All In One Snail Repair Cream MOON SHOT Cream Paint Stick Extreme NEOGEN Bio-Peel Gauze Peeling Wine Green Tea Real Fresh Foam Cleanser Cranberry Real Fresh Foam Cleanser Cereal Real Fresh Foam Cleanser Day-Light Protection Sun Screen SON & PARK Glow Ring Foundation Beauty Water Beauty Gel Second Skin Foundation Set,,,DE,Germany,,2015-11-25,,https://importer.ec21.com/buy-lead/Buy_Korean_Cosmetics_Skincare--23897476.html,2026-08-28T08:07:47+00:00,UNVERIFIED_MARKETPLACE_POST,True,False,False,REJECT_SELLER_OR_UNCLEAR,未检测到明确采购意图或含卖方表达,,
84e117a6729b7d997af80928b9973428,ec21,DIRECT_RFQ,MATCHA,"We Buy Matcha Powder, Tea From Korea",We're searching for Matcha powder / Tea which is coming originally from Korea. - Payment conditions: 100% T/T in advance - Expected volume: depends on the offered price,,,HU,Hungary,,2024-11-04,,https://importer.ec21.com/buy-lead/We_Buy_strong_Matcha_strong--24445944.html,2026-08-28T08:07:59+00:00,UNVERIFIED_MARKETPLACE_POST,True,False,False,WATCHLIST_STALE,发布日期超过365天,,
0f3baab8f2551cb7cfb5f16807c8970b,ec21,DIRECT_RFQ,TEA,"We Buy Matcha Powder, Tea From Korea",We're searching for Matcha powder / Tea which is coming originally from Korea. - Payment conditions: 100% T/T in advance - Expected volume: depends on the offered price,,,HU,Hungary,,2024-11-04,,https://importer.ec21.com/buy-lead/We_Buy_Matcha_Powder_strong--24445944.html,2026-08-28T08:08:07+00:00,UNVERIFIED_MARKETPLACE_POST,True,False,False,WATCHLIST_STALE,发布日期超过365天,,
96c1fb938bf21cd9d0ee1181be69d383,ec21,DIRECT_RFQ,BLUEBERRY,Buy Vodka,"We are looking for Grey Goose Night Edition, Belvedere SIlver Edition and Stolichnaya Blueberry . 200 cases each.",,,NL,Netherlands,,2014-05-23,,https://importer.ec21.com/buy-lead/Buy_Vodka--23580876.html,2026-08-28T08:09:13+00:00,UNVERIFIED_MARKETPLACE_POST,True,False,False,WATCHLIST_STALE,发布日期超过365天,,
424d25f7bb14ba47d0068d785b5df48e,ec21,DIRECT_RFQ,CHILI,We Buy Red Chili Powder,We Buy Red Chili Powder for making Kimchi. - Payment condition: T/T - Expected volume: TBD Looking forward to hearing from qualified suppliers.,,,NL,Netherlands,,2024-01-15,,https://importer.ec21.com/buy-lead/We_Buy_Red_strong_Chili--24419110.html,2026-08-28T08:09:16+00:00,UNVERIFIED_MARKETPLACE_POST,True,False,False,WATCHLIST_STALE,发布日期超过365天,,
22387e52a49fd70ae8de15249033512c,ec21,DIRECT_RFQ,CHILI,Buy Halal Frozen Whole Chicken Griller,halal chicken meat from thailand and chile we are looking foe a supplier for halall chicken meat from thailand and chili for delevring 4 to 10 containers each week,,,NL,Netherlands,,2014-03-07,,https://importer.ec21.com/buy-lead/Buy_Halal_Frozen_Whole_Chicken--23516180.html,2026-08-28T08:09:16+00:00,UNVERIFIED_MARKETPLACE_POST,False,False,False,REJECT_SELLER_OR_UNCLEAR,未检测到明确采购意图或含卖方表达,,
fed32fd273ea77540a8feb1f3dae9f4f,ec21,DIRECT_RFQ,TEA,Buy Tea Tree Essential Oil,Im in the need of at least 500 bottles of Tea Tree Essential Oil.. Shipping to the Netherlands. Send me your offer.,,,NL,Netherlands,,2014-07-02,,https://importer.ec21.com/buy-lead/Buy_strong_Tea_strong_Tree--23612855.html,2026-08-28T08:09:19+00:00,UNVERIFIED_MARKETPLACE_POST,True,False,False,WATCHLIST_STALE,发布日期超过365天,,
c9aea3f1b7f592914f94fc5a0feaf75b,ec21,DIRECT_RFQ,CHILI,We Buy Food Additives,"Below is an overview of the products we are interested in. Food Additives and Functional Ingredients Transglutaminase Dextrose Monohydrate Isolated Soy Protein 90%, Emulsion Textured Soy Protein 3-8 mm Monosodium Glutamate (80 mesh) Sodium Tripolyphosphate (STPP) Sodium Citrate (30-100 mesh) Wheat Gluten Poultry Powder Beef Powder Potato Starch Pea Fiber Spices and Seasonings: Chili Flakes Chili",,,PL,Poland,,2026-01-17,,https://importer.ec21.com/buy-lead/We_Buy_Food_Additives--24455704.html,2026-08-28T08:09:26+00:00,UNVERIFIED_MARKETPLACE_POST,False,True,False,REJECT_PRODUCT_MISMATCH,品类只出现在噪声或排除语境,,
60dd3a773a0880f4f6fb3e064ff6e069,ec21,DIRECT_RFQ,TEA,Buy We Want To Buy Tea Leaves for Tea Bags,"Hello, We are looking for tea leaves (last fraction), tea powder, tea dust, tea fannings for tea bags. Please send your offers and samples. Kind regards Urban Bednarski",,,PL,Poland,,2014-02-06,,https://importer.ec21.com/buy-lead/Buy_We_Want_To_Buy--23494122.html,2026-08-28T08:09:29+00:00,UNVERIFIED_MARKETPLACE_POST,True,False,False,WATCHLIST_STALE,发布日期超过365天,,
295a40cd18e7d6f89acaaf1f08c00f19,ec21,DIRECT_RFQ,TEA,"Buy Palm Kernel,Sunflower, Tea (680162352)",5000 ton month 3 yesrs contract 11-12% humidity palm kernel shel ob prices or cif leixoes prices +351934554108,,,PT,Portugal,,2017-02-24,,https://importer.ec21.com/buy-lead/Buy_Palm_Kernel_Sunflower_strong--24075583.html,2026-08-28T08:09:39+00:00,UNVERIFIED_MARKETPLACE_POST,True,False,False,REJECT_SELLER_OR_UNCLEAR,未检测到明确采购意图或含卖方表达,,
b71e55ead10883c68a26fc0279a7d0d5,ec21,DIRECT_RFQ,TEA,We Buy Pouch Drink,"We're searching for pouch drinks with 180ml to 250ml of various flavours. (ex.: coffee, fruit ade, tea , etc) of the type that is ripped and poured into a cup. - Quantity : Around 5 boxes of each flavour to start - Usage : Wholesale distribution and Retail sale",,,PT,Portugal,,2024-10-05,,https://importer.ec21.com/buy-lead/We_Buy_Pouch_Drink--24443860.html,2026-08-28T08:09:39+00:00,UNVERIFIED_MARKETPLACE_POST,True,False,False,WATCHLIST_STALE,发布日期超过365天,,
79733ca2a96a6599e420686e5b1f43aa,ec21,DIRECT_RFQ,TEA,We Buy Pouch Drinks,"Hello, We're searching for pouch drinks with 180ml to 250ml of various flavours. (ex.: coffee, fruit ade, tea , etc) of the type that is ripped and poured into a cup, similar to the example in the picture file. - Quantity: Around 5 boxes of each flavour to start - Main item for sale: Asian Food Products - Website : https://sinfan.pt/ We would like to import the product as soon as possible. Have",,,PT,Portugal,,2023-07-19,,https://importer.ec21.com/buy-lead/We_Buy_Pouch_Drinks--24401212.html,2026-08-28T08:09:39+00:00,UNVERIFIED_MARKETPLACE_POST,True,False,False,REJECT_SELLER_OR_UNCLEAR,未检测到明确采购意图或含卖方表达,,
1b0ac89dbba68ea6e4dfe1a26aa3d6e3,ec21,DIRECT_RFQ,TEA,Buy Nylon Mesh for Pyramid Tea Bag,"Dear Sir or Madam We are small company from Slovenia that is working on developing new product in food industry. Right now we are in phase of testing different kinds of materials similar to those that your company produces. We are very interested in ordering large amounts of filter mesh material, but first we would like to test this material if it fits our needs. Therefore, I'm kindly asking to s",,produces,SI,Slovenia,,2016-03-22,,https://importer.ec21.com/buy-lead/Buy_Nylon_Mesh_for_Pyramid--23951970.html,2026-08-28T08:11:20+00:00,UNVERIFIED_MARKETPLACE_POST,True,False,False,WATCHLIST_STALE,发布日期超过365天,,
bf6fc36397ab9b32a7c28c13a903293b,ec21,DIRECT_RFQ,BLUEBERRY,We Buy BLUEBERRIES,VALGES WWW VALGES COM SPANISH BUSINESS GROUP WE ARE IMPORTERS BLUEBERRI ES STRASBERRIES BERRIES.- ANY KIND ORGANIC FRUIT PULP,,,ES,Spain,,2022-12-25,,https://importer.ec21.com/buy-lead/We_Buy_strong_BLUEBERRI_strong--24384103.html,2026-08-28T08:11:26+00:00,UNVERIFIED_MARKETPLACE_POST,True,False,False,WATCHLIST_STALE,发布日期超过365天,,
3a7054499d601578589118c69f3898bc,ec21,DIRECT_RFQ,BLUEBERRY,"We Buy Tropical Fruits , Berries , Organic Fruits and Fruit Pulp",VALGES WWW VALGES COM SPANISH BUSINESS GROUP WE ARE LOOKING TO DO LONG-TERM BUSINESS COOPERATION WITH GROWERS COMPANIES MANUFACTUERS COMPANIES WE IMPORT TROPICAL FRUITS ORGANIC FRUITS BLUEBERRI ES STRAWBERRIES BERRIES ANY KIND JUICES FRUIT PULP OTHER,,,ES,Spain,,2022-12-29,,https://importer.ec21.com/buy-lead/We_Buy_Tropical_Fruits_Berries--24384389.html,2026-08-28T08:11:26+00:00,UNVERIFIED_MARKETPLACE_POST,False,False,False,REJECT_PRODUCT_MISMATCH,品类只出现在噪声或排除语境,,
d1583921df022ee4ae1fa42bb8d7a37d,ec21,DIRECT_RFQ,BLUEBERRY,"We Buy Organic Fruits , Fruit Pulp Berries and Tropical Fruits",VALGES WWW VALGES COM SPANISH BUSINESS GROUP WE ARE INTERESTED IN LONG-TERM BUSINESS COOPERTION WITH GROWER COMPANIES MANUFACTURERS COMPANIES OUR MAIN BUSINESS TROPICAL FRUITS ORGANIC FRUITS FRUIT PULP BLUEBERRI ES STRAWBERRIES BERRIES ANY KIND JUICES,,,ES,Spain,,2022-12-29,,https://importer.ec21.com/buy-lead/We_Buy_Organic_Fruits_Fruit--24384378.html,2026-08-28T08:11:26+00:00,UNVERIFIED_MARKETPLACE_POST,False,False,False,REJECT_PRODUCT_MISMATCH,品类只出现在噪声或排除语境,,
23f9be6dbe674020075a74e8f3144874,ec21,DIRECT_RFQ,BLUEBERRY,We Buy Animal Feed,"V ALGES WWW VALGES COM SPANISH BUSINESS GROUP WE IMPORT ANIMAL FEED FODDER BROKEN CORN FOR ANIMAL FEED BROKEN GRAINS AND CEREALS . FOR ANIMAL FEED.- ANY KIND VEGETABLE OIL.CAKE.- FOR ANIMAL FEED, ANY KIND AS WELL BLUEBERRI S STRAWBERRIES BERRIES ANY KIND TROPICAL FRUITS ORGANIC FRUITS ORGANIC FRUIT PULP DRIED FRUITS",,,ES,Spain,,2022-12-27,,https://importer.ec21.com/buy-lead/We_Buy_Animal_Feed--24384231.html,2026-08-28T08:11:26+00:00,UNVERIFIED_MARKETPLACE_POST,False,False,False,REJECT_PRODUCT_MISMATCH,品类只出现在噪声或排除语境,,
7056f6d3a347abf0e571ea39658b7231,ec21,DIRECT_RFQ,TEA,Buy Tea Bag Tagging Machine ST-M80,"Hello, Please let me have a quotation for 1 machine. We have a factory in the UAE and are looking to apply locally produced tags tot nylon mesh tea bags. Product will be like Fuso Many thanks",,,GB,United Kingdom,,2014-06-18,,https://importer.ec21.com/buy-lead/Buy_strong_Tea_strong_Bag--23600350.html,2026-08-28T08:12:18+00:00,UNVERIFIED_MARKETPLACE_POST,True,False,False,REJECT_SELLER_OR_UNCLEAR,未检测到明确采购意图或含卖方表达,,
57504c24971666818a181569e8260cc9,ec21,DIRECT_RFQ,TEA,We Buy Nylon Mesh for Pyramid Tea Bag,Hello I am looking to purchase several rolls of tea bag material with shipping to London. I am looking for suppliers. TBF (A)-N 140mm tea bag material Steve London,,,GB,United Kingdom,,2017-10-10,,https://importer.ec21.com/buy-lead/We_Buy_Nylon_Mesh_for--24139405.html,2026-08-28T08:12:18+00:00,UNVERIFIED_MARKETPLACE_POST,True,False,False,WATCHLIST_STALE,发布日期超过365天,,
8edc692113883cdebadb8629ddd1046a,ec21,DIRECT_RFQ,TEA,We Buy Borosilicate Glass French Press Coffee & Tea Maker,Hi Please can you quote me on your best CIF price and delivery for 1000 units I have a client looking for delivery within 6 weeks,,,GB,United Kingdom,,2017-08-03,,https://importer.ec21.com/buy-lead/We_Buy_Borosilicate_Glass_French--24124036.html,2026-08-28T08:12:18+00:00,UNVERIFIED_MARKETPLACE_POST,True,False,False,WATCHLIST_STALE,发布日期超过365天,,
285da429836cc5f3cc01cf36f41050b4,ec21,DIRECT_RFQ,TEA,Buy Dried Herbs,We are UK based business selling herbal tea looking for a supplier for dried herbs. Looking for supplier within the EU.,,,GB,United Kingdom,,2016-04-30,,https://importer.ec21.com/buy-lead/Buy_Dried_Herbs--23968221.html,2026-08-28T08:12:18+00:00,UNVERIFIED_MARKETPLACE_POST,True,False,False,WATCHLIST_STALE,发布日期超过365天,,
1f5031188361f1871d577d8704084440,ec21,DIRECT_RFQ,TEA,Buy Korean Cosmetics,"tea , daary mask lotus, daary mask edelweiss, witch hazel toner, tea tree toner, milk toner, argan angel moisture s tea m cream, argan angel moisture s tea m cream, fresh coenzyme q10 mask sheet, lkg ludifull in the secret corium care blemish, CharmIng korea the chourte bf monsture cover cream 21.23, argan angel moisture s tea m cream, kiss twinkle gel pencilliner, fresh snailmask sheet, placenta mask s",,,GB,United Kingdom,,2015-08-22,,https://importer.ec21.com/buy-lead/Buy_Korean_Cosmetics--23855768.html,2026-08-28T08:12:18+00:00,UNVERIFIED_MARKETPLACE_POST,True,False,False,REJECT_SELLER_OR_UNCLEAR,未检测到明确采购意图或含卖方表达,,
ec2257b326af999b5a10b98e2735d738,ec21,DIRECT_RFQ,CHILI,We Buy Fried Chicken Powder And Sauces,Seasoning (Marinade) Hot Chicken Seasoning (Marinade) Oven Chicken Seasoning (Marinade) Stir-rice Cake Seasoning(Tteokbokki) Rose Stir-rice Cake Seasoning Cheese Flavored Seasoning Chicken Sauce (Yangnyeom) Garlic Soy sauce Hot Chicken sauce (Spicy) Hot Chicken sauce (Buldak) Premium Sweet Chili Sauce Rose Stir-fried Chicken sauce Charcoal Seasoning sauce Bulgogi BBQ sauce QTY: 1 cont 20F,,,NO,Norway,,2024-03-25,,https://importer.ec21.com/buy-lead/We_Buy_Fried_Chicken_Powder--24425172.html,2026-08-28T08:12:36+00:00,UNVERIFIED_MARKETPLACE_POST,False,False,False,REJECT_PRODUCT_MISMATCH,品类只出现在噪声或排除语境,,
452453-2024,ted_eu,OFFICIAL_PROCUREMENT,CHILI,France – Meat preserves and preparations – Fourniture de plats cuisinés appertisés HALAL en conserves individuelles 300g.,Poste 1 : BARQ LASAGNES PUR BŒUF HALAL 300G ; Poste 2 : BARQ BOULETTES KEBAB HALAL 300G ; Poste 3 : BARQ CHILI CON CARNE HALAL 300G.,MINARM/SCA/PFC-RBT,,FR,FRA,,2024-07-26,2024-09-24,https://ted.europa.eu/en/notice/-/detail/452453-2024,2026-08-28T08:02:43+00:00,OFFICIAL_PUBLISHED_NOTICE,False,False,True,REJECTED_OR_STALE,"official notice; no future deadline means supporting evidence, not an open opportunity",,
386705-2025,ted_eu,OFFICIAL_PROCUREMENT,CHILI,France – Canned goods and field rations – Fourniture de plats cuisinés appertisés en barquettes 300g,FOURNITURE DE PLATS CUISINES APPERTISES EN BARQUETTES DE 300G- THON LAIT DE COCO RIZ PARFUME | THON PIPERADE | COUSCOUS POULET | SAUMON RIZ LEGUMES | TABOULE VOLAILLE | CREVETTES POULET A L'ASIATIQUE | TORTELLINI PUR BOEUF | SALADE THON GINGEMBRE SESAME | SALADE ORIENTALE | BOULETTES KEBAB | LASAGNES PUR BOEUF | CHILI CON CARNE | SALADE DE PATES AU POULET | THON EN SALADE | GRATIN DE MACARONIS AU BOEUF | PETIT SALE LENTILLES DU PUY | ROUGAIL DE SAUCISSES | CASSOULET SUPERIEUR AU CANARD | PORC CREOLE RIZ ANANAS | SAUTE DE PORC AU CURRY | JOUE DE PORC AUX RAVIOLES | RISOTTO DE PORC CHAMPIGNONS | PATES A LA CARBONARA | PAELLA | POTEE PAYSANNE | SAUCISSON PISTACHE | SALADE DE GESIER QUINOA ROUGE | PARMENTIER DE CANARD | SAUCISSE DE STRASBOURG PATES | LASAGNES VEGETARIENNES | QUENELLES SAUCE AURORE | GALETTES VEGETARIENNES | SALADE DE FRUITS SECS | CHILI SIN CARNE,MINARM/SCA/PFC-RBT,,FR,FRA,,2025-06-16,,https://ted.europa.eu/en/notice/-/detail/386705-2025,2026-08-28T08:02:43+00:00,OFFICIAL_PUBLISHED_NOTICE,False,False,True,REJECTED_OR_STALE,"official notice; no future deadline means supporting evidence, not an open opportunity",,
555192-2025,ted_eu,OFFICIAL_PROCUREMENT,CHILI,"Poland – Vegetable oils – Dostawa olejów, sosów zup i przypraw przetworzonych, kawy, miodu, soków i dań instant w roku 2026 (magazyny w Grudziądzu, Grupie, Chełmnie i Brodnicy)","Przedmiotem jest sukcesywna realizacja dostaw olejów i tłuszczy roślinnych do jednostek wojskowych w roku 2026 zgodnie ze wskazanymi przez Zamawiającego normami oraz asortymentem, ilościami i wymaganiami oraz zgodnie z warunkami określonymi przez Zamawiającego. Miejsce realizacji: jednostki wojskowe w Grudziądzu, Grupie (gm. Dragacz), Chełmnie i Brodnicy (Polska, woj. kujawsko-pomorskie). Zakres podstawowy: dostawa olejów i tłuszczy roślinnych w roku 2026 (magazyny w Grudziądzu, Grupie, Chełmnie i Brodnicy) olej rzepakowy 3 000,00 l, oliwa z oliwek 5,00 l, margaryna jednoporcjowa 1,00 kg, margaryna 1 000,00 kg | Przedmiotem jest sukcesywna realizacja dostaw sosów, zup, przypraw przetworzonych do jednostek wojskowych w roku 2026 zgodnie ze wskazanymi przez Zamawiającego normami oraz asortymentem, ilościami i wymaganiami oraz zgodnie z warunkami określonymi przez Zamawiającego. Miejsce realizacji: jednostki wojskowe w Grudziądzu, Grupie (gm. Dragacz), Chełmnie i Brodnicy (Polska, woj. kujawsko-pomorskie). Zakres (zamówienie podstawowe): dostawa sosów, zup, przypraw przetworzonych w roku 2026 (magazyny w Grudziądzu, Grupie, Chełmnie i Brodnicy) sos sojowy jasny 10,00 l, sos barbecue 10,00 l, sos słodko-kwaśny 10,00 l, barszcz czerwony – instant 5,00 kg, barszcz czerwony koncentrat w płynie 5,00 kg, żurek na zakwasie koncentrat 200,00 kg, rosół wołowy 1,00 kg, majonez jednoporcjowy 200,00 kg, majonez 1 000,00 kg, musztarda jednoporcjowa 1 000,00 kg, musztarda 300,00 kg, ketchup jednoporcjowy 1 000,00 kg, ketchup 200,00 kg, przyprawa do zup w płynie 300,00 l, przyprawa do mięsa 100,00 kg, przyprawa uniwersalna 100,00 kg, przyprawa gyros 5,00 kg, przyprawa garam masala 5,00 kg, przyprawa do kurczaka 30,00 kg, ocet 1 000,00 l, ocet balsamiczny 10,00 l, koncentrat pomidorowy 1 000,00 kg, kwasek cytrynowy spożywczy 10,00 kg, żelatyna spożywcza 5,00 kg, drożdże suszone 2,00 kg, liść laurowy 10,00 kg, majeranek 40,00 kg, tymianek 5,00 kg, kminek cały 5,00 kg, ziele angielskie 20,00 kg, borowik suszony 30,00 kg, podgrzybek suszony 1,00 kg, rozmaryn 5,00 kg, czosnek 10,00 kg, papryka chili 5,00 kg, papryka słodka 5,00 kg, papryka słodka wędzona 5,00 kg, bazylia 5,00 kg, oregano 5,00 kg, przyprawa curry 10,00 kg, kurkuma 5,00 kg, kolendra 5,00 kg, cynamon 5,00 kg, zioła prowansalskie 10,00 kg, pieprz czarny mielony 10,00 kg, pieprz cytrynowy 5,00 kg, imbir mielony 5,00 kg, estragon 3,00 kg, lubczyk 5,00 kg, goździki 3,00 kg, gałka muszkatołowa 3,00 kg | Przedmiotem jest sukcesywna realizacja dostaw kawy i herbaty do jednostek wojskowych w roku 2026 zgodnie ze wskazanymi przez Zamawiającego normami oraz asortymentem, ilościami i wymaganiami oraz zgodnie z warunkami określonymi przez Zamawiającego. Miejsce realizacji: jednostki wojskowe w Grudziądzu, Grupie (gm. Dragacz), Chełmnie i Brodnicy (Polska, woj. kujawsko-pomorskie). Zakres (zamówienie podstawowe): dostawa kawy i herbaty w roku 2026 (magazyny w Grudziądzu, Grupie, Chełmnie i Brodnicy) kawa naturalna mielona 1,00 kg, kawa rozpuszczalna 50,00 kg, herbata czarna liściasta 1,00 kg, herbata czarna w torebkach (ekspresowa) 700,00 kg, herbata witaminizowana smaki: cytrynowy, malinowym, wieloowocowym 500,00 kg | Przedmiotem jest sukcesywna realizacja dostaw miodu do jednostek wojskowych w roku 2026 zgodnie ze wskazanymi przez Zamawiającego normami oraz asortymentem, ilościami i wymaganiami oraz zgodnie z warunkami określonymi przez Zamawiającego. Miejsce realizacji: jednostki wojskowe w Grudziądzu, Grupie (gm. Dragacz), Chełmnie i Brodnicy (Polska, woj. kujawsko-pomorskie). Zakres (zamówienie podstawowe): dostawa miodu w roku 2026 (magazyny w Grudziądzu, Grupie, Chełmnie i Brodnicy): miód nektarowy wielokwiatowy 20,00 kg miód nektarowy wielokwiatowy jednoporcjowy 80,00 kg | Przedmiotem jest sukcesywna realizacja dostaw soków do jednostek wojskowych w roku 2026 zgodnie ze wskazanymi przez Zamawiającego normami oraz asortymentem, ilościami i wymaganiami oraz zgodnie z warunkami określonymi przez Zamawiającego. Miejsce realizacji: jednostki wojskowe w Grudziądzu, Grupie (gm. Dragacz), Chełmnie i Brodnicy (Polska, woj. kujawsko-pomorskie). Zakres (zamówienie podstawowe): dostawa soków w roku 2026 (magazyny w Grudziądzu, Grupie, Chełmnie i Brodnicy) sok jabłkowy 0,2l - 2 000,00 l, sok jabłkowy 1l - 1 000,00 l, sok pomarańczowy 0,2l - 2 000,00 l, sok pomarańczowy 1l - 1 000,00 l, sok z czarnej porzeczki tłoczony 1l -1,00 l, sok wieloowocowy (multiwitamina) 0,2l - 2 000,00 l, sok wieloowocowy (multiwitamina) 1l - 1 000,00 l, sok pomidorowy 0,3l i 0,33l - 5,00 l, nektar z czarnej porzeczki 0,3l i 0,33l - 1 000,00 l, nektar z czarnej porzeczki 1l 1 000,00 l | Przedmiotem jest sukcesywna realizacja dostaw dań instant do jednostek wojskowych w roku 2026 zgodnie ze wskazanymi przez Zamawiającego normami oraz asortymentem, ilościami i wymaganiami oraz zgodnie z warunkami określonymi przez Zamawiającego. Miejsce realizacji: jednostki wojskowe w Grudziądzu, Grupie (gm. Dragacz), Chełmnie i Brodnicy (Polska, woj. kujawsko-pomorskie). Zakres (zamówienie podstawowe): dostawa dań instant w roku 2026 (magazyny w Grudziądzu, Grupie, Chełmnie i Brodnicy): zupa instant - zupa grochowa z grzankami 20,00 kg, zupa instant - zupa pieczarkowa z grzankami 20,00 kg, zupa instant - żurek z grzankami 20,00 kg",Skarb Państwa - 13 Wojskowy Oddział Gospodarczy (13 WOG),,PL,POL,,2025-08-26,,https://ted.europa.eu/en/notice/-/detail/555192-2025,2026-08-28T08:02:43+00:00,OFFICIAL_PUBLISHED_NOTICE,False,False,True,REJECTED_OR_STALE,"official notice; no future deadline means supporting evidence, not an open opportunity",,
590184-2025,ted_eu,OFFICIAL_PROCUREMENT,CHILI,"Poland – Tomato purée – Dostawa olejów, sosów, zup i przypraw przetworzonych, kawy i herbaty, miodu, soków i dań instant w roku 2026 (magazyny w Grudziądzu, Grupie, Chełmnie i Brodnicy) - sprawa nr 74/2025","►Przedmiotem zamówienia jest dostawa olejów w roku 2026 (magazyny w Grudziądzu, Grupie, Chełmnie i Brodnicy), zgodnie z wymaganiami określonymi dokumentacją zamówienia oraz na warunkach określonych przez Zamawiającego. ►Zakres przedmiotu zamówienia - zakres podstawowy: Olej rzepakowy 3 000 l; Oliwa z oliwek 5 l; Margaryna jednoporcjowa 1 kg, Margaryna 1 000 kg. | ►Przedmiotem zamówienia jest dostawa sosów, zup, przypraw przetworzonych w roku 2026 (magazyny w Grudziądzu, Grupie, Chełmnie i Brodnicy), zgodnie z wymaganiami określonymi dokumentacją zamówienia oraz na warunkach określonych przez Zamawiającego. ►Zakres przedmiotu zamówienia - zakres podstawowy: Sos sojowy jasny 10 l; Sos barbecue 10 l; Sos słodko-kwaśny 10 l; Barszcz czerwony – instant 5 kg; Barszcz czerwony koncentrat w płynie 5 kg; Żurek na zakwasie koncentrat 200 k; Rosół wołowy 1 kg; Majonez jednoporcjowy 200 kg; Majonez 1000 kg; Musztarda jednoporcjowa 1000 kg; Musztarda 300 kg; Ketchup jednoporcjowy 1000 kg; Ketchup 200 kg ; Przyprawa do zup w płynie 300 l; Przyprawa do mięsa 100 kg; Przyprawa uniwersalna 100 kg; Przyprawa gyros 5 kg; Przyprawa Garam Masala 5 kg; Przyprawa do kurczaka 30 kg; Ocet 1000 l; Ocet balsamiczny 10 l; Koncentrat pomidorowy 1000 kg; Kwasek cytrynowy spożywczy 10 kg; Żelatyna spożywcza 5 kg; Drożdże suszone 2 kg; Liść laurowy 10 k; Majeranek 40 kg; Tymianek 5 kg; Kminek cały 5 kg; Ziele angielskie 20 kg; Borowik suszony 30 kg; Podgrzybek suszony 1 kg; Rozmaryn 5 kg; Czosnek 10 kg; Papryka chili 5 kg; Papryka słodka 5 kg; Papryka słodka wędzona 5 kg; Bazylia 5 kg; Oregano 5 kg; Przyprawa curry 10 kg; Kurkuma 5 kg; Kolendra 5 kg; Cynamon 5 kg; Zioła prowansalskie 10 kg; Pieprz czarny mielony 10 kg; Pieprz cytrynowy 5 kg; Imbir mielony 5 kg; Estragon 3 kg; Lubczyk 5 kg; Goździki 3 kg; Gałka muszkatołowa 3 kg. . | ►Przedmiotem zamówienia jest dostawa kawy i herbaty w roku 2026 (magazyny w Grudziądzu, Grupie, Chełmnie i Brodnicy), zgodnie z wymaganiami określonymi dokumentacją zamówienia oraz na warunkach określonych przez Zamawiającego. ►Zakres przedmiotu zamówienia - zakres podstawowy: Kawa naturalna mielona 1 kg; Kawa rozpuszczalna 50 kg; Herbata czarna liściasta 1 kg; Herbata czarna w torebkach (ekspresowa) 700 kg; Herbata witaminizowana smaki: cytrynowy, malinowym, wieloowocowym 500 kg. | ►Przedmiotem zamówienia jest dostawa miodu w roku 2026 (magazyny w Grudziądzu, Grupie, Chełmnie i Brodnicy), zgodnie z wymaganiami określonymi dokumentacją zamówienia oraz na warunkach określonych przez Zamawiającego. ►Zakres przedmiotu zamówienia - zakres podstawowy: Miód nektarowy wielokwiatowy 20 kg; Miód nektarowy wielokwiatowy jednoporcjowy 80 kg. | ►Przedmiotem zamówienia jest dostawa soków w roku 2026 (magazyny w Grudziądzu, Grupie, Chełmnie i Brodnicy), zgodnie z wymaganiami określonymi dokumentacją zamówienia oraz na warunkach określonych przez Zamawiającego. ►Zakres przedmiotu zamówienia - zakres podstawowy: Sok jabłkowy 2 000 l; Sok jabłkowy 1000 l; Sok pomarańczowy 2 000 l; Sok pomarańczowy 1 000 l; Sok z czarnej porzeczki tłoczony 1 l; Sok wieloowocowy (multiwitamina) 2 000 l; Sok wieloowocowy (multiwitamina) 1 000 l; Sok pomidorowy 5 l; Nektar z czarnej porzeczki 1 000 l; Nektar z czarnej porzeczki 1 000 l. | ►Przedmiotem zamówienia jest dostawa dań instant w roku 2026 (magazyny w Grudziądzu, Grupie, Chełmnie i Brodnicy), zgodnie z wymaganiami określonymi dokumentacją zamówienia oraz na warunkach określonych przez Zamawiającego. ►Zakres przedmiotu zamówienia - zakres podstawowy: Zupa instant - zupa grochowa z grzankami 20 kg; Zupa instant - zupa pieczarkowa z grzankami 20 kg; Zupa instant - żurek z grzankami 20 kg.",Skarb Państwa - 13 Wojskowy Oddział Gospodarczy (13 WOG),,PL,POL,,2025-09-10,2025-10-27,https://ted.europa.eu/en/notice/-/detail/590184-2025,2026-08-28T08:02:43+00:00,OFFICIAL_PUBLISHED_NOTICE,False,False,True,REJECTED_OR_STALE,"official notice; no future deadline means supporting evidence, not an open opportunity",,
627389-2025,ted_eu,OFFICIAL_PROCUREMENT,CHILI,"Poland – Sauces, mixed condiments and mixed seasonings – Sukcesywne dostawy sosów, mieszanek przypraw i mieszanek przypraw korzennych w 2026r. – wraz z rozładunkiem w magazynach 32 Wojskowego Oddziału Gospodarczego zlokalizowanych w kompleksach wojskowych znajdujących się w rejonie działania 32 Wojskowego Oddziału Gospodarczego w Zamościu: Zamość, Lublin, Chełm, Hrubieszów w zakresie 4 części.","CZĘŚĆ NR 1: sukcesywne dostawy sosów, mieszanek przypraw i mieszanek przypraw korzennych w 2026r do ul. Wojska Polskiego 2F, 22-400 Zamość: sos grzybowy, sos do sałatek, sos boloński, sos sojowy jasny, sos czosnkowy, sos jogurtowo-czosnkowy, sos 1000 wysp, sos chili, sos meksykański, sos barbecue, sos słodko-kwaśny, sos balsamiczny, pasta curry, barszcz czerwony – instant, żurek na zakwasie koncentrat, żurek - instant, bulion drobiowy, rosół wołowy, majonez jednoporcjowy, majonez, musztarda jednoporcjowa, musztarda, musztarda francuska, musztarda miodowa, ketchup jednoporcjowy, ketchup, przyprawa do zup w płynie, przyprawa do mięsa, przyprawa uniwersalna, przyprawa gyros, przyprawa do flaków, przyprawa Garam Masala, przyprawa do kurczaka, ocet, ocet jabłkowy, ocet balsamiczny, ocet winny czerwony, koncentrat pomidorowy, kwasek cytrynowy spożywczy, żelatyna spożywcza, liść laurowy, majeranek, tymianek, kminek cały, ziele angielskie, borowik suszony, podgrzybek suszony, rozmaryn, czosnek, papryka chilli, papryka słodka, papryka słodka wędzona, bazylia, oregano, przyprawa curry, kurkuma, kmin rzymski mielony, koperek suszony, natka pietruszki suszona, włoszczyzna suszona, kolendra, cynamon, zioła prowansalskie, pieprz czarny mielony porcjowany, pieprz czarny mielony, pieprz cytrynowy, pieprz ziołowy, imbir mielony, estragon, lubczyk, jałowiec, goździki, gałka muszkatołowa, sól spożywcza jodowana, miód nektarowy wielokwiatowy. SZCZEGÓŁOWY OPIS PRZEDMIOTU ZAMÓWIENIA Szczegółowy opis przedmiotu zamówienia w zakresie części nr 1, części nr 2, części nr 3, części nr 4, określają: 1) Szczegółowy opis przedmiotu zamówienia w zakresie części nr 1 – stanowiący Załącznik nr 1a do SWZ; 2) Szczegółowy opis przedmiotu zamówienia w zakresie części nr 2 – stanowiący Załącznik nr 1b do SWZ; 3) Szczegółowy opis przedmiotu zamówienia w zakresie części nr 3 – stanowiący Załącznik nr 1c do SWZ; 4) Szczegółowy opis przedmiotu zamówienia w zakresie części nr 4 – stanowiący Załącznik nr 1d do SWZ; UWAGA! Zamawiający przedstawi jako załącznik szczegółowe opisy przedmiotu zamówienia w odniesieniu do części nr 1,2,3,4 spakowane w jednym pliku w formacie ZIP, plik ten w formacie ZIP zostanie zamieszczony na platformie zakupowej w zakładce „załączniki do postępowania” jako załącznik nr 1 do SWZ; 5) Wykaz asortymentowo-ilościowy do poszczególnych miejsc dostaw w zakresie części nr 1 – stanowiący Załącznik nr 2a do SWZ; 6) Wykaz asortymentowo-ilościowy do poszczególnych miejsc dostaw w zakresie części nr 2 – stanowiący Załącznik nr 2b do SWZ; 7) Wykaz asortymentowo-ilościowy do poszczególnych miejsc dostaw w zakresie części nr 3 – stanowiący Załącznik nr 2c do SWZ; 8) Wykaz asortymentowo-ilościowy do poszczególnych miejsc dostaw w zakresie części nr 4 – stanowiący Załącznik nr 2d do SWZ; UWAGA! Zamawiający przedstawi jako załącznik Wykazy asortymentowo-ilościowe do poszczególnych miejsc dostaw odpowiednio dla części nr 1,2,3,4, spakowane w jednym pliku w formacie ZIP plik ten w formacie ZIP zostanie zamieszczony na platformie zakupowej w zakładce „załączniki do postępowania” jako Załącznik nr 2 do SWZ. | CZĘŚĆ NR 2 - sukcesywne dostawy sosów, mieszanek przypraw i mieszanek przypraw korzennych w 2026r do ul. Zbigniewa Herberta 49, 20-468 Lublin; sos grzybowy, sos do sałatek, sos boloński, sos sojowy jasny, sos czosnkowy, sos jogurtowo-czosnkowy, sos 1000 wysp, sos balsamiczny, barszcz czerwony – instant, barszcz czerwony koncentrat w płynie, żurek na zakwasie koncentrat, żurek - instant, bulion drobiowy, bulion drobiowy – kostka, rosół wołowy, majonez jednoporcjowy, majonez, musztarda jednoporcjowa, musztarda, ketchup jednoporcjowy, ketchup, przyprawa do zup w płynie, przyprawa do mięsa, przyprawa uniwersalna, przyprawa gyros, przyprawa do flaków, przyprawa do kurczaka, ocet, ocet jabłkowy, ocet balsamiczny, koncentrat pomidorowy, kwasek cytrynowy spożywczy, żelatyna spożywcza, liść laurowy, majeranek, tymianek, kminek cały, ziele angielskie, borowik suszony, podgrzybek suszony, rozmaryn, czosnek, papryka chilli, papryka słodka, papryka słodka wędzona, bazylia, oregano, przyprawa curry, kurkuma, kmin rzymski mielony, koperek suszony, natka pietruszki suszona, włoszczyzna suszona, cynamon, zioła prowansalskie, pieprz czarny mielony, pieprz cytrynowy, pieprz ziołowy, imbir mielony, estragon, lubczyk, goździki, gałka muszkatołowa, sól spożywcza jodowana, miód nektarowy wielokwiatowy. SZCZEGÓŁOWY OPIS PRZEDMIOTU ZAMÓWIENIA Szczegółowy opis przedmiotu zamówienia w zakresie części nr 1, części nr 2, części nr 3, części nr 4, określają: 1) Szczegółowy opis przedmiotu zamówienia w zakresie części nr 1 – stanowiący Załącznik nr 1a do SWZ; 2) Szczegółowy opis przedmiotu zamówienia w zakresie części nr 2 – stanowiący Załącznik nr 1b do SWZ; 3) Szczegółowy opis przedmiotu zamówienia w zakresie części nr 3 – stanowiący Załącznik nr 1c do SWZ; 4) Szczegółowy opis przedmiotu zamówienia w zakresie części nr 4 – stanowiący Załącznik nr 1d do SWZ; UWAGA! Zamawiający przedstawi jako załącznik szczegółowe opisy przedmiotu zamówienia w odniesieniu do części nr 1,2,3,4 spakowane w jednym pliku w formacie ZIP, plik ten w formacie ZIP zostanie zamieszczony na platformie zakupowej w zakładce „załączniki do postępowania” jako załącznik nr 1 do SWZ; 5) Wykaz asortymentowo-ilościowy do poszczególnych miejsc dostaw w zakresie części nr 1 – stanowiący Załącznik nr 2a do SWZ; 6) Wykaz asortymentowo-ilościowy do poszczególnych miejsc dostaw w zakresie części nr 2 – stanowiący Załącznik nr 2b do SWZ; 7) Wykaz asortymentowo-ilościowy do poszczególnych miejsc dostaw w zakresie części nr 3 – stanowiący Załącznik nr 2c do SWZ; 8) Wykaz asortymentowo-ilościowy do poszczególnych miejsc dostaw w zakresie części nr 4 – stanowiący Załącznik nr 2d do SWZ; UWAGA! Zamawiający przedstawi jako załącznik Wykazy asortymentowo-ilościowe do poszczególnych miejsc dostaw odpowiednio dla części nr 1,2,3,4, spakowane w jednym pliku w formacie ZIP plik ten w formacie ZIP zostanie zamieszczony na platformie zakupowej w zakładce „załączniki do postępowania” jako Załącznik nr 2 do SWZ do SWZ. | CZĘŚĆ nr 3 sukcesywne dostawy sosów, mieszanek przypraw i mieszanek przypraw korzennych w 2026r do ul. Lubelska 139, 22-100 Chełm: sos grzybowy, sos do sałatek, sos boloński, sos sojowy jasny, sos czosnkowy, sos jogurtowo-czosnkowy, sos 1000 wysp, sos chili, sos meksykański, sos barbecue, sos słodko-kwaśny, sos balsamiczny, pasta curry, barszcz czerwony – instant, barszcz czerwony koncentrat w płynie, żurek na zakwasie koncentrat, żurek - instant, bulion drobiowy, bulion drobiowy – kostka, rosół wołowy, majonez jednoporcjowy, majonez, musztarda jednoporcjowa, musztarda, musztarda francuska, musztarda miodowa, ketchup jednoporcjowy, ketchup, przyprawa do zup w płynie, przyprawa do mięsa, przyprawa uniwersalna, przyprawa gyros, przyprawa do flaków, przyprawa Garam Masala, przyprawa do kurczaka, ocet, ocet jabłkowy, ocet balsamiczny, ocet winny biały, ocet winny czerwony, koncentrat pomidorowy, kwasek cytrynowy spożywczy, żelatyna spożywcza, drożdże suszone, liść laurowy, majeranek, tymianek, kminek cały, ziele angielskie, borowik suszony, podgrzybek suszony, rozmaryn, czosnek, papryka chilli, papryka słodka, papryka słodka wędzona, bazylia, oregano, przyprawa curry, kurkuma, kmin rzymski mielony, koperek suszony, natka pietruszki suszona, włoszczyzna suszona, kolendra, cynamon, zioła prowansalskie, pieprz czarny mielony porcjowany, pieprz czarny mielony, pieprz cytrynowy, pieprz ziołowy, imbir mielony, estragon, lubczyk, jałowiec, goździki, gałka muszkatołowa, sól spożywcza porcjowana, sól spożywcza jodowana, miód nektarowy wielokwiatowy. SZCZEGÓŁOWY OPIS PRZEDMIOTU ZAMÓWIENIA Szczegółowy opis przedmiotu zamówienia w zakresie części nr 1, części nr 2, części nr 3, części nr 4, określają: 1) Szczegółowy opis przedmiotu zamówienia w zakresie części nr 1 – stanowiący Załącznik nr 1a do SWZ; 2) Szczegółowy opis przedmiotu zamówienia w zakresie części nr 2 – stanowiący Załącznik nr 1b do SWZ; 3) Szczegółowy opis przedmiotu zamówienia w zakresie części nr 3 – stanowiący Załącznik nr 1c do SWZ; 4) Szczegółowy opis przedmiotu zamówienia w zakresie części nr 4 – stanowiący Załącznik nr 1d do SWZ; UWAGA! Zamawiający przedstawi jako załącznik szczegółowe opisy przedmiotu zamówienia w odniesieniu do części nr 1,2,3,4 spakowane w jednym pliku w formacie ZIP, plik ten w formacie ZIP zostanie zamieszczony na platformie zakupowej w zakładce „załączniki do postępowania” jako załącznik nr 1 do SWZ; 5) Wykaz asortymentowo-ilościowy do poszczególnych miejsc dostaw w zakresie części nr 1 – stanowiący Załącznik nr 2a do SWZ; 6) Wykaz asortymentowo-ilościowy do poszczególnych miejsc dostaw w zakresie części nr 2 – stanowiący Załącznik nr 2b do SWZ; 7) Wykaz asortymentowo-ilościowy do poszczególnych miejsc dostaw w zakresie części nr 3 – stanowiący Załącznik nr 2c do SWZ; 8) Wykaz asortymentowo-ilościowy do poszczególnych miejsc dostaw w zakresie części nr 4 – stanowiący Załącznik nr 2d do SWZ; UWAGA! Zamawiający przedstawi jako załącznik Wykazy asortymentowo-ilościowe do poszczególnych miejsc dostaw odpowiednio dla części nr 1,2,3,4, spakowane w jednym pliku w formacie ZIP plik ten w formacie ZIP zostanie zamieszczony na platformie zakupowej w zakładce „załączniki do postępowania” jako Załącznik nr 2 do SWZ do SWZ. | CZĘŚĆ NR 4: sukcesywne dostawy sosów, mieszanek przypraw i mieszanek przypraw korzennych w 2026r do ul. Dwernickiego 4, 22-500 Hrubieszów: sos grzybowy, sos do sałatek, sos boloński, sos sojowy jasny, sos czosnkowy, sos jogurtowo-czosnkowy, sos 1000 wysp, sos chili, sos meksykański, sos barbecue, sos słodko-kwaśny, sos balsamiczny, pasta curry, barszcz czerwony – instant, barszcz czerwony koncentrat w płynie, żurek na zakwasie koncentrat, żurek - instant, bulion drobiowy, rosół wołowy, majonez jednoporcjowy, majonez, musztarda jednoporcjowa, musztarda, musztarda francuska, musztarda miodowa, ketchup jednoporcjowy, ketchup, przyprawa do zup w płynie, przyprawa do mięsa, przyprawa uniwersalna, przyprawa gyros, przyprawa do flaków, przyprawa Garam Masala, przyprawa do kurczaka, ocet, ocet jabłkowy, ocet balsamiczny, ocet winny biały, ocet winny czerwony, koncentrat pomidorowy, kwasek cytrynowy spożywczy, liść laurowy, majeranek, ziele angielskie, borowik suszony, podgrzybek suszony, rozmaryn, czosnek, papryka chilli, papryka słodka, papryka słodka wędzona, bazylia, oregano, przyprawa curry, kurkuma, zioła prowansalskie, pieprz czarny mielony, pieprz cytrynowy, pieprz ziołowy, lubczyk, sól spożywcza jodowana, miód nektarowy wielokwiatowy. SZCZEGÓŁOWY OPIS PRZEDMIOTU ZAMÓWIENIA Szczegółowy opis przedmiotu zamówienia w zakresie części nr 1, części nr 2, części nr 3, części nr 4, określają: 1) Szczegółowy opis przedmiotu zamówienia w zakresie części nr 1 – stanowiący Załącznik nr 1a do SWZ; 2) Szczegółowy opis przedmiotu zamówienia w zakresie części nr 2 – stanowiący Załącznik nr 1b do SWZ; 3) Szczegółowy opis przedmiotu zamówienia w zakresie części nr 3 – stanowiący Załącznik nr 1c do SWZ; 4) Szczegółowy opis przedmiotu zamówienia w zakresie części nr 4 – stanowiący Załącznik nr 1d do SWZ; UWAGA! Zamawiający przedstawi jako załącznik szczegółowe opisy przedmiotu zamówienia w odniesieniu do części nr 1,2,3,4 spakowane w jednym pliku w formacie ZIP, plik ten w formacie ZIP zostanie zamieszczony na platformie zakupowej w zakładce „załączniki do postępowania” jako załącznik nr 1 do SWZ; 5) Wykaz asortymentowo-ilościowy do poszczególnych miejsc dostaw w zakresie części nr 1 – stanowiący Załącznik nr 2a do SWZ; 6) Wykaz asortymentowo-ilościowy do poszczególnych miejsc dostaw w zakresie części nr 2 – stanowiący Załącznik nr 2b do SWZ; 7) Wykaz asortymentowo-ilościowy do poszczególnych miejsc dostaw w zakresie części nr 3 – stanowiący Załącznik nr 2c do SWZ; 8) Wykaz asortymentowo-ilościowy do poszczególnych miejsc dostaw w zakresie części nr 4 – stanowiący Załącznik nr 2d do SWZ; UWAGA! Zamawiający przedstawi jako załącznik Wykazy asortymentowo-ilościowe do poszczególnych miejsc dostaw odpowiednio dla części nr 1,2,3,4, spakowane w jednym pliku w formacie ZIP plik ten w formacie ZIP zostanie zamieszczony na platformie zakupowej w zakładce „załączniki do postępowania” jako Załącznik nr 2 do SWZ do SWZ.",32 Wojskowy Oddział Gospodarczy w Zamościu,,PL,POL,,2025-09-25,2025-10-28,https://ted.europa.eu/en/notice/-/detail/627389-2025,2026-08-28T08:02:43+00:00,OFFICIAL_PUBLISHED_NOTICE,False,False,True,REJECTED_OR_STALE,"official notice; no future deadline means supporting evidence, not an open opportunity",,
241678-2026,ted_eu,OFFICIAL_PROCUREMENT,CHILI,"Belgium – Fruit, vegetables and related products – Aankoop op afroep van vegetarische componenten","Vegetarische snacks, zonder vleesvervanger, diepvries - Groenteloempia - Kaaskroket - Quiche tomaat-mozzarella - Kaasburger met bloemkool | Vegetarische of veganistische gevulde groente, al dan niet met vleesvervanger, diepvries - Gevulde rode paprika | Vegetarische of veganistische pasta, zonder vleesvervanger, diepvries - Tortellini 4 kazen | Vegetarische of veganistische ovenschotels met zetmeel, al dan niet met vleesvervanger, koelvers - Hachis Parmentier - Moussaka met zoete aardappel - Groentelasagne - Lasagne met spinazie | Vegetarische of veganistische bereidingen zonder zetmeel, al dan niet met vleesvervanger, koelvers - Chili sin carne - Balletjes in tomatensaus - Zweedse balletjes in tomatensaus | Sausen vegetarisch of veganistisch voor diverse gerechten, koelvers - Veganistische bolognaisesaus - Currysaus - Provençaalse saus - Archiducsaus - Hollandse saus - Béarnaisesaus - Béchamelsaus | Sausen vegetarisch of veganistisch voor pastagerechten, diepvries of kamertemperatuur - Mascarpone Rosso saus - Prima Vera saus",Universiteit Gent,,BE,BEL,,2026-04-09,2026-04-23,https://ted.europa.eu/en/notice/-/detail/241678-2026,2026-08-28T08:02:43+00:00,OFFICIAL_PUBLISHED_NOTICE,False,False,True,REJECTED_OR_STALE,"official notice; no future deadline means supporting evidence, not an open opportunity",,
244566-2026,ted_eu,OFFICIAL_PROCUREMENT,CHILI,Belgium – Meat – Aankoop op afroep van vleescomponenten,"Bewerkte burger, diepvries - Varkenskaasburger - Kalkoenschnitzel - Kalkoen cordon bleu - Kipschnitzel Italiano | Bereidingen met varkensvlees, koelvers - Varkensstoverij - Goulash - Gyros - Chili con carne - Braadworst | Pastaschotel met varkensvlees, koelvers - Lasagne bolognaise - Macaroni | Bereidingen met varkensgehakt, koelvers - Balletjes in tomatensaus | Gerechten met kip en kalkoen, koelvers - Kipbil gebakken - Kip tikka masala - Kip op z’n oosters - Kippendij op Oosterse wijze - Kip rode curry - Kalkoengebraad met ajuin mosterdsaus | Gerechten met kip, koelvers - vol-au-vent | Hybride producten, al dan niet met vleesvervanger, met groenten, koelvers of diepvries - Hybride burger - Hybride worst",Universiteit Gent,,BE,BEL,,2026-04-10,2026-04-23,https://ted.europa.eu/en/notice/-/detail/244566-2026,2026-08-28T08:02:43+00:00,OFFICIAL_PUBLISHED_NOTICE,False,False,True,REJECTED_OR_STALE,"official notice; no future deadline means supporting evidence, not an open opportunity",,
264614-2026,ted_eu,OFFICIAL_PROCUREMENT,CHILI,"Belgium – Food, beverages, tobacco and related products – Openbare aanbesteding voor de levering en distributie van levensmiddelen",Lait demi écrémé U.H.T | Huile de mais | Chili con carne | Compotines en gourdes pour enfants | Confiture d’abricots | Ratatouille | Vol au vent | Harengs à la sauce tomate | Café moulu 100% arabica issu du commerce équitable | Pâtes: farfalle | Riz | Tomates pelées concassées en cubes | Haricots verts brisés | Haricots blancs | Chocolat noir,SPP Intégration Sociale,,BE,BEL,,2026-04-17,2026-05-04,https://ted.europa.eu/en/notice/-/detail/264614-2026,2026-08-28T08:02:43+00:00,OFFICIAL_PUBLISHED_NOTICE,False,False,True,REJECTED_OR_STALE,"official notice; no future deadline means supporting evidence, not an open opportunity",,
381486-2026,ted_eu,OFFICIAL_PROCUREMENT,CHILI,France – Canned goods and field rations – Fourniture de plats cuisinés appertisés en barquettes 300g,FOURNITURE DE PLATS CUISINES APPERTISES EN BARQUETTES DE 300G- THON LAIT DE COCO RIZ PARFUME | THON PIPERADE | COUSCOUS POULET | SAUMON RIZ LEGUMES | TABOULE VOLAILLE | CREVETTES POULET A L'ASIATIQUE | TORTELLINI PUR BOEUF | SALADE THON GINGEMBRE SESAME | SALADE ORIENTALE | BOULETTES KEBAB | LASAGNES PUR BOEUF | CHILI CON CARNE | SALADE DE PATES AU POULET | THON EN SALADE | GRATIN DE MACARONIS AU BOEUF | PETIT SALE LENTILLES DU PUY | ROUGAIL DE SAUCISSES | CASSOULET SUPERIEUR AU CANARD | PORC CREOLE RIZ ANANAS | SAUTE DE PORC AU CURRY | JOUE DE PORC AUX RAVIOLES | RISOTTO DE PORC CHAMPIGNONS | PATES A LA CARBONARA | PAELLA | POTEE PAYSANNE | SAUCISSON PISTACHE | SALADE DE GESIER QUINOA ROUGE | PARMENTIER DE CANARD | SAUCISSE DE STRASBOURG PATES | LASAGNES VEGETARIENNES | QUENELLES SAUCE AURORE | GALETTES VEGETARIENNES | SALADE DE FRUITS SECS | CHILI SIN CARNE,MINARM/SCA/PFC-RBT,,FR,FRA,,2026-06-03,,https://ted.europa.eu/en/notice/-/detail/381486-2026,2026-08-28T08:02:43+00:00,OFFICIAL_PUBLISHED_NOTICE,False,False,True,REJECTED_OR_STALE,"official notice; no future deadline means supporting evidence, not an open opportunity",,
438767-2026,ted_eu,OFFICIAL_PROCUREMENT,CHILI,"Hungary – Food, beverages, tobacco and related products – Büféáru közbeszerzése 2025","Büféáru beszerzése a Budapest Film Zrt. részére 5 részben. I. rész Popcorn, nacho, édesség Popcorn kukorica (sós) 13276 kg Olaj popcorn sütéshez 3466 kg Speciális só popcorn sütéshez 403 kg Nachos chips, szósz és jalapeno paprika összesen 9591 kg Nacho tál 2- és 3 rekeszes összesen: 29785 db Egyéb édes és sós snackáru: 15782 db A fenti mennyiségek 12 hónapra vetített becsült mennyiségek, melyekre az ajánlatkérő nem vállal lehívási kötelezettséget, azok csak az ajánlatok megfelelő összehasonlítását szolgálják. A szerződés keretösszege nettó 46 368 600 Ft. A Megrendelő a Keretösszeg kimerítésére a Keretösszeg 70 %-nak erejéig vállal lehívási kötelezettséget. Ajánlattevő köteles az Ajánlatkérő számára új, azaz bontatlan és használatlan, rendeltetésszerű használatra alkalmas termékeket megajánlani. Ahol a műszaki leírás meghatározott eredetű, típusú dologra, eljárásra, tevékenységre, személyre, illetve szabadalomra, vagy védjegyre való hivatkozást tartalmaz, úgy ezt kizárólag a közbeszerzés tárgyának, vagy annak valamely elemének egyértelmű és közérthető meghatározása tette szükségessé, és a megnevezés csak a tárgy jellegének egyértelmű meghatározása érdekében történt, ajánlatérő büfészolgáltatására tekintettel, a vevőkör igényeinek figyelembevétele mellett, szakmai szempontok miatt. Az ajánlatkérő bármely, a leírásban meghatározott árukkal műszakilag, esztétikailag és minőségileg egyenértékű, a leírásban hivatkozott árukkal felhasználhatóságában, használhatóságában, kezelhetőségében, rendeltetésében és tartósságában egyenértékű, más gyártású áru(k) teljesítését és/vagy felhasználását is elfogadja akkor is, ha a 321/2015. (X. 30.) Korm. r. 46. § (3) bekezdésében előírt „vagy ezzel egyenértékű” kifejezés bármely okból az adott helyen nem került feltüntetésre. Az ajánlatkérő új áru(k)ra kér ajánlatot, használt áru nem fogadható el. A meghatározott követelmények, feltételek az ajánlatkérő minimális előírásai, az ajánlatkérő számára ezeknél kedvezőbb jellemzőkkel rendelkező árura is tehető ajánlat, így az előírt minimum feltételekkel megegyező, vagy annál kedvezőbb jellemzőkkel rendelkező áruk felelhetnek meg műszaki és kereskedelmi szempontból, azzal, hogy a kedvezőbb megajánlás külön értékelés alá nem kerül. | Büféáru beszerzése a Budapest Film Zrt. részére 5 részben. II. Alkoholos italok, ízesítők Tervezett mennyiségek Alkoholos italok: 21523 db, Chai latte por: 7 kg Szirupok: 273 liter Pürék (gyümölcsös): 131 liter Egyéb alkoholos italok: 4397 liter A fenti mennyiségek 12 hónapra vetített becsült mennyiségek, melyekre az ajánlatkérő nem vállal lehívási kötelezettséget, azok csak az ajánlatok megfelelő összehasonlítását szolgálják. A szerződés keretösszege nettó 17 122 400 Ft. A Megrendelő a Keretösszeg kimerítésére a Keretösszeg 70 %-nak erejéig vállal lehívási kötelezettséget. Ajánlattevő köteles az Ajánlatkérő számára új, azaz bontatlan és használatlan, rendeltetésszerű használatra alkalmas termékeket megajánlani. Ahol a műszaki leírás meghatározott eredetű, típusú dologra, eljárásra, tevékenységre, személyre, illetve szabadalomra, vagy védjegyre való hivatkozást tartalmaz, úgy ezt kizárólag a közbeszerzés tárgyának, vagy annak valamely elemének egyértelmű és közérthető meghatározása tette szükségessé, és a megnevezés csak a tárgy jellegének egyértelmű meghatározása érdekében történt, ajánlatérő büfészolgáltatására tekintettel, a vevőkör igényeinek figyelembevétele mellett, szakmai szempontok miatt. Az ajánlatkérő bármely, a leírásban meghatározott árukkal műszakilag, esztétikailag és minőségileg egyenértékű, a leírásban hivatkozott árukkal felhasználhatóságában, használhatóságában, kezelhetőségében, rendeltetésében és tartósságában egyenértékű, más gyártású áru(k) teljesítését és/vagy felhasználását is elfogadja akkor is, ha a 321/2015. (X. 30.) Korm. r. 46. § (3) bekezdésében előírt „vagy ezzel egyenértékű” kifejezés bármely okból az adott helyen nem került feltüntetésre. Az ajánlatkérő új áru(k)ra kér ajánlatot, használt áru nem fogadható el. A meghatározott követelmények, feltételek az ajánlatkérő minimális előírásai, az ajánlatkérő számára ezeknél kedvezőbb jellemzőkkel rendelkező árura is tehető ajánlat, így az előírt minimum feltételekkel megegyező, vagy annál kedvezőbb jellemzőkkel rendelkező áruk felelhetnek meg műszaki és kereskedelmi szempontból, azzal, hogy a kedvezőbb megajánlás külön értékelés alá nem kerül. | Büféáru beszerzése a Budapest Film Zrt. részére 5 részben. III. rész Alkoholmentes italok, kávé Tervezett mennyiség/év Post Mix kész üdítő: 27875 liter Üdítő: 62 011 db Ásványvíz: 26 803 db Koffeinmentes kávé: 1542 db Kávé kapszula: 700 db Papírpohár: 38 100 db Papírpohár fedő: 38 100 db A fenti mennyiségektől ajánlatkérő a ténylegesen felmerülő beszerzési igényének megfelelően jogosult +/-15 (tizenöt) %-kal eltérni. Nyertes ajánlattevő által rendelkezésre bocsátandó és telepítendő eszközök: Helyszín gép fajtája darabszám Corvin büfé Italadagoló berendezés (Post Mix torony) 4db Álló hűtő 2db Corvin kávézó Álló hűtő 1db Álló hűtő 1db Kávégép 1db Kávédaráló 1db Puskin büfé Álló hűtő 1db Álló hűtő 1db Tabán büfé Álló hűtő 1db Álló hűtő 1db Kino kávézó Álló hűtő 1db Kávégép 1db Kávédaráló 1db Művész büfé Álló hűtő 1db Álló hűtő 1db Tekintettel arra, hogy az egyes gyártóknál eltérő lehet a keverési arány, a Post Mix kész üdítő termék kategóriában nem a Bag in Boxos szirup mennyisége, hanem kész üdítő mennyisége került meghatározásra. A telepített eszközök tekintetében szerviz háttér biztosítása elvárás: • Post Mix gép és perifériái: hibaelhárítás megkezdése a bejelentéstől számított max. 24 órán belül • Hűtők: hibaelhárítás megkezdése a bejelentéstől számított max. 48 órán belül • Kávégépek és kávédarálók: hibaelhárítás megkezdése a bejelentéstől számított max. 24 órán belül. Ajánlattevő köteles az Ajánlatkérő számára új, azaz bontatlan és használatlan, rendeltetésszerű használatra alkalmas termékeket megajánlani. Ahol a műszaki leírás meghatározott eredetű, típusú dologra, eljárásra, tevékenységre, személyre, illetve szabadalomra, vagy védjegyre való hivatkozást tartalmaz, úgy ezt kizárólag a közbeszerzés tárgyának, vagy annak valamely elemének egyértelmű és közérthető meghatározása tette szükségessé, és a megnevezés csak a tárgy jellegének egyértelmű meghatározása érdekében történt, ajánlatérő büfészolgáltatására tekintettel, a vevőkör igényeinek figyelembevétele mellett, szakmai szempontok miatt. Az ajánlatkérő bármely, a leírásban meghatározott árukkal műszakilag, esztétikailag és minőségileg egyenértékű, a leírásban hivatkozott árukkal felhasználhatóságában, használhatóságában, kezelhetőségében, rendeltetésében és tartósságában egyenértékű, más gyártású áru(k) teljesítését és/vagy felhasználását is elfogadja akkor is, ha a 321/2015. (X. 30.) Korm. r. 46. § (3) bekezdésében előírt „vagy ezzel egyenértékű” kifejezés bármely okból az adott helyen nem került feltüntetésre. Az ajánlatkérő új áru(k)ra kér ajánlatot, használt áru nem fogadható el. A meghatározott követelmények, feltételek az ajánlatkérő minimális előírásai, az ajánlatkérő számára ezeknél kedvezőbb jellemzőkkel rendelkező árura is tehető ajánlat, így az előírt minimum feltételekkel megegyező, vagy annál kedvezőbb jellemzőkkel rendelkező áruk felelhetnek meg műszaki és kereskedelmi szempontból, azzal, hogy a kedvezőbb megajánlás külön értékelés alá nem kerül. | Büféáru beszerzése a Budapest Film Zrt. részére 5 részben. IV. rész Egyéb darabáru Tervezett mennyiség: ÁFONYA GYÜMÖLCS KG 16 BACON SZALONNA KG 29 BALZSAMECETKRÉM L 28 BANÁN KG 83 CITROM KG 172 CITROMLÉ L 485 CSEMEGE KUKORICA KG 32 DIABETIKUS ALMÁS KEKSZ DB 138 DIABETIKUS NÁPOLYI DB 110 EPER KG 32 EPER FAGYASZTOTT KG 12 FAGYASZTOTT CSIRKEMELL KG 26 FAHÉJ KG 0,4 FINOMLISZT KG 16 FOKHAGYMAPOR KG 1 JOGHURT L 40 GRILLSAJT KG 13 JUHARSZIRUP L 2 KÁVÉTEJSZÍN DB 886 KÍGYÓUBORKA KG 40 KOKTÉLPARADICSOM KG 117 SÜTHETŐ CSEMEGEKOLBÁSZ KG 39 KRÉMFEHÉRSAJT KG 19 KRISTÁLYCUKOR KG 230 LILAHAGYMALEKVÁR KG 5 LIME KG 59 LIMELÉ L 15 MAJONÉZ KG 46 MÁLNA KG 18 MENTA KG 7 MÉZ KG 12 MILKA CSOKI KG 6 NAPRAFORGÓ OLAJ L 69 NARANCS KG 246 NUTELLA KG 51 OLIVAOLAJ L 14 OLÍVABOGYÓ KG 15 ÖNTET CSOKOLÁDÉ L 25 ÖNTET ÉDES CHILI SZÓSZ L 6 ÖNTET FOKHAGYMÁS MAJONÉZ L 5 ÖNTET KARAMELL L 17 ÖNTET KETCHUP L 46 ÖNTET MUSTÁR L 35 PARADICSOM KG 83 PIRÍTOTT HAGYMA KG 9 PUDINGPOR KG 5 SALÁTA KG 321 SZELETELT CHEDDAR DB 1159 TRAPPISTA SAJT KG 58 TASAKOS CITROMLÉ DB 2070 TASAKOS MÉZ DB 2760 TEJ UHT 1,5% LAKTÓZMENTES L 1021 TEJ UHT 2,8% L 3950 TEJ UHT 3,2% L 83 NÖVÉNYI TEJ L 820 TEJSZÍNHAB DB 388 TOJÁS DB 1438 TONHAL KONZERV DB 154 TORTILLA LAP DB 393 VAJ KG 3 A fenti mennyiségek 12 hónapra vetített becsült mennyiségek, melyekre az ajánlatkérő nem vállal lehívási kötelezettséget, azok csak az ajánlatok megfelelő összehasonlítását szolgálják. A szerződés keretösszege nettó 8 285 400 Ft. A Megrendelő a Keretösszeg kimerítésére a Keretösszeg 70 %-nak erejéig vállal lehívási kötelezettséget. Ajánlattevő köteles az Ajánlatkérő számára új, azaz bontatlan és használatlan, rendeltetésszerű használatra alkalmas termékeket megajánlani. Ahol a műszaki leírás meghatározott eredetű, típusú dologra, eljárásra, tevékenységre, személyre, illetve szabadalomra, vagy védjegyre való hivatkozást tartalmaz, úgy ezt kizárólag a közbeszerzés tárgyának, vagy annak valamely elemének egyértelmű és közérthető meghatározása tette szükségessé, és a megnevezés csak a tárgy jellegének egyértelmű meghatározása érdekében történt, ajánlatérő büfészolgáltatására tekintettel, a vevőkör igényeinek figyelembevétele mellett, szakmai szempontok miatt. Az ajánlatkérő bármely, a leírásban meghatározott árukkal műszakilag, esztétikailag és minőségileg egyenértékű, a leírásban hivatkozott árukkal felhasználhatóságában, használhatóságában, kezelhetőségében, rendeltetésében és tartósságában egyenértékű, más gyártású áru(k) teljesítését és/vagy felhasználását is elfogadja akkor is, ha a 321/2015. (X. 30.) Korm. r. 46. § (3) bekezdésében előírt „vagy ezzel egyenértékű” kifejezés bármely okból az adott helyen nem került feltüntetésre. Az ajánlatkérő új áru(k)ra kér ajánlatot, használt áru nem fogadható el. A meghatározott követelmények, feltételek az ajánlatkérő minimális előírásai, az ajánlatkérő számára ezeknél kedvezőbb jellemzőkkel rendelkező árura is tehető ajánlat, így az előírt minimum feltételekkel megegyező, vagy annál kedvezőbb jellemzőkkel rendelkező áruk felelhetnek meg műszaki és kereskedelmi szempontból, azzal, hogy a kedvezőbb megajánlás külön értékelés alá nem kerül. | Büféáru beszerzése a Budapest Film Zrt. részére 5 részben. V. rész Mirelit Tervezett mennyiség: Mirelit étel - 6537 db Mirelit étel - 263 kg Fritőz olaj - 155 liter A szerződés keretösszege nettó 5 294 200 Ft. A Megrendelő a Keretösszeg kimerítésére a Keretösszeg 70 %-nak erejéig vállal lehívási kötelezettséget. Ajánlattevő köteles az Ajánlatkérő számára új, azaz bontatlan és használatlan, rendeltetésszerű használatra alkalmas termékeket megajánlani. Ahol a műszaki leírás meghatározott eredetű, típusú dologra, eljárásra, tevékenységre, személyre, illetve szabadalomra, vagy védjegyre való hivatkozást tartalmaz, úgy ezt kizárólag a közbeszerzés tárgyának, vagy annak valamely elemének egyértelmű és közérthető meghatározása tette szükségessé, és a megnevezés csak a tárgy jellegének egyértelmű meghatározása érdekében történt, ajánlatérő büfészolgáltatására tekintettel, a vevőkör igényeinek figyelembevétele mellett, szakmai szempontok miatt. Az ajánlatkérő bármely, a leírásban meghatározott árukkal műszakilag, esztétikailag és minőségileg egyenértékű, a leírásban hivatkozott árukkal felhasználhatóságában, használhatóságában, kezelhetőségében, rendeltetésében és tartósságában egyenértékű, más gyártású áru(k) teljesítését és/vagy felhasználását is elfogadja akkor is, ha a 321/2015. (X. 30.) Korm. r. 46. § (3) bekezdésében előírt „vagy ezzel egyenértékű” kifejezés bármely okból az adott helyen nem került feltüntetésre. Az ajánlatkérő új áru(k)ra kér ajánlatot, használt áru nem fogadható el. A meghatározott követelmények, feltételek az ajánlatkérő minimális előírásai, az ajánlatkérő számára ezeknél kedvezőbb jellemzőkkel rendelkező árura is tehető ajánlat, így az előírt minimum feltételekkel megegyező, vagy annál kedvezőbb jellemzőkkel rendelkező áruk felelhetnek meg műszaki és kereskedelmi szempontból, azzal, hogy a kedvezőbb megajánlás külön értékelés alá nem kerül.",Budapest Film Forgalmazó és Moziüzemi Zártkörűen Működő Részvénytársaság,,HU,HUN,,2026-06-25,,https://ted.europa.eu/en/notice/-/detail/438767-2026,2026-08-28T08:02:43+00:00,OFFICIAL_PUBLISHED_NOTICE,True,False,True,SUPPORTING_EVIDENCE,"official notice; no future deadline means supporting evidence, not an open opportunity",,
465133-2026,ted_eu,OFFICIAL_PROCUREMENT,CHILI,"Hungary – Food, beverages, tobacco and related products – Élelmiszer beszerzés","Az eljárás elektronikus katalógusra vonatkozó részletes szabályait a közbeszerzési dokumentumok tartalmazzák. Ajánlatkérő a Kbt. 50. §. (2) d) foglalt követelményeknek a keretösszeg megadásával a hirdetményében (BT-24, II.1.4) pont) megfelel, tekintettel Kbt. 3. §. 18. foglaltakra. A részletes tételenkénti mennyiségeket az elektronikus katalógus tartalmazza. 1. RÉSZ: ZÖLDSÉGFÉLÉK, GYÜMÖLCSÖK, TOJÁS tétel termék megnevezése 1. Alma 2. Bab száraz 3. Banán 4. Borsó feles 5. Burgonya 6. Citrom 7. Cseresznye 8. Fejessaláta 9. Fokhagyma 10. Gomba 11. Káposzta fejes 12. Káposzta kel 13. Káposzta vörös 14. Kivi 15. Körte 16. Lencse 17. Lilahagyma 18. Mandarin 19. Narancs 20. Nektarin 21. Őszibarack 22. Paradicsom 23. Póréhagyma kg 24. Retek, csomós 25. Retek, jégcsap 26. Savanyú káposzta 27. Szilva 28. Szőlő 29. Tojás 30. Uborka 31. Újhagyma, csomós 32. Vöröshagyma 33. Zöldpaprika | Az eljárás elektronikus katalógusra vonatkozó részletes szabályait a közbeszerzési dokumentumok tartalmazzák. Ajánlatkérő a Kbt. 50. §. (2) d) foglalt követelményeknek a keretösszeg megadásával a hirdetményében (BT-24, II.1.4) pont) megfelel, tekintettel Kbt. 3. §. 18. foglaltakra. A részletes tételenkénti mennyiségeket az elektronikus katalógus tartalmazza. 2. RÉSZ: TEJ, TEJTERMÉKEK tétel termék megnevezése 1. Eidámi sajt 2. Főzőtejszín (növényi) 3. Gyümölcsös joghurt 4. Kaukázusi kefír 5. Kefír (kicsi) 6. Kefír (nagy) 7. Köményes sajt 8. Krémtúró 9. Laktózmentes tej 10. Tömlős natúr sajtkrém 11. Natúr, ömlesztett sajt 12. Laktózmentes natúr, ömlesztett sajt 13. Mini vaj 14. Natúr joghurt 15. Laktózmentes kemény sajt 16. Poharas kakaó 17. Poharas tej 18. Puding 19. Tej 2,8% 20. Tejföl 20% 21. Tejföl 22. Trappista sajt 23. Kenhető zsíros krémsajt 24. Túró, zsírszegény 25. Túrórudi, natúr 26. UH tej dobozos 1,5% | Az eljárás elektronikus katalógusra vonatkozó részletes szabályait a közbeszerzési dokumentumok tartalmazzák. Ajánlatkérő a Kbt. 50. §. (2) d) foglalt követelményeknek a keretösszeg megadásával a hirdetményében (BT-24, II.1.4) pont) megfelel, tekintettel Kbt. 3. §. 18. foglaltakra. A részletes tételenkénti mennyiségeket az elektronikus katalógus tartalmazza. 3. RÉSZ: SÜTŐIPARI TERMÉKEK tétel termék megnevezése 1. Bécsi fánk 2. Briós 3. Búrkifli 4. Élesztő 5. Fatörzs 6. Félbarna kenyér 7. Teljes kiőrlésű (korpás) kifli 8. Kuglóf 9. Magos zsemle 10. Mini fonott kalács 11. Mini sajtos rúd 12. Mini túrós táska 13. Pogácsa (sajtos, korpás) 14. Sajtos perec 15. Sajtos-tökmagvas kocka 16. Tejes kifli 17. Vizes zsemle 18. vegán kalács | Az eljárás elektronikus katalógusra vonatkozó részletes szabályait a közbeszerzési dokumentumok tartalmazzák. Ajánlatkérő a Kbt. 50. §. (2) d) foglalt követelményeknek a keretösszeg megadásával a hirdetményében (BT-24, II.1.4) pont) megfelel, tekintettel Kbt. 3. §. 18. foglaltakra. A részletes tételenkénti mennyiségeket az elektronikus katalógus tartalmazza. 4. RÉSZ: MIRELIT TERMÉKEK tétel termék megnevezése ZÖLDSÉG, GYÜMÖLCS 1. Almacsík „M” 2. Brokkoli „M” 3. Burgonyakrokett „M” 4. Császármorzsa „M” 5. Húsleveszöldség „M” 6. Ízes derelye „M” 7. Kapor „M” 8. Karalábé „M” 9. Karfiol „M” 10. Kelbimbó „M” 11. Kukorica „M” 12. Leveles tészta „M” 13. Mákkal töltött nudli „M” 14. Mexikói saláta „M” 15. Nudli „M” 16. Paraj „M” 17. Petrezselyem gyökér „M” 18. Petrezselyemzöld „M” 19. Röszti „M” 20. Sárgarépa „M” 21. Sóska „M” 22. Sütőtök „M” 23. Szilvás gombóc „M” 24. Tök „M” 25. Túrós derelye „M” 26. Túróval töltött nudli „M” 27. Vegyes főzelék „M” 28. Zellerkocka „M” 29. Zöldbab „M” 30. Zöldborsó „M” BAROMFIFÉLÉK, HALAK 31. Csirkecomb egész „M” 32. Csirkecomb felső „M” 33. Csirkemáj „M” 34. Csirkemellfilé „M” 35. Csirkezúza „M” 36. Pulykamáj „M” 37. Pulykamellfilé „M” 38. Halászlé sűrítmény „M” 39. Hekktörzs „M” 40. Panírozott halrudacskák „M” 41. Ponty szelet „M” 42. Halfilé „M” | Az eljárás elektronikus katalógusra vonatkozó részletes szabályait a közbeszerzési dokumentumok tartalmazzák. Ajánlatkérő a Kbt. 50. §. (2) d) foglalt követelményeknek a keretösszeg megadásával a hirdetményében (BT-24, II.1.4) pont) megfelel, tekintettel Kbt. 3. §. 18. foglaltakra. A részletes tételenkénti mennyiségeket az elektronikus katalógus tartalmazza. 5. RÉSZ: FRISS HÚSIPARI, FELVÁGOTT TERMÉKEK tétel termék megnevezése FRISS TŐKEHÚS 1. Füstölt csülök 2. Marha színhús 3. Sertés csülök 4. Sertés oldalas 5. Sertés tarja 6. Sertéscomb csont és bőr nélkül 7. Sertésdagadó 8. Sertéskaraj csont nélkül FELVÁGOTTAK, HÚSIPARI TERMÉKEK 9. Baromfi virsli 10. Bacon, szeletelt 11. Cserkészkolbász 12. Kópé szelet 13. Csirkemájas 14. Csirkemell csemege 15. Gluténmentes kenőmájas 16. Kenyérszalonna 17. Krinolin 18. Lecsókolbász 19. Májas hurka 20. Mozaik baromfi felvágott 21. Párizsi 22. Pecsenye sütnivaló kolbász 23. Pulyka pizza szelet 24. Pulykamell sonka 25. Sonkás felvágott 26. Tepertőkrém 27. Turista szalámi 28. Véres hurka 29. Zala felvágott 30. Száraz csemegeszalámi | Az eljárás elektronikus katalógusra vonatkozó részletes szabályait a közbeszerzési dokumentumok tartalmazzák. Ajánlatkérő a Kbt. 50. §. (2) d) foglalt követelményeknek a keretösszeg megadásával a hirdetményében (BT-24, II.1.4) pont) megfelel, tekintettel Kbt. 3. §. 18. foglaltakra. A részletes tételenkénti mennyiségeket az elektronikus katalógus tartalmazza. 6. RÉSZ: FŰSZÉRT ÉS EGYÉB TERMÉKEK tétel termék megnevezése KONZERVEK 1. Gomba konzerv 2. Lecsó konzerv 3. Paradicsompüré SAVANYÚSÁG 4. Almapaprika 5. Céklacsíkok 6. Csalamádé 7. Csemege uborka BEFŐTTEK 8. Befőtt ananász 9. Befőtt cseresznye magozott 10. Befőtt alma (diabetikus) 11. Befőtt meggy (diabetikus) 12. Befőtt meggy magozott 13. Befőtt őszibarack HÚSKONZERVEK 14. Csirkehúsos pástétom 15. Húspótló növényi pástétom 16. Készétel konzerv 1. kat. 17. Készétel konzerv 2. kat. 18. Készétel konzerv 3. kat. 19. Májkrém szárnyas 20. Sertésmájkrém 21. Bébiétel több ízben MALOMIPARI TERMÉKEK 22. Búzadara 23. Búzakorpa étkezési 24. Liszt 25. Rizs 26. Rizsliszt 27. Zsemlemorzsa FŰSZEREK 28. Babérlevél 29. Bazsalikom 30. Bors, fekete őrölt 31. Curry 32. Ételecet 20% 33. Fahéj őrölt 34. Gyros fűszerkeverék 35. Kókuszreszelék 36. Kakukkfű, morzsolt 37. Koriander, őrölt 38. Köménymag 39. Majoranna morzsolt 40. Oregánó 41. Paprika fűszer 42. Rozmaring, morzsolt 43. Só, jódozott 44. Sütőpor 45. Szárított petrezselyemzöld 46. Szegfűszeg 47. Szerecsendió 48. Tárkony 49. Tzatziki por 50. Vaníliás cukor CUKOR ÉS ÉDESIPARI TERMÉKEK 51. Babapiskóta 52. reszelt citromhéj 53. Citromlé 54. Csokiparány 55. Diabetikus jam 56. Diabetikus köleskása 57. Diabetikus müzliszelet 58. Diabetikus ostyaszelet 59. Gyümölcsös müzliszelet 60. Háztartási keksz 61. Jam 62. Gyümölcsös-müzlis omlós keksz 63. teljes kiőrlésű gabonás keksz 64. Kristálycukor 65. Kukoricakeményítő 66. Mazsola 67. Méz 68. Méz diabetikus 69. Mokka cukor 70. Nápolyi 71. Porcukor 72. Szaloncukor 73. Vanilia ízű pudingpor 74. Zabkása almával és mazsolával SZÁRAZTÉSZTÁK 75. Barna rizs 76. Bulgur 77. Csőtészta (kagylótészta, szarvacska, spagetti, rövidcső, orsó) 78. Dörzstarhonya 79. Fehérjeszegény tészta (kocka, spagetti, szélesmetélt, cső) 80. Köles 81. Kusz-kusz 82. Levestészta (kiskocka, cérnametélt, kiskagyló, ABC) 83. Nagy kocka tészta 84. Penne tészta 85. Szélesmetélt 86. Tarhonya ZSIRADÉKOK 87. Margarin 20 g 88. Étolaj 1/1 89. Margarin 10 g 90. Margarin csészés 91. Margarin 0,25 kg 92. Sütőmargarin KÉNYELMI TERMÉKEK 93. Ásványvíz szénsavas 94. Ásványvíz szénsavmentes 95. Filteres tea 96. Gyümölcslé, 0,2 l 97. Gyümölcslé, 1/1 98. Gyümölcslé 100% ananászlé 99. Kávé, őrölt 100. Teaízesítő 101. Brokkolikrémleves 102. Burgonyapüre por 103. Chili Con Carne alap 104. Csoki (nyúl - télapó) 105. Csontleves alap 106. Darált mák 107. Dejó 108. Ecetes torma 109. Édesfelfújt alap 110. Ételízesítő 111. Flekken fűszerkeverék 112. Fokhagymakrémleves 113. Folyékony édesítő 114. Gluténmentes extrudált kenyér 115. Gluténmentes ételsűrítő 116. Gluténmentes liszt 117. Gluténmentes száraztészta 118. Gluténmentes zsemlemorzsa 119. Gombakrémleves 120. Grill fűszerkeverék 121. Gulyásleves alap 122. 5 gabonás gombóc 123. Ízvarázs zöldséges 124. Kakaópor 125. Karfiolkrémleves 126. Kínai édes-savanyú alap 127. Köret és zöldség fűszerkeverék 128. Lenmag 129. Levesgyöngy 130. Májgombóc levesbetét 131. Majonéz 132. Marha húsleves alap 133. Mustár 134. Olasz paradicsomos alap bolognaihoz 135. Paprikakrém 136. Pizzakrém 137. Póréhagymakrémleves 138. Sómentes csontleves 139. Sómentes ételízesítő 140. Sómentes marhaerőleves 141. Sómentes tyúkhúsleves 142. Spárgakrémleves 143. Sütésálló lekvár 144. Sütőtök krémleves 2kg 145. Szárnyas fűszerkeverék 146. Szárnyaskrémleves 147. Szezámmag 148. Szója kocka 149. Tojáspor 150. Tyúkhúsleves alap 151. Zellerkrémleves 152. Zöldségerőleves alap 153. Instant kakaós italpor 154. Diabetikus pótkávé 155. Édesített pótkávé 156. Gyümölcspép 157. Instant tea 158. Instant tea diabetikus 159. Kakaós gabonapehely 160. Mézes - magvas szelet",Zala Vármegyei Szent Rafael Kórház,,HU,HUN,,2026-07-07,,https://ted.europa.eu/en/notice/-/detail/465133-2026,2026-08-28T08:02:43+00:00,OFFICIAL_PUBLISHED_NOTICE,False,False,True,REJECTED_OR_STALE,"official notice; no future deadline means supporting evidence, not an open opportunity",,
553724-2026,ted_eu,OFFICIAL_PROCUREMENT,CHILI,Poland – Miscellaneous food products – ZP/CZD/091/26 Dostawa produktów sypkich i przypraw -2 pakiety,"Przedmiotem zamówienia jest dostawa produktów sypkich: 1. Barszcz biały 2. Batonik biszkoptowy z nadzieniem 3. Biszkopty-ciasteczka 4. Budyń waniliowy / śmietankowy bez cukru 5. Chrupki kukurydziane 6. Ciasteczka zbożowe 7. Ciasteczka kruche 8. Ciasteczka słone 9. Cukier kryształ biały 10. Cukier brązowy 11. Cukier puder 12. Cukier waniliowy opakowanie 13. Gorzka czekolada 14. Fasola biała, średnia 15. Galaretka owocowa 16. Glukoza 17. Groch łuskany 18. Herbatniki 19. Herbata liściasta czarna 20. Herbata ekspresowa czarna w torebkach ze sznureczkiem 21. Herbata czarna ekspresowa . 22. Herbata expresowa owocowa, 23. Herbata expresowa zielon 24. Herbata z suszu owocowego 25. Jajko z niespodzianką 26. Kakao naturalne 27. Kasza gryczana prażona 28. Kasza jaglana 29. Kasza jęczmienna drobna 30. Kasza kukurydziana 31. Kasza manna 32. Kasza pęczak 33. Kawa mielona 34. Kawa rozpuszczalna 35. Kawa zbożowa rozpuszczalna 36. Kisiel bez cukru 37. Kotlety sojowe 38. Koncentrat kremu cukierniczego 40. Kleik ryżowy dla niemowląt 41. Mak niebieski 42. Mak biały 43. Makaron lasagne 44. Makaron cannelloni 45. Makaron conchiglioni 46. Makaron kokardki 47. Makaron nitki cięte 48. Makaron spaghetti 49. Makaron świderki 50. Makaron zacierki 51. Makaron razowy/pełnoziarnisty 52. Makaron kolorowy, 53. Mąka kukurydziana, 54. Mąka pszenna typ 450 55. Mąka orkiszowa 56. Mąka ziemniaczana 57. Migdały płatki 58. Mleko w proszku 59. Mleko skondensowane słodzone 60. Krem z octu balsamicznego 61. Ocet balsamiczny 62. Ocet jabłkowy 63. Otręby pszenne 64. Orzechy włoskie łuskane 65. Wafle ryżowe naturalne 66. Pieczywo chrupkie lekkie żytnie 67. Wafle kukurydziane 68. Płatki kukurydziane bez glutenu 69. Płatki owsiane błyskawiczne 70. Płatki jęczmienne 71. Płatki ryżowe 72. Pestki dyni łuskane 73. Rodzynki 74. Ryż długi ziarnisty biały 75. Ryż brązowy 76. Soda oczyszczona 77. Sól jodowana 78. Suchary bez cukru 79. Słonecznik łuskany 80. Sezam nasiona 81. Spody z ciasta kruchego do babeczek, 82. Śliwki suszone 83. Usztywniacz do bitej śmietany 84. Żelatyna spożywcza 85. Wafle gryczane/jęczmienne/owsiane bez dodatku 86. Wafle tortowe 87. Wafelki przekładane, 88. Wafle andruty opłatkowe, 89. Paluszki 90. Kasza Bulgur 91. Soczewica 92. Kasza Kuskus 93. Żurawina suszona 94. Susz warzywny 95. Grzyby suszone 96. Cieciorka 97. Rurki kruche 98. Pinsa 99. Tortilla 100. Posypka cukiernicza 101. Nasiona Chia 102. Wiórki kokosowe 103. Musy owocowe 104. Batoniki z nadzieniem mlecznym 105. Makaron ryżowy Szczegółowe informacje na temat zakresu zawarte są w zał. nr 1, 2 i 5 do SWZ. | Przedmiotem zamówienia jest dostawa przypraw: 1. Amoniak 2. Aromaty do ciast 3. Bazylia suszona 4. Curry 5. Chili 6. Cynamon 7. Gałka muszkatołowa 8. Goździki 9. Imbir mielony 10. Uniwersalna przyprawa do potraw 11. Kwasek cytrynowy 12. Kumin, kmin rzymski 13. Kardamon 14. Kminek 15. Liście laurowe 16. Majeranek 17. Mięta suszona mielona 18. Oregano suszone 19. Papryka ostra mielona 20. Papryka słodka mielona 21. Proszek do pieczenia 22. Pieprz czarny mielony 23. Przyprawa do ryb 24. Przyprawa do gyrosa 25. Przyprawa do dań kuchni chińskiej 26. Przyprawa do dań kuchni meksykańskiej 27. Przyprawa do dań kuchni arabskiej 28. Pomidory suszone z ziołami i czosnkiem 29. Przyprawa do piernika 30. Tymianek 31. Trawa cytrynowa cięta 32. Ziele angielskie 33. Zioła prowansalskie 34. Kurkuma 35. Kostki rosołowe lub bulionowe Szczegółowe informacje na temat zakresu zawarte są w zał. nr 1, 2 i 5 do SWZ.","Instytut ""Pomnik-Centrum Zdrowia Dziecka""",,PL,POL,,2026-08-10,2026-09-07,https://ted.europa.eu/en/notice/-/detail/553724-2026,2026-08-28T08:02:43+00:00,OFFICIAL_PUBLISHED_NOTICE,False,True,True,REJECTED_OR_STALE,"official notice; no future deadline means supporting evidence, not an open opportunity",,
561680-2026,ted_eu,OFFICIAL_PROCUREMENT,CHILI,"Poland – Tomato purée – Dostawa sosów, zup, przypraw przetworzonych, kawy i herbaty oraz miodu naturalnego oraz soków i nektarów w roku 2027 (magazyny w Grudziądzu, Grupie, Chełmnie i Brodnicy)","Przedmiotem jest sukcesywna realizacja dostaw sosów, zup, przypraw przetworzonych do jednostek wojskowych w roku 2027 na podstawie każdorazowo składanych zamówień w ramach zawartej umowy, zgodnie ze wskazanymi przez Zamawiającego normami oraz asortymentem, ilościami i wymaganiami oraz zgodnie z warunkami określonymi przez Zamawiającego. Miejsce realizacji: magazyn - ul. Bema 2, 86-300 Grudziądz magazyn - ul. Jagiełły 6, 86-300 Grudziądz magazyn - ul. Dworcowa 6A, 86-134 Grupa magazyn - Al. 3-go Maja 4, 86-200 Chełmno magazyn - ul. Czwartaków 1, 87-300 Brodnica Dostawy obejmują zakres podstawowy ­zadanie nr 1 (dostawa sosów, zup, przypraw przetworzonych w roku 2027 (magazyny w Grudziądzu, Grupie, Chełmnie i Brodnicy) 58 pozycji asortymentowych, w tym: Barszcz czerwony – instant - 2,00 kg; Barszcz czerwony koncentrat w płynie - 2,00 l; Drożdże suszone - 2,00 kg; Ketchup - 200,00 kg; Ketchup jednoporcjowy - 700,00 kg; Koncentrat pomidorowy - 500,00 kg; Kwasek cytrynowy spożywczy - 10,00 kg; Majonez - 1000,00 kg; Majonez jednoporcjowy - 500,00 kg; Musztarda - 300,00 kg; Musztarda jednoporcjowa - 800,00 kg; Musztarda miodowa - 10,00 kg; Ocet - 500,00 l; Ocet jabłkowy - 10,00 l; Pasta curry - 5,00 kg; Rosół wołowy - 1,00 kg; Sos 1000 wysp - 5,00 l; Sos barbecue - 50,00 l; Sos czosnkowy - 5,00 l; Sos słodko-kwaśny - 100,00 l; Sos sojowy jasny - 50,00 l; Żelatyna spożywcza - 5,00 kg; Żurek na zakwasie koncentrat - 10,00 kg; Bazylia - 20,00 kg; Borowik suszony - 10,00 kg; Przyprawa curry - 10,00 kg; Cynamon - 10,00 kg; Czosnek - 10,00 kg; Estragon - 3,00 kg; Gałka muszkatołowa - 3,00 kg; Goździki - 3,00 kg; Imbir mielony - 3,00 kg; Kmin rzymski mielony - 3,00 kg; Kminek cały - 10,00 kg; Kolendra - 3,00 kg; Kurkuma - 3,00 kg; Liść laurowy - 10,00 kg; Lubczyk - 3,00 kg; Majeranek - 30,00 kg; Oregano - 20,00 kg; Papryka chili - 10,00 kg; Papryka słodka - 10,00 kg; Papryka słodka wędzona - 2,00 kg; Pieprz cytrynowy - 10,00 kg; Pieprz czarny mielony - 50,00 kg; Pieprz ziołowy - 2,00 kg; Podgrzybek suszony - 1,00 kg; Przyprawa do kurczaka - 50,00 kg; Przyprawa do mięsa - 50,00 kg; Przyprawa do ryb - 10,00 kg; Przyprawa do zup w płynie - 300,00 l; Przyprawa Garam Masala - 20,00 kg; Przyprawa gyros - 50,00 kg; Przyprawa uniwersalna - 100,00 kg; Rozmaryn - 3,00 kg; Tymianek - 3,00 kg; Ziele angielskie - 30,00 kg; Zioła prowansalskie - 20,00 kg. | Przedmiotem jest sukcesywna realizacja dostaw kawy i herbaty do jednostek wojskowych w roku 2027 na podstawie każdorazowo składanych zamówień w ramach zawartej umowy, zgodnie ze wskazanymi przez Zamawiającego normami oraz asortymentem, ilościami i wymaganiami oraz zgodnie z warunkami określonymi przez Zamawiającego. Miejsce realizacji: magazyn - ul. Bema 2, 86-300 Grudziądz magazyn - ul. Jagiełły 6, 86-300 Grudziądz magazyn - ul. Dworcowa 6A, 86-134 Grupa magazyn - Al. 3-go Maja 4, 86-200 Chełmno magazyn - ul. Czwartaków 1, 87-300 Brodnica Dostawy obejmują zakres podstawowy ­zadanie nr 2 (dostawa kawy i herbaty w roku 2027 magazyny w Grudziądzu, Grupie, Chełmnie i Brodnicy) 6 pozycji asortymentowych, w tym: Herbata czarna liściasta - 1,00 kg; Herbata czarna w torebkach (ekspresowa) - 500,00 kg; Herbata witaminizowana smaki: cytrynowy, malinowym, wieloowocowym - 50,00 kg; Kawa naturalna mielona - 1,00 kg; Kawa naturalna ziarnista - 10,00 kg; Kawa rozpuszczalna - 500,00 kg. | Przedmiotem jest sukcesywna realizacja dostaw miodu naturalnego do jednostek wojskowych w roku 2027 na podstawie każdorazowo składanych zamówień w ramach zawartej umowy, zgodnie ze wskazanymi przez Zamawiającego normami oraz asortymentem, ilościami i wymaganiami oraz zgodnie z warunkami określonymi przez Zamawiającego. Miejsce realizacji: magazyn - ul. Bema 2, 86-300 Grudziądz magazyn - ul. Jagiełły 6, 86-300 Grudziądz magazyn - ul. Dworcowa 6A, 86-134 Grupa magazyn - Al. 3-go Maja 4, 86-200 Chełmno magazyn - ul. Czwartaków 1, 87-300 Brodnica Dostawy obejmują zakres podstawowy ­zadanie nr 3 (dostawa miodu naturalnego w roku 2027 magazyny w Grudziądzu, Grupie, Chełmnie i Brodnicy) 2 pozycje asortymentowe, w tym: Miód nektarowy wielokwiatowy - 100,00 kg; Miód nektarowy wielokwiatowy jednoporcjowy - 200,00 kg. | Przedmiotem jest sukcesywna realizacja dostaw soków i nektarów do jednostek wojskowych w roku 2027 na podstawie każdorazowo składanych zamówień w ramach zawartej umowy, zgodnie ze wskazanymi przez Zamawiającego normami oraz asortymentem, ilościami i wymaganiami oraz zgodnie z warunkami określonymi przez Zamawiającego. Miejsce realizacji: magazyn - ul. Bema 2, 86-300 Grudziądz magazyn - ul. Jagiełły 6, 86-300 Grudziądz magazyn - ul. Dworcowa 6A, 86-134 Grupa magazyn - Al. 3-go Maja 4, 86-200 Chełmno magazyn - ul. Czwartaków 1, 87-300 Brodnica Dostawy obejmują zakres podstawowy ­zadanie nr 4 (dostawa soków i nektarów w roku 2027 magazyny w Grudziądzu, Grupie, Chełmnie i Brodnicy) 10 pozycji asortymentowych, w tym: Nektar z czarnej porzeczki 330ml - 100,00 l; Nektar z czarnej porzeczki 1000ml - 500,00 l; Sok jabłkowy 200ml - 2 000,00 l; Sok jabłkowy 1000ml - 1 000,00 l; Sok pomarańczowy 200ml - 2 000,00 l; Sok pomarańczowy 1000ml - 1 000,00 l; Sok pomidorowy 1000ml - 5,00 l; Sok wieloowocowy (multiwitamina) 200ml - 2 000,00 l; Sok wieloowocowy (multiwitamina) 1000ml - 1 000,00 l; Sok z czarnej porzeczki tłoczony 3000ml - 1,00 l.",Skarb Państwa - 13 Wojskowy Oddział Gospodarczy (13 WOG),,PL,POL,,2026-08-13,,https://ted.europa.eu/en/notice/-/detail/561680-2026,2026-08-28T08:02:43+00:00,OFFICIAL_PUBLISHED_NOTICE,False,False,True,REJECTED_OR_STALE,"official notice; no future deadline means supporting evidence, not an open opportunity",,
594261-2026,ted_eu,OFFICIAL_PROCUREMENT,CHILI,"Belgium – Food, beverages, tobacco and related products – Openbare aanbesteding voor de levering en distributie van levensmiddelen",Lait demi écrémé U.H.T | Huile de mais | Chili con carne | Compotines en gourdes pour enfants | Confiture d’abricots | Ratatouille | Vol au vent | Harengs à la sauce tomate | Café moulu 100% arabica issu du commerce équitable | Pâtes: farfalle | Riz | Tomates pelées concassées en cubes | Haricots verts brisés | Haricots blancs | Chocolat noir,SPP Intégration Sociale,,BE,BEL,,2026-08-28,,https://ted.europa.eu/en/notice/-/detail/594261-2026,2026-08-28T08:02:43+00:00,OFFICIAL_PUBLISHED_NOTICE,False,False,True,REJECTED_OR_STALE,"official notice; no future deadline means supporting evidence, not an open opportunity",,
360799-2026,ted_eu,OFFICIAL_PROCUREMENT,CHILI,Romania – Various medicinal products – LICITATIE MEDICAMENTE -90 LOTURI,"ACICLOVIRUM 200 MG-Cutie x 2 blist. Al/PVC x 10 compr.. -CONFORM CAIETULUI DE SARCINI | AMIODARONUM 200MG -Cutie cu 3 blist. PVC/Al x 10 compr.- CONFORM CAIETULUI DE SARCINI | AMIODARONUM 50MG/ML -Cutie cu 10 fiole din sticla transparenta, cu capacitatea de 5 ml x 3 ml conc. pt. sol. inj./perf. | COMBINATII ANSIODEP ( Extract uscat de flori de tei (Tilia platyphullos sp.), flavonoide, extract uscat de flori de musetel (matricaria chamomilla), apigenina, extract uscat de mac californian (Eschscholtzia californica), protopina, extract uscat de floarea pasiunii)-SIROP x150ML | APTAMIL AR LAPTE PRAF ANTIREGURGITARE X300G - CONFORM CAIETUL DE SARCINI | APTAMIL CONFORT COLICI SI CONSTIPATIE X400G - CONFORM CAIETULUI DE SARCINI | AZITHROMYCINUM 200MG/5ML - Cutie cu 1 flac. PEID + 1 seringa dozatoare din PE/PP (10 ml) gradata in diviziuni de 0,25 ml continand pulb. pt 20 ml (800 mg) susp. Orala- CONFORM CAIETUL DE SARCINI | AZITHROMYCINUM 250MG -Cutie cu 1 blist. PVC-PVDC/Al x 6 compr. film. - CONFORM CAIETUL DE SARCINI | POVIDONUM IODINATUM 100MG/G -Cutie x 1 tub Al x 20 g unguent - CONFORM CAIETULUI DE SARCINI | BETAXOLOLUM 2,5mg/ml -Cutie cu 1 flac. transparent din PEJD prevazut cu picurator transparent din PEJD x 5 ml pic. oft. susp.-CONFORM CAIETULUI DE SARCINI | COMBINATII (BETAMETHASONUM+TETRYZOLINUM) 0,5mg/1mg/ml -Cutie cu 1 flacon din PEJD opac, de culoare alba x 10 ml spray nazal, susp., prevazut cu nebulizator din PE de culoare alb-opac- CONFORM CAIETULUI DE SARCINI | CANEPHRON 1 drajeu conţine: Centaurii herba (iarbă de ţintaură), pulbere 18 mg; Levistici radix (rădăcină de leuştean), pulbere 18 mg; Rosmarini folium (frunză de rozmarin), pulbere 18 mg. Cutie cu 3 blist. Al/PVC-PVDC x 20 draj. | CARBAMAZEPINUM 200MG -Cutie cu 5 blist. PVC/Al x 10 compr.- CONFORM CAIET DE SARCINI | CARBO MEDICINALIS -carbune activat 50 g granule pentru suspensie-CONFORM CAIET DE SARCINI | CEFOTAXIMUM 1G Cutie cu 10 flac. din sticla incolora cu capacitatea de 17 ml cu pulb. pt. sol inj./perf.- CONFORM CAIETULUI DE SARCINI | CEFTAZIDIMUM 1G Cutie cu 10 flac. din sticla incolora, capacitate 15 ml continand pulb. pt. sol. inj./perf. - CONFORM CAIETULUI DE SARCINI | PANTOPRAZOLUM 40MG Cutie de carton cu blist. din Al/Al cu ranforsare din carton x 30 compr. gastrorez. - CONFORM CAIETULUI DE SARCINI | DEXPANTHENOLUM 50mg/g -Cutie x 1 tub Al, prevazut cu aplicator x 10 g gel oft. - CONFORM CAIETULUI DE SARCINI | DECASEPT-COMBINATII Vitamina B1 - 0.5 mg; Vitamina B6 - 1.66 mg; Ulei esential de Eucalipt - 3.33 mg; Ulei esential de Lamaie - 2 mg; Ulei esential de Cedru - 1.5 mg; Ulei esential de Cimbru de cultura - 0.5 mg.X 24CP.-CONFORM CAIETULUI DE SARCINI | ACIDUM VALPROICUM + SARURI 57.64 MG/ML -Cutie x 1 flacon x 150 ml sirop + 1 lingurita dozatoare- CONFORM CAIETUL DE SARCINI | ACIDUM VALPROICUM + SARURI 300mg Cutie x 2 flac. din PP x 50 compr. elib. prel.- CONFORM CAIETULUI DE SARCINI | DERMADEP CREMA (Pe bază de: Skin Save® * (formula inovativă pe bază de extract de capere, Ficus Indian și Maslin), Fitosfingozine, Acid 18-β-Gliciretic, Uree 3%, Extract de ovăz, Ulei de Jojoba, Gălbenele, Migdal dulce și Susan.) X 50G - CONFORM CAIET DE SARCINI | DESLORATADINUM 0.5MG/ML-CONFORM CAIET DE SARCINI | DIAZEPAMUM 5 mg/2,5 ml -Cutie cu 5 pungi tubulare continand fiecare cate 1 tub din PEJD x 2,5 ml sol. Rectala- CONFORM CAIETULUI DE SARCINI | DICARBOCALM-COMBINATII carbonat de calciu/carbonat de magneziu/trisilicat de magneziu -Cutie cu 2 blist. PVC/Al x 10 compr. mast.-CONFORM CAIETULUI DE SARCINI | COMBINATII (BETAMETHASONUM+GENTAMICINUM)0,5 mg/1 mg pe gram- Cutie x 1 tub din Al x 15 g crema- CONFORM CAIETUL DE SARCINI | DOBUTAMINUM 250mg/50ml -Cutie cu 1 flac. din sticla incolora de tip I x 50 ml sol. perf.- CONFORM CAIETULUI DE SARCINI | DORZOLAMIDUM 20mg/ml Cutie cu 1 flac. PEJD, prevazut cu picurator din PEJD x 5 ml pic. oft., sol.- CONFORM CAIETULUI DE SARCINI | EPHEDRINI HYDROCHLORIDUM 50MG/ML -Cutie cu 5 fiole din sticla incolora, prevazute cu inel de rupere, a câte 1 ml sol. inj.- CONFORM CAIETULUI DE SARCINI | ERDOSTEINUM 175MG/5ML -Cutie cu 1 flac. din sticla bruna a 50 g pulb. pt. obtinerea a 100 ml susp. orala + 1 masura dozatoare din PP- CONFORM CAIETUL DE SARCINI | ROCURONIUM BROMIDE 10MG/ML Cutie cu 10 flac. din sticla incolora x 5 ml sol. inj.- CONFORM CAIET DE SARCINI | SIMETHICONUM 40MG/ML -Cutie cu 1 flac. din sticla bruna, prevazut cu picurator din PE x 30 ml pic. orale, emulsie- CONFORM CAIETULUI DE SARCINI | AMBAZONUM 10MG -Cutie cu un blister din Al/PVC-PE-PVDC transparent, maro x 10 compr. de supt Volum ambalaj - CONFORM CAIETULUI DE SARCINI | FLUTICASONUM 125 µg/doza INHALER CFC-Free Cutie cu 1 flac. din Al presurizat x 60doze, prevazut cu valva dozatoare si dispozitiv de administrare - CONFORM CAIETULUI DE SARCINI | FLITICASONUM PROPIONAT NEBULES 0.5MG/2ML susp.inh*10f - CONFORM CAIETULUI DE SARCINI | FLITICASONUM PROPIONAT NEBULES 2MG/2ML susp.inh*10f- CONFORM CAIETULUI DE SARCINI | ACETYLCYSTEINUM 20mg/ml Cutie cu 1 flac. din sticla bruna x 100 ml sol. orala + masura dozatoare din PP (5 si 10 ml) - CONFORM CAIETULUI DE SARCINI | COMBINATII (ACIDUM FUSIDICUM+HYDROCORTISONUM) 20mg/10mg Cutie x 1 tub din Al x 15 g crema- CONFORM CAIETULUI DE SARCINI | FURAZOLIDONUM 25MG -Cutie cu 1 blist. PVC/Al x 10 compr.- CONFORM CAIETULUI DE SARCINI | HIPP AR FORMULA DE LAPTE SPECIALA X 300G contine faina de roscove- CONFORM CAIETULUI DE SARCINI | INDOMETACINUM 1MG/ML - Cutie x 1 flacon picurator din polietilena x 5 ml picaturi oft., sol.- CONFORM CAIETULUI DE SARCINI | IMUNOGLOBULINE IMUNOGLOBULINA UMANA 50g/l x 100ml.Cutie cu 1 flac. din sticla a 100 ml sol. perf.-CONFORM CAIETULUI DE SARCINI | IPRATROPII BROMIDUM 20micrograme/doza -Cutie cu 1 flac. presurizat din Al x 200 doze sol. de inhalat presurizata- CONFORM CAIETULUI DE SARCINI | KANAMYCINUM 10MG/G -Cutie x 1 tub Al x 6 g-CONFORM CAIETULUI DE SARCINI | KETOROLACUM TROMETHAMIN 30MG/ML x 10 fiole-CONFORM CAIETULUI DE SARCINI | CLARITHROMYCINUM 125MG/5ML -Cutie cu 1 flac. PEID cu granule pt. 100 ml susp. orala + 1 lingurita dozatoare x 2,5 ml/5 ml-CONFORM CAIETULUI DE SARCINI | KREON 10000-PANCREATINUM 150MG Cutie cu 2 blist. din Al-Al a câte 10 caps. Gastrorez.- CONFORM CAIETULUI DE SARCINI | LAMOTRIGINUM 250MG Cutie cu blist. PVC/Al x 28 compr - CONFORM CAIETULUI DE SARCINI | LEVETIRACETAMUM 100MG/MLX300ML sirop- CONFORM CAIETULUI DE SARCINI | LEVETIRACETAMUM 500MG x30 plicuri din hartie/Al/PE continand granule drajefiate-CONFORM CAIETULUI DE SARCINI | LEVETIRACETAMUM CONC. PT. SOL. PERF. 100mg/ml Cutie cu 10 flac. din sticla incolora x 5 ml conc. pt. sol. perf.-CONFORM CAIETULUI DE SARCINI | LEVOFLOXACINUM 5MG/ML Cutie cu 1 flac. din sticla transparenta cu capacitatea de 100 ml, cu dop din cauciuc bromobutilic si capac din Al a 100 ml sol. perf.-CONFORM CAIETULUI DE SARCINI | LEVURIN X 10PL-COMBINATII 250 mg de pulbere liofilizata de Saccharomyces boulardii si 1000 mg de inulina-CONFORM CAIETULUI DE SARCINI STR DACIA, NR 1, MUN PITESTI, JUD ARGES - FARMACIA SPITALULUI | BACLOFENUM 10MG Cutie cu 5 blist. PVC-PE- PVDC/Al x 10 compr.-CONFORM CAIETULUI DE SARCINI | HYDROCORTISONUM BUTYRATUM 1MG/G -Cutie cu 1 flac. din Al x 30 g crema-CONFORM CAIETULUI DE SARCINI | AMINOPHYLLINUM 24MG/ML -Cutie cu 5 fiole din sticla incolora, prevazute cu inel de rupere sau cu punct de rupere sau cu inel de rupere si un inel colorat (verde) pe gâtul fiolei pentru identificare, a câte 10 ml sol. inj.-CONFORM CAIETULUI DE SARCINI | NEOSTIGMINI METILSULFAS 0.5MG/ML -Cutie x 5 fiole din sticla incolora cu inel de rupere x 1 ml sol. inj. -conform caietului de sarcini | MIVACURIUM 20MG/10ML -Cutie cu 5 fiole din sticla incolora x 10 ml sol. inj./perf.- CONFORM CAIET DE SARCINI | TOLPERISONUM 50mg Cutie cu 3 blist. PVC/Al x 10 compr. film. - CONFORM CAIET DE SARCINI | COMBINATII ( NETILMICINUM + DEXAMETHASONUM) 3mg/1mg/ml -Cutie x 1 flacon din PEJD x 5 ml pic. oft.sol.-CONFORM CAIET DE SARCINI | ESOMEPRAZOLUM 10MG -Cutie cu 28 plicuri din PET/Al/PEJD cu granule gastrorez. pt. susp. orala- CONFORM CAIET DE SARCINI | NYSTATINUM 500000 UI -Cutie cu 2 blist. PVC/Al x 10 compr. film.- CONFORM CAIET DE SARCINI | OMEPRAZOLUM 20MG X 30 CPS- CONFORM CAIET DE SARCINI | OMNI BIOTIC combinatii Amestec din 10 tulpini de bacterii lactice: Lactoacillus acidophilus W55, Lactobacillus acidophilus W37, Lactobacillus paracasei W72, Lactobacillus rhamnosus W71, Enterococcus faecium W54, Lactobacillus salivarius W24, Lactobacillus pantarum W62, Bifidobacterium bifidum W23, Bifidobacterium lactis W18, Bifidobacterium longum W51 - CONFORM CAIET DE SARCINI | IMUNOGLOBULINE IMUNOGLOBULINA UMANA 100MG/ML.Cutie x 1 flac.x 25 ml sol. perf.- CONFORM CAIET DE SARCINI | PROPOSEPT BLUE X 20CAPS (extract de propolis: aroma de lamaie; ulei esential de menta (Mentha piperita); ulei esential de eucalipt (Eucalyptus globulus); ulei esential de pin (Pinus sylvestris); ulei esential de busuioc (Ocimum basilicum); albastru de metilen) - CONFORM CAIET DE SARCINI | SULFADIAZINUM 10MG/G - Cutie cu 1 tub din Al x 50 g crema-CONFORM CAIET DE SARCINI | SEVOFLURANUM 250ML -Cutie cu 1 flac. din sticla bruna tip III, continând 250 ml (379,25 g) lichid pentru vapori de inhalat, prevazut cu capac cu filet si con (pelicula) si adaptor (inel) pt. vaporizator-CONFORM CAIET DE SARCINI | COMBINATII (DORZOLAMIDUM + TIMOLOLUM) 20mg/5mg/ml- Cutie cu 1 flac. PE alb, opac +picurator PEJD x 5 ml pic. oft. sol.- CONFORM CAIET DE SARCINI | SINUPRET X 50 DJ-COMBINATII PLANTE -părţi aeriene de verbină, pulbere 18 mg; rădăcină de genţiană, pulbere 6 mg; părţi aeriene de măcriş, pulbere 18 mg; floare de soc, pulbere 18 mg; floare de ciuboţica-cucului cu caliciu, pulbere 18 mg. -Cutie cu 2 blist. Al/PVC-PVDC x 25 draj. -CONFORM CAIET DE SARCINI | SOLUTIE RINGER LACTATX500ML-COMBINATII Cutie cu 10 flac. din PEJD Ecoflac plus x 500 ml sol. perf.- CONFORM CAIET DE SARCINI | SUGAMMADEXUM 100MG/ML Cutie cu 10 flac. a 2 ml din sticla incolora, cu sol. inj.-CONFORM CAIET DE SARCINI | BARII SULFAS -Cutie cu 1 flac. din PEID x 95 g pulb. pt. susp. orala, pt. 170 ml susp. orala- CONFORM CAIET DE SARCINI | OSELTAMIVIRUM 30MG -Cutie x 1 blister PVC/PE/PVDC/Al x 10 capsule- CONFORM CAIET DE SARCINI | OSELTAMIVIRUM 75MG -Cutie x 1 blister PVC/PE/PVDC/Al x 10 capsule-CONFORM CAIET DE SARCINI | TASECTAN 500MG X 15CPS-COMBINATII Gelatina tanat 500mg, amidon de porumb, stearat de magneziu. - CONFORM CAIET DE SARCINI | CARBAMAZEPINUM 100mg/5ml -Cutie cu 1 flac. din sticla bruna continând 250 ml suspensie orala si o seringa pentru administrare orala, cu gradatii pentru masurarea volumelor cuprinse între 0,5 ml si 5 ml-CONFORM CAIET DE SARCINI | TONSIPRET Cutie cu 2 blist. a cate 25 comprimate 1 comprimat conţine: Capsicum annuum Dil. D3 75 mg Guaiacum Dil. D3 75 mg Phytolacca americana Ø 50 mg-CONFORM CAIET DE SARCINI | ISOCONAZOLUM 10MG/G -Cutie cu 1 tub din Al x 30 g crema-CONFORM CAIET DE SARCINI | ACIDUM TRANEXAMICUM 500MG/5ML -Cutie cu 6 fiole a cate 5 ml sol. inj.-CONFORM CAIET DE SARCINI | URAKTIV KIDS X 150ML 10 mg fructe de merisor, 12 mg propolis, 15 mg fructe de maces, 20 mg vitamina c-CONFORM CAIET DE SARCINI | UROGLISS x 12,5 G x 25 seringi- CONFORM CAIET DE SARCINI | VANCOMYCINUM 500MG Cutie cu 5 flac. din sticla incolora de tip I, cu capacitatea de 10 ml, inchise cu dop gri din cauciuc bromobutilic, sigilat cu capsa metalica prevazuta cu disc din plastic tip flip-off | SALBUTAMOLUM 5MG/ML -Cutie cu 1 flac. din sticla bruna x 10 ml sol. de inhal. prin nebulizator | COMBINATII (NAPROXENUM+ESOMEPRAZOLUM)500mg/20mg Cutie cu blist. Al/Al perforat x 30 compr. elib. modif. | VIRODEP X 30CP ( extracte vegetale standardizate (propolis, maces, echinacea, mustar salbatic, grindelia, cimbru de cultura, eucalipt ) | RETINOLUM 20MG/ML -Cutie x 1 flac. din sticla bruna x 10 ml pic. orale, sol. | THIAMINUM 100MG/2ML -Cutie cu 5 fiole din sticla incolora cu inel de rupere sau cu punct de rupere sau cu inel de rupere si doua inele (albastru si verde) x 2 ml sol. inj. | PYRIDOXINUM 50MG/2ML -Cutie cu 5 fiole din sticla incolora, prevazute cu inel de rupere sau punct de rupere sau cu inel de rupere si 2 inele colorate pe gatul fiolei pt. identificare x 2 ml sol. inj. | XanterNet gel oft 0.4 ml/monodoze x 10 monodoze-COMBINATII (Hialuronat de sodiu, guma xantan, netilmicina 0,3%, fosfat disodic dodecahidrat, fosfat de sodiu monobazic monohidrat, citrat de sodiu, apa purificata) gel oft 0.4ML monodoza",Spitalul de Pediatrie Pitesti,,RO,ROU,,2026-05-27,,https://ted.europa.eu/en/notice/-/detail/360799-2026,2026-08-28T08:02:43+00:00,OFFICIAL_PUBLISHED_NOTICE,True,False,True,SUPPORTING_EVIDENCE,"official notice; no future deadline means supporting evidence, not an open opportunity",,
362612-2026,ted_eu,OFFICIAL_PROCUREMENT,CHILI,Romania – Various medicinal products – LICITATIE MEDICAMENTE 170 LOTURI,"ACICLOVIRUM 50 mg/g crema oftalmica 5g -CONFORM CAIETULUI DE SARCINI | ACICLOVIRUM 50MG/G x 15g CREMA- CONFORM CAIETULUI DE SARCINI | NEFOPAMUM 20MG/2ML sol.inj conform caietului de sarcini | EPINEPHRINUM 1MG/ML sol inj - conform caietului de sarcini | CARBAZOCHROMI SALICYLAS 1.5MG/5MLsol inj - conform caietului de sarcini | METAMIZOLUM NATRIUM 1G/2ML sol inj conform caietului de sarcini | METAMIZOLUM NATRIUM 500mg/ml Pic Orale - conform caietului de sarcini | AMBROXOLUM 7.5MG/ML PIC ORALE SOL. X 20ML conform caietului de sarcini | AMIODARONUM 50MG/ML x 3MLsol inj/perf conform caietului de sarcini | AMOXICILLINUM/ACIDUM CLAVULANICUM 250MG/62.5MG/5ML pulb pt suspensie orala conform caietului de sarcini | AMOXICILLINUM/ACIDUM CLAVULANICUM 125MG/31.25MG/5ML pulb pt suspensie orala conform caietului de sarcini | AMOXICILLINUM + ACIDUM CLAVULANICUM 1000MG/200MG sol. inj. / perf conform caietului de sarcini | AMPICILLINUM 500MG SOL.INJ conform caietului de sarcini | FLUMAZENILUM 0.01MG/ML conform caietului de sarcini | APA PENTRU PREPARATE INJECTABILE X500ML conform caietului de sarcini | COMBINATII (ARTICAINUM+ADRENALINUM) 40 MG/0.005 MG/ML sol inj conform caietului de sarcini | ATRACURIUM 10MG/ML x 5ml sol. inj./perf conform caietului de sarcini | AZITHROMYCINUM 200MG/5ML X 20ML conform caietului de sarcini | AZITHROMYCINUM 100MG/5ML X 20ML - conform caietului de sarcini | AZITHROMYCINUM 250MG conform caietului de sarcini | PANTHENOLUM CREMA 5% X 30G conform caietului de sarcini | INHIBITOR DE ESTERAZA C1, UMANA 500 u.i conform caietului de sarcini | COMBINATII BETHAMETASONUM+CLORAMPHENICOLUM2mg/5mg/ml PIC OFT SUSP conform caietului de sarcini | COMBINATII (BETHAMETASONUM+CLORAMPHENICOLUM) 2mg/5mg/g UNG.OFT conform caietului de sarcini | METOPROLOLUM 5MG/5ML SOL.INJ/PERF conform caietului de sarcini | BETAXOLOLUM 2,5mg/ml sol oft conform caietului de sarcini | COMBINATII (BETAMETHASONUM+TETRYZOLINUM) 0,5mg/1mg/ml –X 10 ML SPRAY NAZAL conform caietului de sarcini | COMBINATII (Clorhidrat de efedrină/hidrocortizon/clorhidrat de nafazolină) PIC NAZALE SOL conform caietului de sarcini | CALCII LACTAS 500mg conform caietului de sarcini | COMBINATII DRAJEE DIN PLANTE MEDICINALE 1 drajeu conţine: Centaurii herba (iarbă de ţintaură), pulbere 18 mg; Levistici radix (rădăcină de leuştean), pulbere 18 mg; Rosmarini folium (frunză de rozmarin), pulbere 18 mg. Drajee conform caietului de sarcini | CARBO MEDICINALIS -carbune activat 50 g granule pentru suspensie conform caietului de sarcini | CEFTRIAXONUM 1G sol. inj./perf. conform caietului de sarcini | CIPROFLOXACINUM 100MG/10ML conc. pt. sol. perf. conform caietului de sarcini | ACIDUM GADOTERICUM 0.5mmol/ml x 50 ml sol inj conform caietului de sarcini | COMBINATII Dispozitiv pentru efectuarea clismei-Fosfat sodic monobazic anhidro(NaH2PO4) g 13,91;fosfat sodic bibazic anhidro(Na2HPO4)G 3,18g;hidroxid de sodiu;benzoat de sodiu;metilparahidroxibenzoat,apa distilata c.s. la 100ml. Sol x133ml conform caietului de sarcini | KALII CHLORIDUM 74,56mg/ml X 20ML conc. pt. sol. perf conform caietului de sarcini | KALII CHLORIDUM 74,56mg/ml X 100ML conc. pt. sol. perf. conform caietului de sarcini | NATRII CHLORIDUM 9mg/ml x 250 ml sol. perf. conform caietului de sarcini | NATRII CHLORIDUM 9mg/ml x 100 ml sol. perf. conform caietului de sarcini | NATRII CHLORIDUM 58,5mg/ml x 20 ml conc. pt. sol. perf. conform caietului de sarcini | NATRII CHLORIDUM 58,5mg/ml x 100 ml conc. pt. sol. perf conform caietului de sarcini | COLISTINUM 1.000.000 UI pulb. pentru sol. inj./perf. conform caietului de sarcini | DEXPANTHENOLUM 50mg/g -Cutie x 1 tub Al, prevazut cu aplicator x 10 g gel oft. conform caietului de sarcini | TRIMEBUTINUM 24mg/5ml -Cutie x 1 flac. din sticla bruna x 152,5 g granule pt. 250ml susp. + masura dozatoare gradata conform caietului de sarcini | ACIDUM VALPROICUM + SARURI 57.64 MG/ML x150ML SIROP conform caietului de sarcini | ACIDUM VALPROICUM + SARURI 300 mg conform caietului de sarcini | COMBINATII-Crema pentru piele atopica (Pe bază de: Skin Save® * (formula inovativă pe bază de extract de capere, Ficus Indian și Maslin), Fitosfingozine, Acid 18-β-Gliciretic, Uree 3%, Extract de ovăz, Ulei de Jojoba, Gălbenele, Migdal dulce și Susan.) X 50ml conform caietului de sarcini | DIFENHIDRAMINUM 30mg/2ml –fiole sol. inj conform caietului de sarcini | CLOBETASOLUM 0.5MG/G CREMA X 25G conform caietului de sarcini | DEXAMETHASONUM 4mg/ml - fiole din sticla bruna x 2 ml sol. inj - conform caietului de sarcini | COMBINATII (TOBRAMYCINUM+DEXAMETHASONUM) 3 mg+1 mg/ml Cutie cu 1 flac. PEJD de capacitate 5 ml + picurator din PEJD care contine pic. oft., susp.- conform caietului de sarcini | DIAZEPAMUM 5mg/ml - fiole x 2 ml sol. inj. conform caietului de sarcini | DIAZEPAMUM 5 mg/2,5 ml - pungi tubulare continand fiecare cate 1 tub din PEJD x 2,5 ml sol. Rectala - conform caietului de sarcini | DICLOFENACUM 12.5mg - supozitoare - conform caietului de sarcini | DICLOFENACUM CREMA 10MG/G X 30G - conform caietului de sarcini | DICLOFENACUM SODIC 100 mg supoz. conform caietului de sarcini | DIOSMECTITA 3G/PLIC PULB PT SUSP ORALA sa aiba cod cim - conform caietului de sarcini | DOBUTAMINUM 250mg - conform caietului de sarcini | DOXYCYCLINUM 100MG caps - conform caietului de sarcini | COMBINATII supliment nutritional - Sirop uscat de glucoza, ulei fractionat de nuca de cocos, ulei hibrid de sofranel, ulei de rapita, emulgator - esteri ai acidului lactic cu mono- si digliceride x 400g dieta speciala | ENALAPRILUM 1.25MG/ML - conform caietului de sarcini | COMBINATII Probiotice, prebiotice si simbiotice Lactobacillus casei de origine umană (microorganism depus la Institutul Pasteur din Paris - Brevetul Sofar I-1572) 375 mg 30 de miliarde de celule vii) ;Ulei de floarea soarelui, aromă de biscuit. x 10ml - confom caietului de sarcini | COMBINATII Probiotice, prebiotice si simbiotice Contine tulpina Lactobacilul casei DG, un lactobacil atent studiat si pantentat la Institutul Pasteur din Paris. Nu contine gluten, lactoza, zahar. Flacon x 10ml conform caietului de sarcini | COMBINATII Probiotice, prebiotice si simbiotice ce contine L. casei (Lactobacillus paracasei CNCM I-1572), un lactobacil pantentat la Institutul Pasteur din Paris. Nu contine gluten, lactoza, zahar Picuri x 3g conform caietului de sarcini | SULFAMETHOXAZOLUM + TRIMETHOPRIMUM 200 mg/40 mg/5 ml -Cutie x 1 flacon din sticla bruna cu masura dozatoare x 100 ml susp. Orala - conform caietului de sarcini | FENTANYLUM 50 micrograme/ml - fiole -sol. inj.X 10ML conform caietului de sarcini | PHYTOMENADIONUM 10MG/ML -fiole din sticla bruna prevazute cu punct de rupere x 1 ml sol. inj. conform caietului de sarcini | FLUTICASONUM 125 µg/doza INHALER CFC-Free Cutie cu 1 flac. din Al presurizat x 60 doze, prevazut cu valva dozatoare si dispozitiv de administrare conform caietului de sarcini | FLUCONAZOLUM 2MG/ML - Cutie cu 1 flac. PEJD (KabiPac) x 50 ml sol. perf. conform caietului de sarcini | NALOXONUM 0.4MG/ML - fiole din sticla incolora a cate 1 ml sol. inj./perf. conform caietului de sarcini | FURAZOLIDONUM 25MG -comprimate conform caietului de sarcini | FUROSEMIDUM 20MG/2ML - fiole din sticla bruna cu inel de rupere x 2 ml sol. inj. conform caietului de sarcini | FUROSEMIDUM 40MG - compr. conform caietului de sarcini | GADOBUTROLUM 1MMOL/ML -Cutie cu 1 flac. din sticla incolora x 15 ml sol. inj. | GADOBUTROLUM 1MMOL/ML -Cutie cu 1 flac. din sticla incolora x 7,5 ml sol. inj. confom caietului de sarcini | GELATINUM 4G/100ML SOL.PERF. flac.monobloc din PEJD x 500 ml conform caietului de sarcini | GENTAMICINUM 80MG/2ML -fiole din sticla x 2 ml sol. inj. conform caietului de sarcini | GENTAMICINUM 40MG/1ML -fiole din sticla x 1 ml sol. inj. | CALCII GLUCONAS 94mg/ml - fiole din PEJD x 10 ml sol. inj. conform caietului de sarcini | CALCII GLUCONAS 95mg/ml din sticla incolora x 10 ml sol. inj. | GLUCOSUM 50MG/ML -flac. din PEJD PLASCO x 500 ml sol. perf. conform caietului de sarcini | GRANISETRONUM 1MG/ML - fiole din sticla incolora x 3 ml sol. inj. conform caietului de sarcini | GLICEROLUM -SUPOZITOARE CU GLICERINA COPII 1375 MG conform caietului de sarcini | COMBINATII Probiotice, prebiotice si simbiotice - PLICURI amidon de cartofi (agent de incarcare), culturi de bacterii probiotice (Lactobacillus acidophilus HA-122, Lactobacillus casei HA-108, Bifidobacterium bifidum HA-132), gelatina (capsula), stearat de magneziu (lubrifiant), acid ascorbic (corector de aciditate)- conform caietului de sarcini | HYDROCORTISONUM 10MG/G UNG X 20 G conform caietului de sarcini | HYDROCORTISONUM 19,6mg/5ml SOL.INJ. conform caietului de sarcini | AMPICILLINUM+SULBACTAMUM 1000mg/500mg pulb pt sol inj/perf conform caietului de sarcini | COMBINATII- SOLUTIE DE REHIDRATARE ORALA pe baza de mar- Apa 83%, suc de mar (16%), maltodextrina, sare de masa iodata, citrat de potasiu, corector de aciditate: acid citric conform caietului de sarcini | COMBINATII – SOLUTIE DE REHIDRATARE ORALA pe baza de morcov si mucilagiu de orez apă, morcovi(26%), orez(2%), sirop de glucoză, sare de masă iodată, citrat de sodiu, citrat de potasiu, regulator de aciditate, acid citric. conform caietului de sarcini | INSULINUM LISPRO SUSP. INJ. IN STILOU INJECTOR PREUMPLUT 100U/ml- stilouri injectoare preumplute X 3ML conform caietului de sarcini | IMIPEMENUM/CILASTATINUM 500MG/500MG pulb pt sol perf conform caietului de sarcini | INDOMETACINUM 1MG/ML X 5ML PIC OFT conform caietului de sarcini | COMBINATII (LIPIDE) 200G/1000ML x 500ml conform caietului de sarcini | IOMEPROLUM 300 612.4MG/ML SOL INJ X 50ML conform caietului de sarcini | COMBINATII (KANAMYCINUM+HYDROCORTISONUM) 5mg/10mg/g x 6g conform caietului de sarcini | KETOTIFENUM 1MG/5ML SIROP X 100ML conform caietului de sarcini | CLARITHROMYCINUM 250MG COMP.FILM. conform caietului de sarcini | LAMOTRIGINUM 25 MG COMPR. conform caietului de sarcini | COMBINATII spray 30ml Echinacea (Echinacea angustifolia)/(8-10/1); cimbru de cultura (Thymus vulgaris)/(4:1); propolis; acerola (Malpighia punicifolia)/(2-3:1); lemn-dulce (Glycyrrhiza glabra), hialuronat de sodiu. conform caietului de sarcini | IBUPROFENUM 200MG – COMPR.FILM conform caietului de sarcini | METHYLPREDNISOLONUM 125MG/2ML SOL.INJ./PERF. conform caietului de sarcini | LIDOCAINUM 4.6 MG/DOZA SPRAY SOLUTIE, 38 G conform caietului de sarcini | LINEZOLIDUM 2 mg/ml sol. perf. 300 ml conform caietului de sarcini | BACLOFENUM 10MG COMPR conform caietului de sarcini | HYDROCORTISONUM BUTYRATUM 1MG/G CREMA X 30G sol.inj conform caietului de sarcini | BUPIVACAINUM 5MG/ML SOL.INJ. X 4ML conform caietului de sarcini | MEROPENEMUM 500MG SOL.INJ./PERF conform caietului de sarcini | METOCLOPRAMIDUM 5MG/ML x 2 ml sol. inj. conform caietului de sarcini | PANCREATINUM 125MG cu cod CIM - COMPR. GASTROREZ conform caietului de sarcini | PETHIDINUM 50MG/ML X 2ML SOL.INJ. conform caietului de sarcini | MICONAZOLUM 20MG/G -Cutie cu 1 tub x 20 g crema conform caietului de sarcini | MIDAZOLAMUM 5MG/ML SOL.INJ.PERF. X10ML conform caietului de sarcini | TOLPERISONUM 50mg -compr. film. crema conform caietului de sarcini | MIVACURIUM 20MG/10ML x 10 ml sol. inj./perf. conform caietului de sarcini | COMBINATII Antivomitive - PIC ORALE X 20ML- radacina de ghimbir SynerSHIELD® (Zingiber, apa, glicerol, fructooligozaharide), apa, glicerol, sorbat de potasiu, benzoat de sodiu (conservanti). conform caietului de sarcini | COMBINATII -- FIOLE X 5ML SOLUTIE SALINA HIPERTONICA 3% CU ACID HIALURONIC (1000 -1400 Kda) conform caietului de sarcini | COMBINATII- SOLUTIE SALINA HIPERTONICA 3% ,contine clorură de sodiu – 3 g, apă purificată qs ad 100 ml. FIOLE X 4ML conform caietului de sarcini | KETOCONAZOLUM 20MG/G CREMA X 15G conform caietului de sarcini | NORADRENALINUM 1MG/ML X8ML - FIOLE CONCENTRAT PT SOL PERF conform caietului de sarcini | DROTAVERINUM 40MG/2ML SOL INJ conform caietului de sarcini | METAMIZOLUM NATRIUM 300 mg SUPOZ. conform caietului de sarcini | INSULINUM ASPART 100UI/ML x 3 ml sol. inj conform caietului de sarcini | COMBINATII- FORMULA DE LAPTE PRAF DIETA COMPLETA PT JUNIORI conform caietului de sarcini | OMEPRAZOLUM 40 MG PULB.PT SOL. PERF. conform caietului de sarcini | OMEPRAZOLUM 10 MG CAPS.GASTROREZ. conform caietului de sarcini | MANNITOLUM 150MG/ML X 100 ML sol perf conform caietului de sarcini | COMBINATII (CHLORAMPHENICOLUM+FLUOCINOLONUM+LIDOCAINUM) 5mg/ml+0,5mg/ml+10mg/ml x 10 ml pic. auriculare, sol. conform caietului de sarcini | OXACILLINUM 500MG . sol. inj./perf. conform caietului de sarcini | IBUPROFENUM 20MG/ML X 100 ML sirop conform caietului de sarcini | PANTOPRAZOLUM 40MG PULB..PT SOL.INJ. conform caietului de sarcini | PARACETAMOLUM 125 MG SUPOZ. conform caietului de sarcini | PARACETAMOLUM 500 MG COMPR conform caietului de sarcini | PARACETAMOLUM 10MG/ML sol.perf. x100ML conform caietului de sarcini | OXELADINUM 2MG/ML SIROP*125ML conform caietului de sarcini | BENZYLPENICILLINUM 1 000 000 UI PULB.PT SOL.INJ. conform caietului de sarcini | PIPERACILLINUM + TAZOBACTAMUM 2g/0,25g PULB.PT SOL.PERF. conform caietului de sarcini | PROPOFOLUM 10MG/ML X 20ML EMULSIE PERF./INJ. conform caietului de sarcini | COMBINATII-TRIAMCINOLONUM +NEOMICINUM+NYSTATINUM CREMA X 15 G conform caietului de sarcini | COMBINATII –SARURI DE REHIDRATARE ORALA X 12 PLICURI A SI B conform caietului de sarcini | XYLOMETAZOLINUM 0.5MG/ML SPRAY NAZAL SOL X10 ML conform caietului de sarcini | ROPIVACAINUM 10MG/ML X 20 ML SOL.INJ. conform caietului de sarcini | LANATOPROSTUM 50 MCG/ML SOL.OFT. x 2,5 ml conform caietului de sarcini | COMBINATII- SOLUTIE RINGER SOL.PERF.FL X 500ML conform caietului de sarcini | DROTAVERINUM 40MG COMPR. conform caietului de sarcini | COMBINATII Picaturi orale Extract uscat de musetel (Matricaria chamomilla) 135 mg, Apigenina 0.3%, extract uscat de roinita (Melissa officinalis) 135 mg, Acid rozmaric 2%, extract uscat de fenicul (Feniculum vulgare) 108 mg, ulei volatil 1%, extract uscat de nalba de padure (Malva sylvestris) 108 mg, Polizaharide 30%, extract uscat de lemn-dulce (Glycyrrhiza glabra) 54 mg, extract hidrogliceric de galbenele (Calendula officinalis) 54 mg. FL X30ML conform caietului de sarcini | COMBINATII Amilmetacrezol/alcool 2,4 diclorbenzilic - pastile conform caietului de sarcini | TEICOPLANINUM 400 MG PULB+SOLV. PT. SOL. INJ./PERF. SAU SOL. ORALA conform caietului de sarcini | VACCIN TETANIC ADSORBIT 0.5ML/doza -Cutie cu 1 seringa preumpluta din sticla incolora, monodoza x 0,5 ml, susp. inj. conform caietului de sarcini | CARBAMAZEPINUM 100MG/5ML SUSP.ORALA X 250ML conform caietului de sarcini | COMBINATII (TOBRAMYCINUM + DEXAMETAZONUM) 3mg/1mg/g x 3,5 g ung. oft. conform caietului de sarcini | TOBRAMYCINUM 3MG/ML X 5 ML conform caietului de sarcini | COMBINATII comprimate - 1 comprimat conţine: Capsicum annuum Dil. D3 75 mg Guaiacum Dil. D3 75 mg Phytolacca americana Ø 50 mg conform caietului de sarcini | TRAMADOLUM 50MG/1ML SOL.INJ. conform caietului de sarcini | ISOCONAZOLUM 10MG/G X 30G CREMA conform caietului de sarcini | PANCREATINUM 275MG COMPR.GASTROREZ. conform caietului de sarcini | TROPICAMIDUM 5MG/ML x 10ML PIC.OFT.SOL. conform caietului de sarcini | COMBINATII – Sirop x 150ml -Gheara pisicii (Uncaria tomentosă), propolis, nalba mare (Althaea officinalis)/(4:1), lichen de piatră (Cetrăria islandică)/(4:1), cimbru de cultură (Thymus vulgaris)/(4:1), castan (Castănea vescă)(1:200), echinacea (Echinacea angustifolia)/(1:1) roua cerului (Droserrotundifolia)/(1:1), troscot japonez (Polygonum cuspidatum), portocala dulce (Citrus sinensis) conform caietului de sarcini | ACIDUM TRANEXAMICUM 500MG/5ML -FIOLE SOL.INJ conform caietului de sarcini | DIFENHIDRAMINUM 20mg/g -Cutie cu 1 tub din Al x 20 g unguent conform caietului de sarcini | COMBINATII- GEL LUBREFIANT STERIL ANESTEZIC x 12,5 G x 25 seringi conform caietului de sarcini | COMPLEX DE HIDROXID DE FER (III) SUCROZA 100mg/5 ml x 5 ml sol.inj./perf. conform caietului de sarcini | SALBUTAMOLUM 5MG/ML X10ML SOL. conform caietului de sarcini | COMBINATII (NAPROXENUM+ESOMEPRAZOLUM) 500MG/20MG COMPR.CU ELIB.MODIF. conform caietului de sarcini | ACICLOVIRUM 250MG -PULB.PT.SOL.INJ./PERF. conform caietului de sarcini | ACIDUM ASCORBICUM 500 MG COMPR. conform caietului de sarcini | HYDROXYETHYL-AMIDON 60G/1000ML FL SAU PUNGA X 500ML SOL.PERF conform caietului de sarcini | COMBINATII- GEL OFTALMIC TRANSPARENT STERIL- gel oft 0.4 ml/monodoze x 10 monodoze- (Hialuronat de sodiu, guma xantan, netilmicina 0,3%, fosfat disodic dodecahidrat, fosfat de sodiu monobazic monohidrat, citrat de sodiu, apa purificata) gel oft 0.4ML monodoza conform caietului de sarcini | LIDOCAINUM 10MG/ML SOL.INJ.X10ML conform caietului de sarcini | LEVOCETIRIZINUM 5MG/ML X20 ML PIC.ORALE conform caietului de sarcini | CETIRIZINUM 10MG/ML X 20ML PIC.ORALE conform caietului de sarcini",Spitalul de Pediatrie Pitesti,,RO,ROU,,2026-05-27,,https://ted.europa.eu/en/notice/-/detail/362612-2026,2026-08-28T08:02:43+00:00,OFFICIAL_PUBLISHED_NOTICE,True,False,True,SUPPORTING_EVIDENCE,"official notice; no future deadline means supporting evidence, not an open opportunity",,
497369-2024,ted_eu,OFFICIAL_PROCUREMENT,CHILI,"Hungary – Food, beverages, tobacco and related products – Élelmiszeripari termékek és alapanyagok beszerzése","Hús és húskészítmények Szállítás gyakorisága: hetente 3 alkalom Megnevezés / 1 éves felhasználás mennyisége/ Mennyiségi egység Szarvas apróhús 20 kg Marha színhús: lapocka csont nélkül 250 kg nyak 350 kg rostélyos csont nélkül 150 kg Sertéshúsrészek: tarja csont nélkül 1 400 kg comb csont nélkül 400 kg lapocka csont nélkül 2 600 kg karaj csont nélkül 200 kg oldalas (csíkozva) 300 kg Köröm (megrendelés db-ban) 150 kg malackaraj bőrős, csont nélkül 30 kg dagadó csont nélkül 400 kg húsos csont 100 kg fehér csont 400 kg csontozott csülök 60 kg bőrke (kocsonyahús) 30 kg Sertés zsír 50 kg Sertés belsőség: pacal (csíkozott,fagyasztott,előfőzött) 70 kg Füstölt sertéshús: tarja 400 kg csülök 20 kg marha nyelv 20 kg Szalonnafélék: bacon 30 kg főtt császár 450 kg csécsi 100 kg füstölt csemege szalonna 300 kg erdélyi 250 kg kolozsvári 30 kg Sertéshúskészítmény: tepertő 120 kg disznósajt 100 kg krinolin műbeles 300 kg Frankfurti virsli ,vagy azzal azonos minőség (megrendelés db-ban) 1 000 kg Sonkafélék: sonkaszalámi 200 kg csülöksonka 20 kg pizzasonka 240 kg gépsonka 40 kg szendvicssonka 20 kg Májkészítmények: Gyulai kenőmájas, vagy azzal azonos minőség 250 kg bácskai hurka 200 kg májas hurka 40 kg Véres hurka 40 kg Kolbászfélék: sütnivaló 40 kg debreceni (megrendelés db-ban) 400 kg parasztkolbász 50 kg lecsókolbász 180 kg cserkész 50 kg gyulai páros 10 kg Szalámik: paprikás 40 kg csemege 40 kg téli 10 kg Marhafelvágott : párisi 220 kg Sertésfelvágott: olasz 280 kg zalai 450 kg zöldséges 200 kg soproni 350 kg párisi 100 kg mortadella 180 kg löncs felvágott 300 kg göngyölt sült császár 20 kg csemege karaj 40 kg turista 350 kg Baromfihús és készítményei: Csirkehús előhűtött: alsó comb (megrendelés db-ban) 80 kg felső comb (16-18 dkg)(megrendelés db-ban) 1 000 kg egész comb (megrendelés db-ban) 1 000 kg felsőcomb filé 100 kg mellfilé 450 kg szárny (megrendelés db-ban) 220 kg Pulykahús előhűtött felsőcomb filé 200 kg mellfilé 250 kg Liba előhűtött: szárnytő (megrendelés db-ban) 80 kg felső comb (megrendelés db-ban) 150 kg Baromfifelvágott és készítmény: baromfipárisi 250 kg baromfi mozaik 300 kg pulykasonka 200 kg pulykapárisi 250 kg füstölt pulykapárisi 180 kg csirkemell sonka 80 kg Zsiradékok: étkezési libazsír 0,5 kg-os 300 kg Mélyhűtött termékek: pulykazúza 30 kg csirkemáj szív nélkül 300 kg A terméklista megnevezés oszlopában meghatározott minimum elvárásként előírtaktól és az előírt teljes mennyiségtől eltérni nem lehet. Az egyes termékeknél meghatározott gyártmányra, típusra történő hivatkozások csak a közbeszerzés tárgyának, minőségi követelményeinek egyértelmű és közérthető meghatározása érdekében történtek, a 321/2015.(X.30.) Korm. rend. 46. § (3) bekezdése értelmében ajánlatkérő azzal mindenben egyenértékű terméket elfogad. A megajánlott terméknek az előírttal egyenértékű műszaki paraméterekkel kell rendelkeznie és annak típusát ajánlattevőnek a szakmai ajánlatban meg kell adnia. Az egyenértékűség bizonyítása az ajánlattevő feladata. | Mélyfagyasztott termékek Szállítás gyakorisága: hetente 3 alkalom Megnevezés / 1 éves felhasználás mennyisége/ Mennyiségi egység szilvás gombóc 150 kg sárgabarackos gombóc 80 kg szilvalekváros derelye 200 kg császármorzsa 50 kg nudli 160 kg túrós derelye 60 kg gesztenye massza 1 kg-os 50 kg szalagos fánk (baracklekvárral töltve) 50 kg baromfi vagdalt 50 kg Leveles tészta (24x500g) 120 kg Fagyasztott gyümölcsök alma kocka 600 kg meggy magozott 750 kg őszibarack felezett 50 kg szilva felezett 100 kg szamóca 60 kg egres 40 kg málna 30 kg erdei gyümölcs mix 30 kg Fagyasztott zöldségek zöldborsó 1 800 kg sárgahüvelyű zöldbab 1 200 kg karfiol rózsa 600 kg brokkoli 600 kg sárgarépakocka 1 000 kg gyökérkocka 1 000 kg zellerkocka 350 kg karalábékocka 250 kg cukkini kocka 30 kg kelbimbó 10 kg kukorica morzsolt 60 kg húsleves zöldség 40 kg gyalult tök 1 200 kg parajkrém 360 kg sóskakrém 150 kg petrezselyemzöld 1 kg-os 10 kg kapor 1 kg-os 10 kg francia zöldségkeverék 100 kg mexikói keverék 40 kg lecsó keverék (paprika,paradicsom) kockázott 20 kg fejtett bab 300 kg fokhagyma gerezdek (tisztított) 40 kg sütőtök kocka 200 kg Hal és halkészítmények Afrikai harcsafilé (bőr nélkül) 380 kg Pangasius halfilé, vagy azzal azonos minőség 60 kg Halászlé sűrítmény 200 gr. 250 db Ponty belsőség 40 kg A terméklista megnevezés oszlopában meghatározott minimum elvárásként előírtaktól és az előírt teljes mennyiségtől eltérni nem lehet. Az egyes termékeknél meghatározott gyártmányra, típusra történő hivatkozások csak a közbeszerzés tárgyának, minőségi követelményeinek egyértelmű és közérthető meghatározása érdekében történtek, a 321/2015.(X.30.) Korm. rend. 46. § (3) bekezdése értelmében ajánlatkérő azzal mindenben egyenértékű terméket elfogad. A megajánlott terméknek az előírttal egyenértékű műszaki paraméterekkel kell rendelkeznie és annak típusát ajánlattevőnek a szakmai ajánlatban meg kell adnia. Az egyenértékűség bizonyítása az ajánlattevő feladata. | Zöldség, gyümölcs és tojás Szállítás gyakorisága: hetente 3 alkalom Megnevezés / 1 éves felhasználás mennyisége/ Mennyiségi egység Burgonya 15 000 kg Tisztított burgonya 500 kg Kifli burgonya 50 kg Uborka kígyó 800 kg Gomba 500 kg Jégcsapretek 300 kg Fokhagyma 200 kg Vöröshagyma 4 000 kg Lilahagyma 300 kg Sütőtök 120 kg Gyökér 20 kg Sárgarépa 2 800 kg Karalábé 550 kg Zellergumó 1 000 kg Alma 5 000 kg Kiwi (megrendelés db-ban) 30 kg Nektarin (megrendelés db-ban) 500 kg Cseresznye 350 kg Meggy 250 kg Földieper 250 kg Sárgabarack 250 kg Körte (megrendelés db-ban) 2 500 kg Mandarin (megrendelés db-ban) 800 kg Narancs (megrendelés db-ban) 1 500 kg Citrom 150 kg Őszibarack (megrendelés db-ban) 400 kg Banán (megrendelés db-ban) 6 000 kg Szilva 200 kg Szőlő csemege 400 kg Dinnye, görög 700 kg Dinnye, sárga 650 kg Gyömbér 10 kg Hónapos retek 720 csomó Újhagyma 1 200 csomó Póréhagyma 500 db Fejes saláta 700 db Jégsaláta 15 db Lolo rosso 20 db Fejes káposzta 800 kg Lila káposzta 200 kg Kelkáposzta 1 000 kg Savanyú káposzta levél 120 kg Savanyú káposzta szálas 550 kg Ecetben tartósított zöldségek (kg-os kiszerelés) kovászos uborka 620 kg ecetes almapaprika édes 80 kg vegyes vágott savanyúság 200 kg ecetes cékla 500 kg csemege uborka 50 kg ecetes dinnye 120 kg káposztával töltött almapaprika édes 25 kg Paradicsom (megrendelés db-ban) 3 000 kg TV paprika (megrendelés db-ban) 800 kg Lecsó paprika 400 kg Kápia paprika 400 kg Kaliforniai paprika 40 kg Hegyes erős 20 db Szárazbab 50 kg Lencse 100 kg Feles borsó 100 kg Árpagyöngy 10 kg Étkezési mák DARÁLVA 40 kg Dióbél 120 kg Cukkini 150 kg petrezselyem zöld 3 200 csomó Francia petrezselyem zöld 20 csomó snidling 80 db bazsalikom 10 csomó zeller zöld 350 csomó kapor 650 csomó Tojás Tojás (fertőtlenített, M-es méretű) 40 000 db A terméklista megnevezés oszlopában meghatározott minimum elvárásként előírtaktól és az előírt teljes mennyiségtől eltérni nem lehet. Az egyes termékeknél meghatározott gyártmányra, típusra történő hivatkozások csak a közbeszerzés tárgyának, minőségi követelményeinek egyértelmű és közérthető meghatározása érdekében történtek, a 321/2015.(X.30.) Korm. rend. 46. § (3) bekezdése értelmében ajánlatkérő azzal mindenben egyenértékű terméket elfogad. A megajánlott terméknek az előírttal egyenértékű műszaki paraméterekkel kell rendelkeznie és annak típusát ajánlattevőnek a szakmai ajánlatban meg kell adnia. Az egyenértékűség bizonyítása az ajánlattevő feladata. | Pékáru Szállítás gyakorisága: naponta az alábbi 3 telephelyre: 1182 Budapest, Alacskai út 22. 1092 Budapest, Mészáros Lőrinc utca 26. 1201 Budapest, Virág Benedek utca 36. Megnevezés / 1 éves felhasználás mennyisége/ Mennyiségi egység Kenyér félbarna szeletelt 1 kg-os 17 000 kg teljes őrlésű szeletelt 1 kg-os 4 000 kg teljes őrlésű formakenyér, szeletelt 1 kg-os 7 000 kg Zsemle vizes 54 g-os 36 000 db mini zsemle 20 g-os 60 db Kifli tejes 44 g-os 5 000 db Baguette 0,5 kg-os 10 db Elkészített péksütemények db-os fonott kalács 0,5 kg-os 3 000 db kuglóf 0,5 kg-os 1 800 db édes aprósütemény 20 kg sós aprópogácsa 30 kg sajtos pogácsa 100 g-os 500 db fatörzs kifli 100 g-os 4 000 db briós 100 g-os 4 000 db puffancs 100 g-os 3 500 db Élesztő 0,5 kg-os 10 kg Cukrászati termékek Kókusz kocka 100 g-os 300 db Piskóta kocka 100 g-os 2 500 db Ízes pikóta tekercs 80 g-os 350 db Linzer karika 100 g-os 1 050 db Ischler 100 g-os 1 050 db Csokoládé torta szelet 120 g-os 1 000 db Gesztenye torta szelet 120 g-os 300 db Gyümölcsös túrótorta szelet 120 g-os 560 db Diabetikus cukrászsütemény (A diabetikus cukrászsüteményeknél a cukrot kérjük helyettesíteni szacharinnal vagy ezzel azonos minőségű édesítőszerrel.) Diabetikus linzer v. ischler 80 g-os 200 db Diabetikus csokoládé torta szelet 100 g-os 200 db A terméklista megnevezés oszlopában meghatározott minimum elvárásként előírtaktól és az előírt teljes mennyiségtől eltérni nem lehet. Az egyes termékeknél meghatározott gyártmányra, típusra történő hivatkozások csak a közbeszerzés tárgyának, minőségi követelményeinek egyértelmű és közérthető meghatározása érdekében történtek, a 321/2015.(X.30.) Korm. rend. 46. § (3) bekezdése értelmében ajánlatkérő azzal mindenben egyenértékű terméket elfogad. A megajánlott terméknek az előírttal egyenértékű műszaki paraméterekkel kell rendelkeznie és annak típusát ajánlattevőnek a szakmai ajánlatban meg kell adnia. Az egyenértékűség bizonyítása az ajánlattevő feladata. | Tej és tejtermékek Szállítás gyakorisága: naponta az alábbi két teljesítési helyszínre: 1182 Budapest, Alacskai út 22. 1201 Budapest, Virág Benedek utca 36 Megnevezés / 1 éves felhasználás mennyisége/ Mennyiségi egység Tej, 1,5 %-os zsírtartalmú, 5 literes 18 000 liter UHT tej 1,5 %-os 1 literes 7 000 liter Laktózmentes tej 1 literes 800 liter Főzőtejszín 20 %-os, 0,5 literes 700 liter Habalap (Hulala) 30 liter Tejföl 20% zsírtartalmú 5 literes 2 300 liter Tejföl 20 %-os poharas 3 000 pohár Laktózmentes tejföl poharas 120 pohár Kefir poharas 175 g-os 10 000 pohár Natur joghurt 5 literes 500 liter Natur joghurt 175 g-os 10 000 pohár Danon gyümölcs joghurt 125 gr. (különféle ízben) 6 000 pohár Zott szivecske joghurt 125 gr. (különféle ízben) 6 000 pohár Zott szivecske puding 125 gr. (különféle ízben) 4 000 pohár Tejszinhabos puding 175 gr. (különféle ízben 4 000 pohár Milli krémpuding 125 gr. (különféle ízben) 4 000 pohár UPDATE gyümölcs joghurt 1 600 pohár UPDATE krémpuding 2 000 pohár UPDATE túró desszert 7 000 db Vajkrém magyaros 250 g-os 200 kg Vajkrém natúr 250 g-os 200 kg Túró félzsíros 0,5 kg-os 100 kg Túró félzsíros 5 kg-os 700 kg Túrórudi pöttyös 30 g-os, vagy azzal azonos minőség 23 000 db Juhtúró 1 kg-os 30 kg 6 cikkelyes kockasajt natúr 200g/ doboz 50 doboz 8 cikkelyes kockasajt natúr 140g/ doboz 300 doboz Krémsajt 1 kg-os 230 kg Tömlős medvesajt 50 g-os 2 000 db Tömlős juhtúró 100 g-os 10 db Kemény sajtok gouda 170 kg edami 220 kg trappista 300 kg köményes 170 kg feta 10 kg ementáli 170 kg füstölt 150 kg FLÓRA light margarin 500 g-os 3 000 kg RÁMA tégla margarin 500 g-os 1 200 kg A terméklista megnevezés oszlopában meghatározott minimum elvárásként előírtaktól és az előírt teljes mennyiségtől eltérni nem lehet. Az egyes termékeknél meghatározott gyártmányra, típusra történő hivatkozások csak a közbeszerzés tárgyának, minőségi követelményeinek egyértelmű és közérthető meghatározása érdekében történtek, a 321/2015.(X.30.) Korm. rend. 46. § (3) bekezdése értelmében ajánlatkérő azzal mindenben egyenértékű terméket elfogad. A megajánlott terméknek az előírttal egyenértékű műszaki paraméterekkel kell rendelkeznie és annak típusát ajánlattevőnek a szakmai ajánlatban meg kell adnia. Az egyenértékűség bizonyítása az ajánlattevő feladata. | Vegyes termékek Szállítás gyakorisága: hetenti 1 alkalom Megnevezés / 1 éves felhasználás mennyisége/ Mennyiségi egység Szardínia, tépőzáras 125 g-os 2 500 db Szardínia, tépőzáras 125 g-os paradicsomos 1 000 db Májkészítmények sertésmájkrém 65 g-os, tépőzáras 3 000 db szárnyasmájkrém 65 g-os, tépőzáras 3 000 db Baromfihúsból készült termékek baromfi pástétom 50 g-os, tépőzáras 500 db Citromlé 1 literes 50%-os 1 800 db Citromlé 1 literes 100 %-os (RAUCH vagy azzal azonos minőségű) 100 db Tartósított és/vagy konzervált zöldség csemege uborka 5 l-es 20 db lecsó 5 l-es 180 db Paradicsompüré 5 kg-os (aranyfácán vagy azzal azonos minőség) 80 db Paradicsompüré 0,85 kg-os (aranyfácán vagy azzal azonos minőség) 80 db Gombakonzerv 5 l-es 10 db Kajszibarack jam 5kg-os 10 db Kajszibarack jam 1 kg-os 80 db Málnadzsem 40 dkg-os 150 db Vegyes gyümölcs íz ládás (sütésálló) 100 kg Mazsola 1 kg-os 20 kg Arany mazsola 1 kg-os 2 kg Napraforgó étolaj 1 l-es 3 000 db Olivaolaj 5 liter Kukoricadara 1 kg-os 80 kg Finomliszt 1 kg-os BL 55-ös 2 000 kg Rétesliszt 1 kg-os 30 kg Bulgur 500 kg Búzadara 1 kg-os 400 kg Hosszúszemű rizs, fényezetlen ""A"" minőségű 1 kg-os 1 300 kg Étkezési keményítő 5 kg Pudingpor 1 kg-os,csokoládé,vanília ízben 40 kg Gála pudingpor 8 dkg-os 20 cs Cukrozatlan UHT tejszinhab spray 700 ml-es (Debic) 20 db Méz kg-os 2 kg Méz, mini 25 g-os 3 200 db Kakaópor 1 kg-os szerencsi, holland, vagy azzal azonos minőség 40 kg Tejcsokoládé figura (mikulás, nyúl) 60 g-os 560 db Szaloncukor zselés ömlesztett 30 kg Szaloncukor Bonbonetti 350 g-os, zselés 550 db Szaloncukor Stühmer 350 g-os 100 dz Szaloncukor Milka 350 g-os 50 dz Cukor kristálycukor 1 kg-os 300 kg kockacukor 250 dkg-os 10 dz porcukor 1 kg-os 150 db Levesbetét Tomadini, vagy azzal azonos minőség cérnácska 300 kg cérnametélt 25 kg rizsszem 20 kg kis karika 200 kg kis csillag 200 kg kis kocka 150 kg gyöngy kagyló 100 kg betütészta 60 kg csigatészta 100 kg reszelt tészta (kézi tarhonya) 100 kg eperlevél 200 kg Körettészta Tomadini, vagy azzal azonos minőség összesen gépi tarhonya 200 kg kis könyök 100 kg orsó 150 kg kis cső 150 kg nagy kocka fodros 450 kg kis szarvacska 150 kg penne 40 kg Makaróni, Tomadini, vagy azzal azonos minőség 100 kg Metélt tészta, Tomadini vékony, vagy azzal azonos minőség 200 kg Spagetti, Tomadini, vagy azzal azonos minőség 100 kg Lasagne tészta 30 kg Capuccino (SWEETAB 3 in 1 fruktózzal) 25 dz Omnia kávé szemes 1 kg-os 20 kg Omnia kávé őrölt 250 g-os 10 csomag Pótkávé, cikória 5 kg-os 40 kg Konzum tea 250 g-os 30 kg Filteres gyümölcstea vegyes ízben MILFORD 150 doboz Tárkonyecet 0,5 l-es 5 db Ecet 1 l-es 20 %-os 60 db Mustár 0,92 kg-os 60 db Mustár 5 kg-os 40 db Majonéz 5 kg-os 20 db Ételízesítő-keverékek Knorr, vagy azzal azonos minőségű ételízesítő 1 kg-os SÓ NÉLKÜL 220 kg Knorr, vagy azzal azonos minőségű füstölt hús ízesítő 1 kg-os 5 kg Bors fekete egész 1 kg-os 1 kg Bors fekete őrölt 1 kg-os 20 kg Fehérbors 250 g-os 40 csomag Oregano 250 g-os 4 csomag Fahéj őrölt 250 g-os 25 csomag Fűszerpaprika csemege 1 kg-os 180 kg Köménymag őrölt 1 kg-os 12 kg Majoranna morzsolt 250 g-os 20 csomag Szegfűszeg 250 g-os, őrölt 20 csomag Bazsalikom 250 g-os 2 csomag Tárkony morzsolt 250 g-os 4 csomag Vaniliás cukor 1 kg-os 20 kg Babérlevél 250 g-os 16 csomag Szerecsendió őrőlt 250 g-os 10 csomag Só finomított, jódozott 1 kg-os 1 200 kg Halászlé kocka 10 dz Erős pista 200 g-os 10 db Gulyáskrém 2500 g-os 6 db Piros arany 2500 g-os 6 db Diétás termékek Poly Sweet 250 ml-es 2 200 db Édesítőpor (Pötyi vagy Süssina 75 g classic) 50 db glukonon 500 g-os 70 kg diabetikus miniméz 20 g-os 900 db Diabetikus befőttek 1 l-es alma 650 db meggy 500 db almapüré 260 db Diabetikus dzsem 200 g-os, sárgabarack 400 db Diabetikus minijam 20 g-os 900 db Diabetikus csoki figura (mikulás, nyúl) 30 g. 120 db Diabetikus szaloncukor 250 g-os 100 csomag Befőttek alma 5 l-es 180 db alma 1 l-es 20 db meggy, magozott 5 l-es 180 db meggy, magozott 1 l-es 20 db őszibarack 5 l-es 300 db Ketchup 5 kg-os 15 db Ketchup 0,92 kg-os 60 db Ecetes torma 5 kg-os 5 db Olajbogyó (fekete, magazott) 5 db Minijam 25 g-os, meggy, sárgabarack, őszibarack ízben 3 200 db Szódabikarbóna 50 g-os 60 csomag Sütőpor 1 kg-os 2 kg Sütőrum 1 literes 5 liter Háztartási keksz 1 kg-os 50 kg Babapiskóta 250 g-os 10 csomag Sós aprósütemény (Benei) 10 kg Édes teasütemény (Benei) 150 kg Győri édes keksz 320 csomag Győri kismackó 320 db Piskóta szelet (csomagolt 280 g-os) 26 000 db Cukormentes piskóta szelet (250 g-os, Norbi update vagy azzal azonos minőségű) 7 000 db Sós keksz (kréker) 100 g-os 320 csomag Réteslap 40 csomag Zsemlemorzsa 0,5 kg-os 250 kg Levesgyöngy 70 kg Gyümölcs ivólé sűritmény, Grand Gold Juice, vagy azzal azonos minőségű 1 l-es, narancs, grape-fruit, ananász 36 db Ásványvíz 1,5 l-es szénsavas, mentes 1 600 db Ásványvíz 0,33 l-es Theodora (műanyag flakonos) szénsavas 600 db Ásványvíz 0,33 l-es Theodora (műanyag flakonos) szénsav mentes 120 db Sportkupakos ízesített víz 0,5 literes 250 db Szénsavas üdítő 0,5 l-es (fanta, coca-cola, tonik) 250 db Szörp (narancs, bodza) 0,5 literes 100 liter Vörösbor (Varga Merlot édes) 120 db Pezsgő (Törley félédes, édes) 60 db Dobozos sör (Dreher) 60 db Alkoholmentes pezsgő 60 db Rostos gyümölcslé 1 l-es (szürt alma) 60 db Sió Vitatigris gyümölcslé 1 l-es 360 db Instant teapor Gast-Food 500 g-os (különféle ízben, 100 l tea elkészítéséhez) 1 800 csomag A terméklista megnevezés oszlopában meghatározott minimum elvárásként előírtaktól és az előírt teljes mennyiségtől eltérni nem lehet. Az egyes termékeknél meghatározott gyártmányra, típusra történő hivatkozások csak a közbeszerzés tárgyának, minőségi követelményeinek egyértelmű és közérthető meghatározása érdekében történtek, a 321/2015.(X.30.) Korm. rend. 46. § (3) bekezdése értelmében ajánlatkérő azzal mindenben egyenértékű terméket elfogad. A megaján",Fővárosi Önkormányzat Alacskai Úti Idősek Otthona,,HU,HUN,,2024-08-19,2024-09-19,https://ted.europa.eu/en/notice/-/detail/497369-2024,2026-08-28T08:02:43+00:00,OFFICIAL_PUBLISHED_NOTICE,True,False,True,SUPPORTING_EVIDENCE,"official notice; no future deadline means supporting evidence, not an open opportunity",,
662175-2025,ted_eu,OFFICIAL_PROCUREMENT,CHILI,Hungary – Miscellaneous food products – Különféle élelmiszerek beszerzése 2026. évre,"Szállítási szerződés az alábbi élelmiszerek szállítására: 1. Tőkehúsok, húsrészek (sertés, marha) 11 500 kg szállítására. Részletes leírás, specifikáció a dokumentációban található. A 321/2015. Korm.r. 46.§ (3) bekezdése alapján a szerződés tárgya által indokoltan a műszaki leírás hivatkozik meghatározott gyártmányú, típusú, márkanevű termékre, árura. Ajánlatkérő megítélése szerint így lehetséges a szerződés tárgyának (2) bekezdés szerinti, kellően pontos és érthető leírása. Az ilyen megnevezés mellett a ""vagy azzal egyenértékű"" kifejezést kell szerepeltetni. Felhívjuk a figyelmet, hogy az egyenértékűség bizonyítása az ajánlattevő feladata. Amennyiben a teljes egyenértékűség nem áll fenn, akkor az ajánlatkérő az ajánlatot érvényteleníti a Kbt. 73. § (1) bekezdése e) pontja alapján, mivel ekkor a Kbt. 2.§ (2) bekezdése alapján nem biztosítható az ajánlattevők esélyegyenlősége. Az ajánlattevő által szállított élelmiszer termékeknek meg kell felelnie az élelmiszer termékek forgalomba hozatalára vonatkozó jogszabályoknak, valamint a Magyar Élelmiszerkönyv előírásainak. Ajánlattevő kizárólag I. osztályú minőségű árura vonatkozóan tehet árajánlatot, illetve az Ajánlatkérő csak I. osztályú minőségű árut fogad el. | Szállítási szerződés az alábbi élelmiszerek szállítására: 2. Húskészítmények (sertés, marha, baromfi) 13 000 kg, 4 000 db Így különösen: összesen 13 000 kg felvágottak, sonkák, különböző virslik, lecsókolbász, krinolin, kenőmájas, és 2000 db mini májas, 1000 db szeletelt külön csomagolt szalámi, kolbász, 1000 db szeletelt külön csomagolt gépsonka és pulyka párizsi felvágott. Részletes leírás, specifikáció a dokumentációban található. A 321/2015. Korm.r. 46.§ (3) bekezdése alapján a szerződés tárgya által indokoltan a műszaki leírás hivatkozik meghatározott gyártmányú, típusú, márkanevű termékre, árura. Ajánlatkérő megítélése szerint így lehetséges a szerződés tárgyának (2) bekezdés szerinti, kellően pontos és érthető leírása. Az ilyen megnevezés mellett a ""vagy azzal egyenértékű"" kifejezést kell szerepeltetni. Felhívjuk a figyelmet, hogy az egyenértékűség bizonyítása az ajánlattevő feladata. Amennyiben a teljes egyenértékűség nem áll fenn, akkor az ajánlatkérő az ajánlatot érvényteleníti a Kbt. 73. § (1) bekezdése e) pontja alapján, mivel ekkor a Kbt. 2.§ (2) bekezdése alapján nem biztosítható az ajánlattevők esélyegyenlősége. Az ajánlattevő által szállított élelmiszer termékeknek meg kell felelnie az élelmiszer termékek forgalomba hozatalára vonatkozó jogszabályoknak, valamint a Magyar Élelmiszerkönyv előírásainak. Ajánlattevő kizárólag I. osztályú minőségű árura vonatkozóan tehet árajánlatot, illetve az Ajánlatkérő csak I. osztályú minőségű árut fogad el. Ajánlattevő köteles a megajánlott termékek olyan termékspecifikációs lapját, gyártmánylapját becsatolni, amely tartalmazza a következő összetevőket: telített zsírsav-, zsír-, energia- fehérje-, szénhidrát-, cukor- és sótartalom, valamit allergén összetevők. | Szállítási szerződés az alábbi élelmiszerek szállítására: 3. Baromfihúsok, húsrészek 6200 kg Részletes leírás, specifikáció a dokumentációban található. A 321/2015. Korm.r. 46.§ (3) bekezdése alapján a szerződés tárgya által indokoltan a műszaki leírás hivatkozik meghatározott gyártmányú, típusú, márkanevű termékre, árura. Ajánlatkérő megítélése szerint így lehetséges a szerződés tárgyának (2) bekezdés szerinti, kellően pontos és érthető leírása. Az ilyen megnevezés mellett a ""vagy azzal egyenértékű"" kifejezést kell szerepeltetni. Felhívjuk a figyelmet, hogy az egyenértékűség bizonyítása az ajánlattevő feladata. Amennyiben a teljes egyenértékűség nem áll fenn, akkor az ajánlatkérő az ajánlatot érvényteleníti a Kbt. 73. § (1) bekezdése e) pontja alapján, mivel ekkor a Kbt. 2.§ (2) bekezdése alapján nem biztosítható az ajánlattevők esélyegyenlősége. Az ajánlattevő által szállított élelmiszer termékeknek meg kell felelnie az élelmiszer termékek forgalomba hozatalára vonatkozó jogszabályoknak, valamint a Magyar Élelmiszerkönyv előírásainak. Ajánlattevő kizárólag I. osztályú minőségű árura vonatkozóan tehet árajánlatot, illetve az Ajánlatkérő csak I. osztályú minőségű árut fogad el. | Szállítási szerződés az alábbi élelmiszer szállítására: 4. Tej, tejtermékek 31 020 l, 53 500 db, 2000 doboz, 2765 kg Így különösen: összesen 31 020 l tej, tejföl, joghurt, kefír, habtejszín, összesen 53 500 db tej, joghurt, kefír (poharas), mini margarin, túró rudi, tejszelet, 2000 doboz kockasajt, 2765 kg különböző sajtok, tehéntúró. Részletes leírás, specifikáció a dokumentációban található. A 321/2015. Korm.r. 46.§ (3) bekezdése alapján a szerződés tárgya által indokoltan a műszaki leírás hivatkozik meghatározott gyártmányú, típusú, márkanevű termékre, árura. Ajánlatkérő megítélése szerint így lehetséges a szerződés tárgyának (2) bekezdés szerinti, kellően pontos és érthető leírása. Az ilyen megnevezés mellett a ""vagy azzal egyenértékű"" kifejezést kell szerepeltetni. Felhívjuk a figyelmet, hogy az egyenértékűség bizonyítása az ajánlattevő feladata. Amennyiben a teljes egyenértékűség nem áll fenn, akkor az ajánlatkérő az ajánlatot érvényteleníti a Kbt. 73. § (1) bekezdése e) pontja alapján, mivel ekkor a Kbt. 2.§ (2) bekezdése alapján nem biztosítható az ajánlattevők esélyegyenlősége. Az ajánlattevő által szállított élelmiszer termékeknek meg kell felelnie az élelmiszer termékek forgalomba hozatalára vonatkozó jogszabályoknak, valamint a Magyar Élelmiszerkönyv előírásainak. Ajánlattevő kizárólag I. osztályú minőségű árura vonatkozóan tehet árajánlatot, illetve az Ajánlatkérő csak I. osztályú minőségű árut fogad el. Ajánlattevő köteles a megajánlott termékek olyan termékspecifikációs lapját, gyártmánylapját becsatolni, amely tartalmazza a következő összetevőket: telített zsírsav-, zsír-, energia- fehérje-, szénhidrát-, cukor- és sótartalom, valamit allergén összetevők. | Szállítási szerződés az alábbi élelmiszerek szállítására: 5. Sütőipari termékek 40 200 kg, 42 500 db Így különösen: összesen 40 200 kg kenyér, kalács, kuglóf, zsemlemorzsa, összesen 42 500 db különböző zsemle, kifli, rétes és különböző péksütemények. Részletes leírás, specifikáció a dokumentációban található. A 321/2015. Korm.r. 46.§ (3) bekezdése alapján a szerződés tárgya által indokoltan a műszaki leírás hivatkozik meghatározott gyártmányú, típusú, márkanevű termékre, árura. Ajánlatkérő megítélése szerint így lehetséges a szerződés tárgyának (2) bekezdés szerinti, kellően pontos és érthető leírása. Az ilyen megnevezés mellett a ""vagy azzal egyenértékű"" kifejezést kell szerepeltetni. Felhívjuk a figyelmet, hogy az egyenértékűség bizonyítása az ajánlattevő feladata. Amennyiben a teljes egyenértékűség nem áll fenn, akkor az ajánlatkérő az ajánlatot érvényteleníti a Kbt. 73. § (1) bekezdése e) pontja alapján, mivel ekkor a Kbt. 2.§ (2) bekezdése alapján nem biztosítható az ajánlattevők esélyegyenlősége. Az ajánlattevő által szállított élelmiszer termékeknek meg kell felelnie az élelmiszer termékek forgalomba hozatalára vonatkozó jogszabályoknak, valamint a Magyar Élelmiszerkönyv előírásainak. Ajánlattevő kizárólag I. osztályú minőségű árura vonatkozóan tehet árajánlatot, illetve az Ajánlatkérő csak I. osztályú minőségű árut fogad el. Ajánlattevő köteles a megajánlott termékek olyan termékspecifikációs lapját, gyártmánylapját becsatolni, amely tartalmazza a következő összetevőket: telített zsírsav-, zsír-, energia- fehérje-, szénhidrát-, cukor- és sótartalom, valamit allergén összetevők. | Szállítási szerződés az alábbi élelmiszerek szállítására: 6. Szárazáru, konzervek, egyéb élelmiszerek 45 900 db, 7222 l, 19106 kg Így különösen: összesen 45 900 db különböző konzervek, savanyúságok, befőttek, csokik, müzli szeletek, összesen 7222 l ecet, étolaj, ásványvíz, édesítőszer, citromlé, összesen 19 106 kg száraztészták, fűszerek, tea, kávé, pudingpor, liszt, cukor, rizs, stb. Részletes leírás, specifikáció a dokumentációban található. A 321/2015. Korm.r. 46.§ (3) bekezdése alapján a szerződés tárgya által indokoltan a műszaki leírás hivatkozik meghatározott gyártmányú, típusú, márkanevű termékre, árura. Ajánlatkérő megítélése szerint így lehetséges a szerződés tárgyának (2) bekezdés szerinti, kellően pontos és érthető leírása. Az ilyen megnevezés mellett a ""vagy azzal egyenértékű"" kifejezést kell szerepeltetni. Felhívjuk a figyelmet, hogy az egyenértékűség bizonyítása az ajánlattevő feladata. Amennyiben a teljes egyenértékűség nem áll fenn, akkor az ajánlatkérő az ajánlatot érvényteleníti a Kbt. 73. § (1) bekezdése e) pontja alapján, mivel ekkor a Kbt. 2.§ (2) bekezdése alapján nem biztosítható az ajánlattevők esélyegyenlősége. Az ajánlattevő által szállított élelmiszer termékeknek meg kell felelnie az élelmiszer termékek forgalomba hozatalára vonatkozó jogszabályoknak, valamint a Magyar Élelmiszerkönyv előírásainak. Ajánlattevő kizárólag I. osztályú minőségű árura vonatkozóan tehet árajánlatot, illetve az Ajánlatkérő csak I. osztályú minőségű árut fogad el. Ajánlattevő köteles a megajánlott termékek olyan termékspecifikációs lapját, gyártmánylapját becsatolni, amely tartalmazza a következő összetevőket: telített zsírsav-, zsír-, energia- fehérje-, szénhidrát-, cukor- és sótartalom, valamit allergén összetevők. | Szállítási szerződés az alábbi élelmiszerek szállítására: 7. Gyorsfagyasztott termékek 12 150 kg, 30 liter, 150 db Így különösen: összesen 12 150 kg mirelit zöldség, gyümölcs, hal, vadhús, bélszínroló, derelye, 30 l jégkrém desszert, 150 db fagyasztott halászlé sűrítmény. Részletes leírás, specifikáció a dokumentációban található. A 321/2015. Korm.r. 46.§ (3) bekezdése alapján a szerződés tárgya által indokoltan a műszaki leírás hivatkozik meghatározott gyártmányú, típusú, márkanevű termékre, árura. Ajánlatkérő megítélése szerint így lehetséges a szerződés tárgyának (2) bekezdés szerinti, kellően pontos és érthető leírása. Az ilyen megnevezés mellett a ""vagy azzal egyenértékű"" kifejezést kell szerepeltetni. Felhívjuk a figyelmet, hogy az egyenértékűség bizonyítása az ajánlattevő feladata. Amennyiben a teljes egyenértékűség nem áll fenn, akkor az ajánlatkérő az ajánlatot érvényteleníti a Kbt. 73. § (1) bekezdése e) pontja alapján, mivel ekkor a Kbt. 2.§ (2) bekezdése alapján nem biztosítható az ajánlattevők esélyegyenlősége. Az ajánlattevő által szállított élelmiszer termékeknek meg kell felelnie az élelmiszer termékek forgalomba hozatalára vonatkozó jogszabályoknak, valamint a Magyar Élelmiszerkönyv előírásainak. Ajánlattevő kizárólag I. osztályú minőségű árura vonatkozóan tehet árajánlatot, illetve az Ajánlatkérő csak I. osztályú minőségű árut fogad el. Ajánlattevő köteles a megajánlott termékek olyan termékspecifikációs lapját, gyártmánylapját becsatolni, amely tartalmazza a következő összetevőket: telített zsírsav-, zsír-, energia- fehérje-, szénhidrát-, cukor- és sótartalom, valamit allergén összetevők. | Szállítási szerződés az alábbi élelmiszerek szállítására: 8. Zöldség, főzelékfélék, gyümölcsök, tojás 57 900 db, 38 190 kg, 1900 csomó Így különösen: összesen 57 900 db paprika, saláta, csöves kukorica, tojás, 38 190 kg különböző zöldség, gyümölcs és 1900 csomó zöldhagyma, piros retek, zeller levél. Részletes leírás, specifikáció a dokumentációban található. A 321/2015. Korm.r. 46.§ (3) bekezdése alapján a szerződés tárgya által indokoltan a műszaki leírás hivatkozik meghatározott gyártmányú, típusú, márkanevű termékre, árura. Ajánlatkérő megítélése szerint így lehetséges a szerződés tárgyának (2) bekezdés szerinti, kellően pontos és érthető leírása. Az ilyen megnevezés mellett a ""vagy azzal egyenértékű"" kifejezést kell szerepeltetni. Felhívjuk a figyelmet, hogy az egyenértékűség bizonyítása az ajánlattevő feladata. Amennyiben a teljes egyenértékűség nem áll fenn, akkor az ajánlatkérő az ajánlatot érvényteleníti a Kbt. 73. § (1) bekezdése e) pontja alapján, mivel ekkor a Kbt. 2.§ (2) bekezdése alapján nem biztosítható az ajánlattevők esélyegyenlősége. Az ajánlattevő által szállított élelmiszer termékeknek meg kell felelnie az élelmiszer termékek forgalomba hozatalára vonatkozó jogszabályoknak, valamint a Magyar Élelmiszerkönyv előírásainak. Ajánlattevő kizárólag I. osztályú minőségű árura vonatkozóan tehet árajánlatot, illetve az Ajánlatkérő csak I. osztályú minőségű árut fogad el. Ajánlattevő köteles a megajánlott termékek olyan termékspecifikációs lapját, gyártmánylapját becsatolni, amely tartalmazza a következő összetevőket: telített zsírsav-, zsír-, energia- fehérje-, szénhidrát-, cukor- és sótartalom, valamit allergén összetevők.",Fővárosi Önkormányzat Gyulai Idősek Otthona,,HU,HUN,,2025-10-09,2025-11-07,https://ted.europa.eu/en/notice/-/detail/662175-2025,2026-08-28T08:02:43+00:00,OFFICIAL_PUBLISHED_NOTICE,True,False,True,SUPPORTING_EVIDENCE,"official notice; no future deadline means supporting evidence, not an open opportunity",,
688097-2025,ted_eu,OFFICIAL_PROCUREMENT,CHILI,"Hungary – Food, beverages, tobacco and related products – Főzési alapanyag és élelmiszer beszerzése 2026.","1. rész: Füstölt termékek, felvágottak beszerzése keretszerződés keretében összesen nettó 4.500.000 Ft keretösszegben. Főbb mennyiségi adatok: Bajai uzsonna kg 100 Fokhagymás felvágott kg 80 Füstölt csülök kg 100 Füstölt, főtt császár kg 120 Füstölt, főtt tarja kg 80 Füstölt, főtt lapocka kg 100 Füstölt kolbász kg 80 Füstölt csemege szalonna legalább 6 cm vastag kg 200 Kenőmájas kg 100 Lecsókolbász kg 500 Olasz felvágott kg 120 Párizsi sertés kg 400 Pulykasonka kg 100 Sajtos párizsi kg 50 Sonkás felvágott kg 200 Soproni felvágott kg 80 Tavaszi rolád kg 80 Vastag kolbász kg 200 Zala felvágott kg 100 Zsír kg 80 Irányadóak a 321/2015. (X.30.) Korm. rendelet 46. § (3) bek. rendelkezései („vagy azzal egyenértékű”). Ajánlatkérő nem köteles a szerződés fennállása alatt a teljes mennyiséget megrendelni. A részletes követelményeket az egyéb közbeszerzési dokumentumok részét képező árazatlan pénzügyi-szakmai ajánlat (ártáblázat) tartalmazza. | 2. rész: Előhűtött sertés- és tőkehúsok beszerzése keretszerződés keretében összesen nettó 14.000.000 Ft keretösszegben. Főbb mennyiségek: Húsos csont kg 500 Marha húsos csont kg 150 Marha velős csont kg 100 Sertés lapocka csont nélkül kg 300 Sertés köröm kg 200 Sertés oldalas kg 150 Sertéscomb csont nélkül kg 4 500 Sertéskaraj csont nélkül kg 2 500 Sertéstarja csont nélkül kg 200 Tepertőkrém kg 20 Irányadóak a 321/2015. (X.30.) Korm. rendelet 46. § (3) bek. rendelkezései („vagy azzal egyenértékű”). Ajánlatkérő nem köteles a szerződés fennállása alatt a teljes mennyiséget megrendelni. A részletes követelményeket az egyéb közbeszerzési dokumentumok részét képező árazatlan pénzügyi-szakmai ajánlat (ártáblázat) tartalmazza. | 3. rész: Előhűtött baromfihúsok beszerzése keretszerződés keretében összesen nettó 9.000.000 Ft keretösszegben. Főbb mennyiségek: Csirke felsőcomb kg 3 200 Csirkemáj szív nélkül fagyasztott kg 500 Csirkemell filé kg 2 000 Egész csirke kg 100 Egész tyúk - kistestű kg 100 Baromfi roppanós virsli kg 350 Filézett pulyka felsőcomb kg 200 Pulyka apróhús kg 80 Pulykamáj kg 50 Irányadóak a 321/2015. (X.30.) Korm. rendelet 46. § (3) bek. rendelkezései („vagy azzal egyenértékű”). Ajánlatkérő nem köteles a szerződés fennállása alatt a teljes mennyiséget megrendelni. A részletes követelményeket az egyéb közbeszerzési dokumentumok részét képező árazatlan pénzügyi-szakmai ajánlat (ártáblázat) tartalmazza. | 4. rész: Alapvető élelmiszerek (tészta, befőtt, savanyúság) beszerzése keretszerződés keretében összesen nettó 27.000.000 Ft keretösszegben. Főbb mennyiségek: AromaMix Vajas-Finom fűsz.kev.zsirad kg 22 Árpagyöngy kg 200 Ásványvíz l 99 Babérlevél kg 1 Baromfimájas pástétom gluténmentes (tyúkos) kg 150 Baromfimájkrém tépőzáras kg 227,5 Bazsalikom kg 0,8 Minimargarin kg 500 Bors egész kg 0,6 Bors őrölt kg 12 Bors fehér őrölt kg 1 Bulgur kg 100 Burgonyapehely kg 100 Búzadara kg 300 Citromlé 50 %-os l 1 200 Consomé alap kg 100 Csicseriborsó kg 20 Csokoládé szelet kg 64,5 Csokoládépuding-por kg 10 Csombor (Borsikafű) kg 5 Delikát 8 kg 200 Diab. mini jam kg 40 Diab. mini méz kg 20 Ételecet l 50 Étolaj napraforgó l 2 500 Fahéj őrölt kg 4 Folyékony édesítőszer l 100 Glukonon kg 20 Grízgaluska levesbetét kg 150 Gyümölcsös müzliszelet cukor nélkül kg 72 Hajdina kg 100 Halászlé alap kg 60 Harcsapástétom gluténmentes kg 200 Háztartási keksz kg 200 Háztartási keksz cukorstop kg 50 Jilk sütőpaszta kg 10 Kacsamáj pástétom (májkrém alu) kg 100 Kakaó kg 40 Kakukkfű kg 0,32 Kókuszreszelék kg 10 Korpovit keksz kg 125 Köles kg 200 Kömény őrölt kg 4 Kristálycukor kg 2 500 Lecsó natúr kg 800 Lékötő kg 10 Lestyánlevél kg 5 Liola tejszín l 500 Liszt kg 3 500 Majonéz kg 100 Majoranna kg 3 Mango-őszibarack gyümölcsleves alap kg 40 Mazsola kg 20 Méz kg 9 Mini jam kg 70 Mini méz kg 50 Mustár kg 50 Oregano kg 0,8 Olíva olaj l 5 Őrölt csemegepaprika kg 150 Piros gyümölcsleves alap kg 80 Porcukor kg 50 Margarin tégla kg 1 000 Rizs „A” fényezetlen kg 2 000 Rostos üdítő dobozos 100 % l 800 Rostos üdítő dobozos 100 % l 800 Rozmaring kg 0,4 Sáfrányos szeklice kg 2 Sárgabarack sütésálló lekvár kg 130 Só kg 1 400 Sütőpor kg 10 Szárnyasok fűszerkeveréke kg 22 Szegfűszeg kg 1 Szerecsendió őrölt kg 1 Szódabikarbóna kg 150 Tárkony kg 2 Tea erdei gyümölcs kg 10 Tea konzum kg 100 Teljes kiörl. fahéjas keksz kg 150 Tortabevonó kg 15 Vaníliapuding-por kg 52 Vaníliás cukor kg 20 Zabkása almával és mazsolával kg 120 Zabszelet gyümölcsös keksz kg 175 Zamat kávé kg 100 Betűtészta kg 20 Cérnametélt tészta kg 100 Csavartcső Durum kg 300 Csiga tészta kg 100 Csipetke tészta kg 300 Eperlevél tészta kg 100 Eperszalag tészta kg 200 Fodros metélt rövid durum kg 200 Fodros nagykocka durum kg 200 Keskeny metélt kg 400 Nagykocka kg 200 Orsó durum kg 400 Rövid cső tészta kg 300 Spagetti durum kg 500 Szarvacska durum kg 500 Széles metélt kg 400 Tarhonya közepes reszelt, kézi tészta kg 500 Zabkocka tészta tészta kg 100 Tépett lebbencs tészta kg 100 Penne tészta kg 200 Gyufametélt tészta kg 200 Ananászbefőtt darabolt kg 910,5 Meggybefőtt magozott kg 850 Kecskeméti sűrített paradicsom kg 2 610 Sav.uborka csemege 6-9 cm kg 420 Őszibarack befőtt kg 910 Irányadóak a 321/2015. (X.30.) Korm. rendelet 46. § (3) bek. rendelkezései („vagy azzal egyenértékű”). Ajánlatkérő nem köteles a szerződés fennállása alatt a teljes mennyiséget megrendelni. A részletes követelményeket az egyéb közbeszerzési dokumentumok részét képező árazatlan pénzügyi-szakmai ajánlat (ártáblázat) tartalmazza. | 5. rész: Zöldség, gyümölcs, tojás beszerzése keretszerződés keretében összesen nettó 17.500.000 Ft keretösszegben. Főbb mennyiségek: Alma (közepes méretű 60 mm) kg 6 000 Banán kg 400 Borsó hántolt kg 200 Burgonya Desire kg 3 000 Burgonya tisztított (vákuum csomagolásban) kg 8 000 Cékla kg 200 Citrom kg 200 Cukkini kg 200 Cseresznye kg 150 Dinnye görög kg 200 Dióbél kg 50 Fokhagyma kg 100 Gomba kg 20 Gyökér kg 1 500 Gyökérzöld cs 14 000 Kaliforniai paprika kg 200 Kápia paprika kg 100 Kapor friss cs 200 Káposzta fejes kg 1 000 Kelkáposzta kg 1 500 Kivi kg 250 Körte kg 2 500 Lencse kg 100 Lila káposzta kg 50 Lilahagyma kg 50 Mák kg 20 Mandarin kg 200 Meggy kg 100 Narancs kg 1 500 Nektarin kg 300 Őszibarack kg 500 Padlizsán kg 50 Paradicsom kg 1 000 Póréhagyma db 400 Saláta fejes db 800 Sárgarépa kg 3 500 Sav. Kovászos uborka kg 100 Sav. Vegyes vágott kg 500 Savanyú káposzta kg 300 Savanyú káposzta hasáb kg 70 Sütőtök kg 400 Szilva kg 200 Szőlő kg 200 Tojás fertőtlenített L-es méret db 30 000 TV zöldpaprika kg 600 Uborka kígyó kg 500 Vöröshagyma kg 3 000 Zeller kg 600 Zeller zöld cs 1 200 Zöldhagyma cs 900 Irányadóak a 321/2015. (X.30.) Korm. rendelet 46. § (3) bek. rendelkezései („vagy azzal egyenértékű”). Ajánlatkérő nem köteles a szerződés fennállása alatt a teljes mennyiséget megrendelni. A részletes követelményeket az egyéb közbeszerzési dokumentumok részét képező árazatlan pénzügyi-szakmai ajánlat (ártáblázat) tartalmazza. | 6. rész: Pékáru beszerzése keretszerződés keretében összesen nettó 6.000.000 Ft keretösszegben. Főbb mennyiségek: Forma rozs kenyér kg 1 800 Finom fonott kalács kg 250 Félbarna kenyér kg 6 000 Teljes kiörlésű rozs kenyér kg 2 000 Korpás kifli kg 125 Vajas jellegű sós pogácsa kg 70 Mini kuglóf kg 180 Sajtos croissan kg 180 Sajtos rúd kg 144 Sajtos kifli kg 50 Vizes kifli kg 100 Zsemlemorzsa kg 200 Élesztő kg 20 Irányadóak a 321/2015. (X.30.) Korm. rendelet 46. § (3) bek. rendelkezései („vagy azzal egyenértékű”). Ajánlatkérő nem köteles a szerződés fennállása alatt a teljes mennyiséget megrendelni. A részletes követelményeket az egyéb közbeszerzési dokumentumok részét képező árazatlan pénzügyi-szakmai ajánlat (ártáblázat) tartalmazza. | 7. rész: Tejtermékek beszerzése keretszerződés keretében összesen nettó 12.500.000 Ft keretösszegben. Főbb mennyiségek: Joghurt 1,4% élőflórás kg 450 Gyüm. joghurt diétás kg 25 Gyümölcsjoghurt kg 150 Kefir kg 450 Tejszelet Kinder kg 42 Márvány sajt kg 30 Natúr vajkrém kg 200 Paula puding kg 200 Kocka sajt 6 cikkes Medve NATÚR kg 100 Tartós tej l 1 000 Tea vaj kg 50 Tehéntúró kg 800 Tehéntúró kg 50 Tej 2,8 % l 10 000 Tejföl 20 % kg 1 200 Tömlős sajt kg 150 Trappista sajt kg 1 000 Trappista sajtkrém kg 50 Túró Rudi kg 40 Irányadóak a 321/2015. (X.30.) Korm. rendelet 46. § (3) bek. rendelkezései („vagy azzal egyenértékű”). Ajánlatkérő nem köteles a szerződés fennállása alatt a teljes mennyiséget megrendelni. A részletes követelményeket az egyéb közbeszerzési dokumentumok részét képező árazatlan pénzügyi-szakmai ajánlat (ártáblázat) tartalmazza. | 8. rész: Mélyhűtött termékek beszerzése keretszerződés keretében összesen nettó 14.500.000 Ft keretösszegben. Főbb mennyiségek: Afrikai harcsafilé nyúzott kg 500 Alamakocka mirelit kg 1 200 Brokkoli mirelit kg 500 Ceruzabab zöld egész kg 150 Cukkini kg 100 Csibefasírt kg 150 Csiperke gomba szeletelt kg 1 200 Egres kg 50 Eper kg 100 Fejtett bab mirelit kg 200 Finomfőzelék mirelit kg 150 Gesztenyemassza kg 50 Gnocchi kg 400 Gombóc túrós kg 500 Gombóc szilvás kg 600 Gyökér kocka kg 100 Gyüm.keverék 4 rész (erdei mix) kg 400 Gyümölcsleves alap darabolt kg 800 Karalábé kg 300 Karfiolrózsa kg 2 000 Kelbimbó kg 100 Kukorica mirelit kg 200 Lecsó alap mirelit kg 50 Magozott meggy kg 200 Marha gulyáshús fagyasztott kg 400 Nudli kg 1 000 Nyírségi gombóc levesbetét kg 300 Őszibarack mirelit kg 100 Pacal kg 100 Paraj kg 300 Pritamin paprika kocka kg 150 Rántott trappista sajt kg 150 Sárgabarack kg 50 Sárgarépa kocka kg 200 Sóska kg 200 sütőtök kocka kg 100 szeder mirelit kg 50 Szilva felezett kg 600 Tök gyalult kg 1 500 Trikolor paprika kg 200 Zeller kocka kg 150 Zöldbab (sárgahüvelyű) kg 1 000 Zöldborsó zsenge I.o kg 1 500 Irányadóak a 321/2015. (X.30.) Korm. rendelet 46. § (3) bek. rendelkezései („vagy azzal egyenértékű”). Ajánlatkérő nem köteles a szerződés fennállása alatt a teljes mennyiséget megrendelni. A részletes követelményeket az egyéb közbeszerzési dokumentumok részét képező árazatlan pénzügyi-szakmai ajánlat (ártáblázat) tartalmazza.",Szivárvány Személyes Gondoskodást Nyújtó Intézmény,,HU,HUN,,2025-10-20,2025-11-17,https://ted.europa.eu/en/notice/-/detail/688097-2025,2026-08-28T08:02:43+00:00,OFFICIAL_PUBLISHED_NOTICE,True,False,True,SUPPORTING_EVIDENCE,"official notice; no future deadline means supporting evidence, not an open opportunity",,
722035-2025,ted_eu,OFFICIAL_PROCUREMENT,CHILI,Croatia – Miscellaneous food products – Nabava prehrambenih proizvoda,"svježe meso-juneći but, juneća lopatica, svinjska lopatica, svinjski kare, svinjski vrat s kostima, svinjska mesnata slanina, čajna kobasica, šunka u ovitku, pariška kobasica, suha vratina, polusuha kobasica | pileći zabatak, pileći file, piletina gril, pileća jetra sa srcem, pureći file, pileće hrenovke, pileća jetrena pašteta, pileća, pureća prsa u ovitku | svježe mlijeko, čokoladno mlijeko, jogurt, jogurt voćni, puding, svježi krem sir, svježi kravlji sir, maslac, vrhnje, mlijeko u prahu, sir polutvrdi | kruh pšenični polubijeli, kruh graham, kruh bez glutena, pecivo žemlja, pecivo krafna, dvopek, krušne mrvice, brašno pšenično glatko, brašno bez glutena | tjestenina za juhu od krupice durum pšenice, tjestenina od krupice durum pšenice, mlinici, tjestenina bez glutena | svježe voće i svježe povrće | čaj šipak rinfuza, filter vrećice, čaj crni rinfuza, filter vrećice | jaja kokošja svježa konzumna A klase, razred L | pahuljice od riže s vitaminima, pahuljice od žitarica i čokolade s vitaminima, pahuljice od riže s čokoladom bez glutena, pahuljice od žitarica, voća i mlijeka | šećer, sol, cimet, limunska kiselina, lovor, papar, crvena paprika, ocat alkoholni, ocat jabučni, bosiljak, origano | ulje suncokret, stolni margarin, margarinski namaz, majoneza | kompoti, ajvar, cikla, kiseli krastavci, rajčica koncentrat, miješana kisela salata | kiseli kupus glavice, rezani, kisela repa | brokula, cvjetača, grašak, mahune, kukuruz, špinat, valjušci/njoki, smrznuto šumsko voće | sok bistri razni okusi bez umjetnih sladila, stolno vino | kvasac suhi, kavovine, cimet, kakao u prahu, juha koncentrat, senf, grožđice, med, pšenična krupica, riža | čokoladni namaz, džem razni | oslić, pastrva, bodečnjak | sardina u ulju, tuna fileti u ulju",OPĆA BOLNICA KARLOVAC,,HR,HRV,,2025-10-31,2025-11-19,https://ted.europa.eu/en/notice/-/detail/722035-2025,2026-08-28T08:02:43+00:00,OFFICIAL_PUBLISHED_NOTICE,True,False,True,SUPPORTING_EVIDENCE,"official notice; no future deadline means supporting evidence, not an open opportunity",,
785524-2025,ted_eu,OFFICIAL_PROCUREMENT,CHILI,Hungary – Miscellaneous food products – Élelmiszertermékek beszerzése 2026.évre,"1. rész: Sertéshús, belsőség szállítása heti három alkalommal történő kiszállítással a specifikáció szerinti részletezésben. Sertéshús, belsőség (Sertéskaraj csont nélkül EH, Sertéscomb EH, Sertéslapocka EH, Sertéstarja csont nélkül EH, Sertéscsont húsos EH, Sertéscsont fehér EH, Sertéscsülök csont nélkül EH, Sertésmáj EH, Sertésköröm, Sertésdagadó EH): összesen 20.020 kg. A pontos termékmennyiségeket, és specifikációt részletesen a közbeszerzési dokumentumok mellékletét képező Excel táblázat (Részletes árazatlan ártáblázat) tartalmazza. A táblázatban megadott mennyiségek a minimumot jelentik (alapmennyiség), a megrendelésre kerülő konkrét mennyiségek - a felhasználás függvényében - termékenként + 20 százalékkal felfelé eltérhetnek (mennyiségi eltérés). A II.2.6) pontban (BT-27-es mező) feltüntetett becsült érték az alapmennyiségen felüli + 20 % mennyiségi eltérés értékét is tartalmazza. | 2. rész: Marhahús szállítása heti három alkalommal történő kiszállítással a specifikáció szerinti részletezésben. Marhahús (Marhacomb, növendék EH): összesen 1600 kg. A pontos termékmennyiségeket, és specifikációt részletesen a közbeszerzési dokumentumok mellékletét képező Excel táblázat (Részletes árazatlan ártáblázat) tartalmazza. A táblázatban megadott mennyiségek a minimumot jelentik (alapmennyiség), a megrendelésre kerülő konkrét mennyiségek - a felhasználás függvényében - termékenként + 20 százalékkal felfelé eltérhetnek (mennyiségi eltérés). A II.2.6) pontban (BT-27-es mező) feltüntetett becsült érték az alapmennyiségen felüli + 20 % mennyiségi eltérés értékét is tartalmazza. | 3. rész:Baromfi-, szárnyashús kiszállítása heti három alkalommal történő kiszállítással a specifikáció szerinti részletezésben. Baromfi-, szárnyashús termékek (Csirkecomb felső EH, illetve fagyasztott, Csirkecomb alsó EH, illetve fagyasztott , Csirkecomb egész EH, illetve fagyasztott, Csirkemellfilé EH, illetve fagyasztott, Csirkemáj EH, illetve fagyasztott, Pulykacomb filé felső EH, illetve fagyasztott, Pulykamell filé EH, illetve fagyasztott, Pulykazúza fagyasztott, Pulykamáj fagyasztott). Mindösszesen 25.340 kg baromfi-, szárnyashús-féleség leszállítása. A pontos termékmennyiségeket, és specifikációt részletesen a közbeszerzési dokumentumok mellékletét képező Excel táblázat (Részletes árazatlan ártáblázat) tartalmazza. A táblázatban megadott mennyiségek a minimumot jelentik (alapmennyiség), a megrendelésre kerülő konkrét mennyiségek - a felhasználás függvényében - termékenként + 20 százalékkal felfelé eltérhetnek (mennyiségi eltérés). A II.2.6) pontban (BT-27-es mező) feltüntetett becsült érték az alapmennyiségen felüli + 20 % mennyiségi eltérés értékét is tartalmazza. | 4. rész: Húskészítmények kiszállítása heti három alkalommal történő kiszállítással a specifikáció szerinti részletezésben. Húskészítmények: különféle felvágottak, szalámik, májasok, párizsik, virslik, sonkák, kolbászok, szalonnák, étkezési tepertő, füstölt sertéscsont, füstölt csülök, füstölt tarja, krinolin, májas hurka (58 féle termék) mindösszesen 11.106 kg. A pontos termékmennyiségeket, és specifikációt részletesen a közbeszerzési dokumentumok mellékletét képező Excel táblázat (Részletes árazatlan ártáblázat) tartalmazza. A táblázatban megadott mennyiségek a minimumot jelentik (alapmennyiség), a megrendelésre kerülő konkrét mennyiségek - a felhasználás függvényében - termékenként + 20 százalékkal felfelé eltérhetnek (mennyiségi eltérés). | 5. rész:Tej, tejtermék, margarin szállítása naponta (hétköznap) történő kiszállítással a specifikáció szerinti részletezésben. Tej, tejtermék, margarin (tej, különféle tejtermékek: tejföl, tehéntúró, juhtúró, habospuding, kefir, túró rudi, gabonás joghurt, gyümölcsös joghurt, natúr joghurt, főzőtejszín, vaj, laktózmentes joghurt, laktózmentes tejföl, laktózmentes túró, teavaj, vajkrém, különféle sajtok: trappista sajt, rántani való sajt, krémsajt, sajtkrém, lapkasajt, zöldfűszeres kockasajt, kockasajt, kalciummal dúsított kocka sajt, eidami sajt, füstölt sajt, gomolya sajt), vaj, különféle margarinok (összesen 46 féle tejtermék, ill. margarin) leszállítása. Főbb mennyiségek: tej összesen: 46 192 l, tejföl összesen: 10.630 l, főzőtejszín összesen: 222 l, különféle vajak összesen: 438 kg, a sajtféleségek kg-ban összesített mennyisége: 3209 kg, a különféle margarinok kg-ban összesített mennyisége: 4314 kg. A pontos termékmennyiségeket, és specifikációt részletesen a közbeszerzési dokumentumok mellékletét képező Excel táblázat (Részletes árazatlan ártáblázat) tartalmazza.A táblázatban megadott mennyiségek a minimumot jelentik (alapmennyiség), a megrendelésre kerülő konkrét mennyiségek - a felhasználás függvényében - termékenként + 20 százalékkal felfelé eltérhetnek (mennyiségi eltérés). A II.2.6) pontban (BT-27-es mező) feltüntetett becsült érték az alapmennyiségen felüli + 20 % mennyiségi eltérés értékét is tartalmazza. | 6.rész: Kenyér, élesztő, pékáru, finompékáru kiszállítása naponta (hétköznap, valamint az ""Ezüsthíd"" Gondozóház esetén szombaton is) történő kiszállítással a specifikáció szerinti részletezésben. Kenyér, élesztő, pékáru, finompékáru: fehér, fehér magos, félbarna, burgonyás, köleses, szőlőmagvas, rozsos, magkeverékes, zabos, kukoricapelyhes, szezámmagos, korpás, teljes kiőrlésű lisztből készült kenyér, zsúrkenyér, élesztő, pékáru (különféle zsemlék, kiflik), finompékáru (különféle rudak, kalácsok, puffancs, briós, sajtos perec, hamburger zsemle, pizza tészta, kuglóf, különféle bagettek, molnárka. Ebből kenyér összesen: 18.683 kg, élesztő összesen: 285 kg, továbbá egyé pékáru/finompékáru összesen: 206 645 db. A pontos termékmennyiségeket, és specifikációt részletesen a közbeszerzési dokumentumok mellékletét képező Excel táblázat (Részletes árazatlan ártáblázat) tartalmazza.A táblázatban megadott mennyiségek a minimumot jelentik (alapmennyiség), a megrendelésre kerülő konkrét mennyiségek - a felhasználás függvényében - termékenként + 20 százalékkal felfelé eltérhetnek (mennyiségi eltérés). A II.2.6) pontban (BT-27-es mező) feltüntetett becsült érték az alapmennyiségen felüli + 20 % mennyiségi eltérés értékét is tartalmazza. | 7. rész: Burgonya, friss és tisztított zöldség, száraz hüvelyes, olajos mag, friss gyümölcs, vödrös savanyúság, tojás (84 féle árztétel) leszállítása hétfő, csütörtök napokon történő kiszállítással a specifikáció szerinti részletezésben. Főbb mennyiségek: Burgonya 35 850 kg, mosott burgonya 5000 kg, újburgonya 6 360 kg, továbbá egyéb zöldségféleségek (összesen 42 féle), melyből vöröshagyma: 4 360 kg, tisztított vöröshagyma: 2 000 kg, lilahagyma 444 kg, sárgarépa ömlesztett: 3 270 kg, sárgarépa tisztított: 1000 kg, gyökér ömlesztett: 3 350 kg, karalábé ömlesztett: 1590 kg, karalábé tisztított 1000 kg, zeller ömlesztett: 1 100 kg, zeller tisztított: 1 000 kg, kelkáposzta ömlesztett: 3 970 kg, kelkáposzta gyalult: 1 500 kg, fejes káposzta ömlesztett: 3 000 kg, fejes káposzta gyalultt: 2 700 kg, Tv paprika: 2 562 kg, hónapos retek: 2 360 csomag, fejessaláta: 2 540 db, paradicsom: 2 370 kg, kígyóuborka: 2 980 kg, karfiol: 2 370 kg, száraz hüvelyesek: 3 067kg, olajos magvak: 1 043 kg, friss gyümölcsök (16 féle), melyből alma: 10 070 kg, cseresznye: 430 kg, meggy: 350 kg, szőlő: 950 kg, körte:2080 kg; banán: 5 370 kg, narancs: 5 100 kg, mandarin: 3 015 kg, citrom: 1 510 kg, nektarin: 950 kg, őszibarack: 965 kg, sárgabarack: 550 kg, kivi: 290 kg, szilva 900 kg, földiepe 40kg, Vödrös savanyúság (10 féle) , összesen: 11 476 kg, tojás 198 000 db.; a specifikáció szerinti részletezésben. | 8. rész: Mirelit zöldség, gyümölcs, félkész áru, hal kiszállítása heti három alkalommal történő kiszállítással a specifikáció szerinti részletezésben. Mirelit zöldségek (karfiol rózsa, bébirépa, sárgarépa hullámos korong, sárgarépa kocka, paszternákgyökér csík, gyökérkocka, karalábé kocka, zeller kocka, hasábburgonya, húsleves zöldség, francia zöldségkeverék, mexikói zöldségkeverék, finom főzelék, petrezselyem zöld, gyalult főzőtök kaporral, kukorica morzsolt, brokkoli rózsa, fejtett bab, sóska, zöldborsó zsenge, rebarbaradarabok, sárgahüvelyű zöldbab, ínyenc keverék, kelbimbó, parajpüré, lecsó), mirelit gyümölcs (erdei gyümölcskeverék, meggy, szilva), mirelit félkész áru (túrós derelye, szilvalekváros derelye, túrógombóc, szilvatöltelékes gombóc, nudli burgonyás, hamburger húspogácsa), mirelit hal (afrikai harcsafilé, fagyasztott tőke halfilé, panírozott halrudak, apróhal) a specifikáció szerinti részletezésben. A mindösszesen 53 féle árutétel főbb mennyiségei: mirelit zöldség, gyümölcsből: 28 804 kg, mirelit félkész árukból: 3 430 kg, mirelit halalakból: 6 831 kg. A pontos termékmennyiségeket, és specifikációt részletesen a közbeszerzési dokumentumok mellékletét képező Excel táblázat (Részletes árazatlan ártáblázat) tartalmazza.A táblázatban megadott mennyiségek a minimumot jelentik (alapmennyiség), a megrendelésre kerülő konkrét mennyiségek - a felhasználás függvényében - termékenként + 20 százalékkal felfelé eltérhetnek (mennyiségi eltérés). A II.2.6) pontban (BT-27-es mező) feltüntetett becsült érték az alapmennyiségen felüli + 20 % mennyiségi eltérés értékét is tartalmazza. | 9. rész: Malomipari termékek, édesítők, száraztészták, fűszerek, ízesítők heti egy alkalommal történő kiszállítással a specifikáció szerinti részletezésben. Főbb mennyiségek: lisztfélék összesen 12 538 kg, kuszkusz 519 kg, bulgur 1 460 kg, köles 390 kg, rizs 8 070 kg, árpagyöngy 527 kg, búzadara 1 260 kg, stb., édesítők: kristálycukor 8 810 kg, porcukor 650 kg, vaniliás cukor 86 kg, stb., száraztészták: 15 498 kg, fűszerek, ételízesítők összesen: 3 966 kg, ecet (20%-os) 225 l; a specifikáció szerinti részletezésben. (Összesen 180 féle árutétel). A pontos termékmennyiségeket, és specifikációt részletesen a közbeszerzési dokumentumok mellékletét képező Excel táblázat (Részletes árazatlan ártáblázat) tartalmazza. A táblázatban megadott mennyiségek a minimumot jelentik (alapmennyiség), a megrendelésre kerülő konkrét mennyiségek - a felhasználás függvényében - termékenként + 20 százalékkal felfelé eltérhetnek (mennyiségi eltérés). A II.2.6) pontban (BT-27-es mező) feltüntetett becsült érték az alapmennyiségen felüli + 20 % mennyiségi eltérés értékét is tartalmazza. | Főbb mennyiségek: napraforgóolaj 10 280 l, olivaolaj 77 l, sertészsír 100 kg, húskonzervek, májasok, pástétomok 3 357 db, tonhaltörzsek növényi olajban 81 kg, halkonzervek 967 db; natur lecsó 2 410 kg, különféle konzerv zöldség, savanyúság 1 535 kg; lekvárok: mini jam 3 409 db, különféle ízesítésű lekvárok mindösszesen 1027 kg, különféle befőttek: 2 968 kg; (mindösszesen 55 árutétel), a specifikáció szerinti részletezésben. A pontos termékmennyiségeket, és specifikációt részletesen a közbeszerzési dokumentumok mellékletét képező Excel táblázat (Részletes árazatlan ártáblázat) tartalmazza. A táblázatban megadott mennyiségek a minimumot jelentik (alapmennyiség), a megrendelésre kerülő konkrét mennyiségek - a felhasználás függvényében - termékenként + 20 százalékkal felfelé eltérhetnek (mennyiségi eltérés). A II.2.6) pontban (BT-27-es mező) feltüntetett becsült érték az alapmennyiségen felüli + 20 % mennyiségi eltérés értékét is tartalmazza.",Tiszaújvárosi Intézményműködtető Központ,,HU,HUN,,2025-11-26,2025-12-11,https://ted.europa.eu/en/notice/-/detail/785524-2025,2026-08-28T08:02:43+00:00,OFFICIAL_PUBLISHED_NOTICE,True,False,True,SUPPORTING_EVIDENCE,"official notice; no future deadline means supporting evidence, not an open opportunity",,
790295-2025,ted_eu,OFFICIAL_PROCUREMENT,CHILI,Netherlands – Genetic resources protection services – Dynamisch Aankoopsysteem Zaadproductie ter instandhouding van de collectie van het CGN,"Gewas/Subgewas: Peterselie (incl. krul, platte peterselie, wortelpeterselie) Dille Kervel Koriander Selderij (incl. blad-, knolselderij) Venkel Karwij Wortel Pastinaak | Gewas/Subgewas: Biet (rode biet, snijbiet, wilde biet) Schorseneren | Gewas/Subgewas: Kool (tuinbouw) Kool (landbouw) Radijs (incl. daikon, zwarte radijs, blad) Knolraap (incl. Meiraapjes en stoppelknollen) Raapkool (incl. Paksoi, Chinese kool) Oliehoudende kool gewassen Rucola Mosterd Crambe Huttentut | Gewas/Subgewas: Ui (incl. sjalot) Prei Chinese bieslook Bieslook Stengelui | Gewas/Subgewas: Asperge | Gewas/Subgewas: Spinazie Sla Andijvie Witloof (incl. radicchio, groenlof, zwaardlof) Veldsla | Gewas/Subgewas: Komkommer Meloen Watermeloen Courgette Pompoen | Gewas/Subgewas: Tomaat Paprika Aubergine Physalis | Gewas/Subgewas: Vlas Tarwe Gerst Haver | Gewas/Subgewas: Klaver Sperzieboon Pronkboon Tuinboon Doperwt Lupine",Stichting Wageningen Research,,NL,NLD,,2025-11-28,,https://ted.europa.eu/en/notice/-/detail/790295-2025,2026-08-28T08:02:43+00:00,OFFICIAL_PUBLISHED_NOTICE,True,False,True,SUPPORTING_EVIDENCE,"official notice; no future deadline means supporting evidence, not an open opportunity",,
110422-2026,ted_eu,OFFICIAL_PROCUREMENT,CHILI,"Hungary – Food, beverages, tobacco and related products – ONKI élelmezési alapanyagok beszerzése","Ajánlatkérő a DBR megvalósítása során a Kbt. 107. § (2) bekezdése alapján a rendszerben megvalósítandó konkrét közbeszerzésekre vonatkozó pontos műszaki leírást és szerződéses feltételeket a DBR-ben részt vevő Ajánlattevők számára, az ajánlattételi felhívás megküldésével egyidejűleg bocsátja rendelkezésre. Tervezett mennyiség: 1 Dobozos kakaó 1 400 db 2 Dobozos tej 1 400 db 3 Edámi sajt 370 kg 4 Feta jellegű sajt 74 kg 5 Főzőtejszín 20% 930 liter 6 Füstölt sajt 110 kg 7 Gouda sajt 200 kg 8 Grillezni való sajt 30 kg 9 Habtejszín 110 liter 10 Joghurt gyümölcsös, poharas 6 400 db 11 Joghurt gyümölcsös, poharas 1 000 db 12 Joghurt gyümölcsös, poharas 440 db 13 Joghurt ital 1 000 db 14 Joghurt natur 560 liter 15 Joghurt poharas, natur 20 000 db 16 Juhtúró 35 kg 17 Kakaó 10 000 db 18 Kávétejszín 28 600 db 19 Kefír poharas 19 700 db 20 Kockasajt laktózmentes 350 db 21 Kockasajt natúr 26 500 db 22 Köményes sajt 650 kg 23 Medvesajt 10 db 24 Mini margarin 387 000 db 25 Mini vaj 93 000 db 26 Pannónia sajt 80 kg 27 Parmezánsajt 30 kg 28 Poharas margarin 500 gr 280 db 29 Poharas puding 3 050 db 30 Rama margarin 110 kg 31 Sajtkrém 1/1 130 kg 32 Szeletelt sajt 6 400 csomag 33 Teavaj 200 db 34 Tehéntúró 1 400 kg 35 Tej 1 800 liter 36 Tej 14 300 liter 37 Tej 200 liter 38 Tej 18 000 db 39 Tejberizs 200 db 40 Tejföl 20% 1 850 db 41 Tejföl 20% 4 650 liter 42 Tofu 40 kg 43 Tömlős körözött, natúr 13 000 db 44 Tömlős sajt natur 8 000 db 45 Trappista sajt 1 480 kg 46 Túró rudi 9 900 db A meghatározott mennyiségi adatok éves becsült mennyiségek, tájékoztató értékek. Ajánlatkérő jelezni kívánja, hogy a fentiek szerinti tervezett mennyiségtől (keretösszeg) a DBR időtartama alatt akár pozitív, akár negatív irányban eltérhet. Ajánlatkérő a DBR megvalósítása során a Kbt. 107. § (2) bekezdése alapján a rendszerben megvalósítandó konkrét közbeszerzésekre vonatkozó pontos műszaki leírást és szerződéses feltételeket a DBR-ben részt vevő részvételre jelentkezők számára, az ajánlattételi felhívás megküldésével egyidejűleg bocsátja rendelkezésre. | Ajánlatkérő a DBR megvalósítása során a Kbt. 107. § (2) bekezdése alapján a rendszerben megvalósítandó konkrét közbeszerzésekre vonatkozó pontos műszaki leírást és szerződéses feltételeket a DBR-ben részt vevő Ajánlattevők számára, az ajánlattételi felhívás megküldésével egyidejűleg bocsátja rendelkezésre. Tervezett mennyiség: 1 Álomsonka 260 kg 2 Bacon szalonna kockázott 75 kg 3 Csemege szalámi 600 kg 4 Csirke egész comb 1 440 kg 5 Csirke felsőcomb 1 600 kg 6 Csirke máj szív nélkül 1 550 kg 7 Csirke mell filé 7 200 kg 8 Csirke nyak kg 9 Csirke zúza 220 kg 10 Csirkecomb filé 200 kg 11 Csirkemell sonka 1 500 kg 12 Diákcsemege 400 kg 13 Főtt-füstölt császár szalonna 35 kg 14 Friss marha comb kockázott 70 kg 15 Fürdői füstölt sonka 275 kg 16 Füstölt főtt tarja 740 kg 17 Füstölt szalonna kockázott 640 kg 18 Kacsacomb 240 kg 19 Lecsókolbász 250 kg 20 Liba szárnytő 30 kg 21 Libacomb 250 kg 22 Májas hurka 270 kg 23 Marha hátszín 400 kg 24 Marha lapocka kockázott 350 kg 25 Parasztkolbász 304 kg 26 Párizsi 1 310 kg 27 Prágai pulykasonka 202 kg 28 Pulyka comb kockázott 520 kg 29 Pulyka combfilé 680 kg 30 Pulyka máj 100 kg 31 Pulyka mell filé 1 040 kg 32 Sertés hátsó csülök 200 kg 33 Sertés karajcsont 200 kg 34 Sertés virsli 250 kg 35 Sertéscomb 1 350 kg 36 Sertéscomb kockázott 700 kg 37 Sertéscomb, tokány 350 kg 38 Sertéscsülök 200 kg 39 Sertésdagadó 140 kg 40 Sertéskaraj 1 650 kg 41 Sertéskaraj, szeletelt cs.n. 1 550 kg 42 Sertéslapocka 140 kg 43 Sertéslapocka kockázott 3 800 kg 44 Sertésoldalas 140 kg 45 Sertészsír 20 kg 46 Sonka főtt füstölt 200 kg 47 Sütő kolbász 300 kg 48 Szeletelt Bacon 45 kg 49 Szeletelt sonka 50 csomag 50 Szeletelt szalámi 50 csomag 51 Szendvics sonka 1 950 kg 52 Tavasz szelet 770 kg 53 Téli szalámi kg 54 Véres hurka 100 kg 55 Virsli Bécsi 700 kg 56 Virsli Sága 20 csomag 57 Zala felvágott 850 kg A meghatározott mennyiségi adatok éves becsült mennyiségek, tájékoztató értékek. Ajánlatkérő jelezni kívánja, hogy a fentiek szerinti tervezett mennyiségtől (keretösszeg) a DBR időtartama alatt akár pozitív, akár negatív irányban eltérhet. Ajánlatkérő a DBR megvalósítása során a Kbt. 107. § (2) bekezdése alapján a rendszerben megvalósítandó konkrét közbeszerzésekre vonatkozó pontos műszaki leírást és szerződéses feltételeket a DBR-ben részt vevő részvételre jelentkezők számára, az ajánlattételi felhívás megküldésével egyidejűleg bocsátja rendelkezésre. | Ajánlatkérő a DBR megvalósítása során a Kbt. 107. § (2) bekezdése alapján a rendszerben megvalósítandó konkrét közbeszerzésekre vonatkozó pontos műszaki leírást és szerződéses feltételeket a DBR-ben részt vevő Ajánlattevők számára, az ajánlattételi felhívás megküldésével egyidejűleg bocsátja rendelkezésre. Tervezett mennyiség. 1 Afrikai harcsa, bőr nélküli 350 kg 2 Ananász kocka 20 kg 3 Barackos párna 120 kg 4 Bébirépa 940 kg 5 Brokkoli rózsa 2 210 kg 6 Brokkolis zöldségkeverék 120 kg 7 Burgonya krokett 280 kg 8 Derelye túrós 220 kg 9 Erdei gyümölcs keverék 280 kg 10 Fejtett bab 70 kg 11 Finomfőzelék 330 kg 12 Fokhagyma gerezd 80 kg 13 Fokhagyma zúzott 90 kg 14 Francia saláta alap 220 kg 15 Fűszerezett burgonyagerezd 140 kg 16 Galuska 700 kg 17 Garden zöldségkeverék 570 kg 18 Gesztenyepüre 70 kg 19 Gomba szeletelt(csiperkegomba) 1 700 kg 20 Gyökérkocka 1 040 kg 21 Gyümölcskeverék 40 kg 22 Hagymakocka 2 070 kg 23 Harmónia zöldségkeverék 50 kg 24 Hasábburgonya 590 kg 25 Hortobágyi palacsinta panír nélkül 100gr 50 kg 26 Húsleves zöldség 5 200 kg 27 Imperial zöldségkeverék 500 kg 28 Kapor 120 kg 29 Karalábékocka 850 kg 30 Karfiol, apró 24 mm alatti 550 kg 31 Karfiolrózsa 2 400 kg 32 Kelbimbó 60 kg 33 Kukorica, morzsolt 590 kg 34 Leveles tészta 10 kg 35 Májgombóc levesbetét 90 kg 36 Málna 40 kg 37 Meggy magozott 860 kg 38 Meggyes párna 60 kg 39 Mexikói keverék 3 komponensű 740 kg 40 Nudli 220 kg 41 Nyírségi gombóc 40 kg 42 Öszibarack 30 kg 43 Panírozott brokkoli 30 kg 44 Panírozott camembert 130 kg 45 Panírozott csirkemáj 150 kg 46 Panírozott csirkemell színfilé 120 kg 47 Panírozott gombafej 140 kg 48 Panírozott hagymakarika 50 kg 49 Panírozott halszelet alaszkai 250 kg 50 Panírozott karfiol 90 kg 51 Panírozott mozzarella sajt 40 kg 52 Panírozott sertéskaraj 90 kg 53 Panírozott trappista sajt 70 kg 54 Panírozott zöldséggolyó 50 kg 55 Paraj 1 350 kg 56 Petrezselyemzöld 120 kg 57 Piros paprika-kocka 40 kg 58 Pogácsa sajtos 120 kg 59 Pogácsa tepertős 80 kg 60 Réteslap 210 kg 61 Royal zöldségkeverék 500 kg 62 Rösti háromszög 140 kg 63 Sajtos palacsinta panírozott 120 gr 120 kg 64 Sárgabarack 20 kg 65 Sárgarépa hullámos korong 160 kg 66 Sárgarépa kocka 2 320 kg 67 Sóska 340 kg 68 Steak burgonya füszeres 590 kg 69 Sütőtökkocka 190 kg 70 Szamóca 40 kg 71 Szilvásgombóc 880 kg 72 Sztrapacska 180 kg 73 Tök gyalult 1 600 kg 74 Túrótöltelékes gombóc 230 kg 75 Vegyes zöldségköret 50 kg 76 Vegyesgyümölcsleves keverék 240 kg 77 Wok mix 40 kg 78 Zellerkocka 1 160 kg 79 Zöldbab (sárgahüvelyű) 2 900 kg 80 Zöldborsó 2 700 kg A meghatározott mennyiségi adatok éves becsült mennyiségek, tájékoztató értékek. Ajánlatkérő jelezni kívánja, hogy a fentiek szerinti tervezett mennyiségtől (keretösszeg) a DBR időtartama alatt akár pozitív, akár negatív irányban eltérhet. Ajánlatkérő a DBR megvalósítása során a Kbt. 107. § (2) bekezdése alapján a rendszerben megvalósítandó konkrét közbeszerzésekre vonatkozó pontos műszaki leírást és szerződéses feltételeket a DBR-ben részt vevő részvételre jelentkezők számára, az ajánlattételi felhívás megküldésével egyidejűleg bocsátja rendelkezésre. | Ajánlatkérő a DBR megvalósítása során a Kbt. 107. § (2) bekezdése alapján a rendszerben megvalósítandó konkrét közbeszerzésekre vonatkozó pontos műszaki leírást és szerződéses feltételeket a DBR-ben részt vevő Ajánlattevők számára, az ajánlattételi felhívás megküldésével egyidejűleg bocsátja rendelkezésre. Tervezett mennyiség. 1 Abonett gluténmentes 2500 csomag 2 Áfonyalekvár 50 kg 3 Albert keksz 140 kg 4 Almabefőtt 570 üv 5 Almapaprika 20 üv 6 Ananászkonzerv 110 db 7 Árpa, hántolt 90 kg 8 Babapiskóta 80 kg 9 Babérlevél 12 kg 10 Balaton szelet 4000 db 11 Barnarizs 120 kg 12 Bazsalikom 4 kg 13 Betűtészta 280 kg 14 Boci napolini 2400 db 15 Bolognai alap 20 kg 16 Bulgur 1040 kg 17 Burgonyapüré pehely 400 kg 18 Burgonyapüré pehely 50 kg 19 Búza finomliszt BL-55 4700 kg 20 Búzadara 320 kg 21 Cérnametélt 190 kg 22 Citromfű tea 220 kg 23 Citromlé 1500 liter 24 Citrompótló 82 kg 25 Cseresznyebefőtt 60 üv 26 Csigatészta 260 kg 27 Csillagtészta 30 kg 28 Csipetke 40 kg 29 Csipkerózsa áltermés felezett 220 Kg 30 Csokis parány 400 kg 31 Diabetikus almabefőtt 320 üv 32 Diabetikus dzsem kajszis 7400 db 33 Diabetikus meggybefőtt 220 üv 34 Diabetikus méz (mézpótló) 2400 db 35 Diabetikus nápolyi szelet 240 db 36 Diabetikus omlós keksz 25 kg 37 Diabetikus őszibefőtt 200 üv 38 Durum dörzstarhonya 70 kg 39 Durum fodrosmetélt 420 kg 40 Durum hosszúmetélt 110 kg 41 Durum kagyló 70 kg 42 Durum makaróni 300 kg 43 Durum nagykocka 760 kg 44 Durum penne tészta 380 kg 45 Durum spagetti 620 kg 46 Durum szarvacska 320 kg 47 Durum tarhonya 750 kg 48 Ecet 120 kg 49 Ecet 100 liter 50 Eperlevél 155 kg 51 Ételízesítő 1100 Kg 52 Étkezési keményítő 40 kg 53 Fahéj őrölt 18 kg 54 Fehérbors 6 kg 55 Feketebors 54 kg 56 Feketebors 10 kg 57 Folyékony édesítőszer 320 liter 58 Füstölt ízű alap 34 kg 59 Füszerpaprika őrölt 160 kg 60 Grill fűszerkeverék 12 kg 61 Grízgombóc levesbetét 80 kg 62 Gulyásleves alap 27 kg 63 Győri édes omlós keksz 140 kg 64 Győri Zabszelet 700 csomag 65 Halkonzerv darabos 100 db 66 Hársfa virágzat 150 kg 67 Háztartási keksz 105 kg 68 Háztartási keksz diabetikus 30 kg 69 Húspástétom 4800 db 70 Kakaópor 2 kg 71 Kakaópor 90 kg 72 Kakukkfű 2 kg 73 Kapor 4 kg 74 Ketchup 35 kg 75 Ketchup 130 kg 76 Kiskagyló 140 kg 77 Kiskocka 300 kg 78 Korpovit keksz 280 kg 79 Köles 70 kg 80 Köménymag őrölt 34 kg 81 Kristálycukor 7000 kg 82 Kurkuma 5 kg 83 Kuszkusz 240 kg 84 Lasagne tészta 70 kg 85 Lecsó natúr 790 üv 86 Lencse 350 kg 87 Levesgyöngy 260 kg 88 Májkrém pótló 430 db 89 Májkrém sertés 4200 db 90 Májkrém szárnyas 5200 db 91 Majonéz 35 kg 92 Majonéz 1020 kg 93 Majoranna 4 kg 94 Málna öntet 10 liter 95 Mazsola 13 kg 96 Meggybefőtt 200 üv 97 Méz 182 kg 98 Mini cukor 4400 db 99 Mini dzsem epres 6000 db 100 Mini dzsem erdeigyümölcsös 6000 db 101 Mini dzsem kajszis 7000 db 102 Mini méz 9400 db 103 Mogyorókrém 40 kg 104 Mogyorókrém mini 5750 db 105 Mustár 155 kg 106 Mustár 70 kg 107 Mustár mini 4000 db 108 Müzliszelet, gyümölcsös 8000 db 109 Napraforgó étolaj 5600 liter 110 Olajbogyó 1/1 100 üveg 111 Olívaolaj 51 liter 112 Öszibarack konzerv 800 db 113 Paradicsompüré 1170 kg 114 Pilótakeksz 63 kg 115 Porcukor 260 kg 116 Pótkávé 37 kg 117 Puffasztott rizs 27 kg 118 Rizs ""A"" 5500 kg 119 Rizsliszt 60 kg 120 Rozmaring 6 kg 121 Sajtos tallér 70 kg 122 Sárgabarack lekvár 75 kg 123 Sárgaborsó 150 kg 124 Só 1950 kg 125 Sós perec 40 kg 126 Sülthússzaft alap 25 kg 127 Szárazbab 620 kg 128 Szárnyas fűszer 17 kg 129 Szegfűszeg 10 kg 130 Szerecsendió 10 kg 131 Szezámmag 8 kg 132 Szilvabefőtt 220 üv 133 Teafű 40 kg 134 Vaníliás cukor 65 kg 135 Vaníliás puding por 210 kg 136 Vaníliás puding por 90 kg 137 Zabpehely 100 kg 138 Zöldfűszeres zsemlekocka 80 kg 139 Zöldtea 140 kg 140 Zsemlekocka natúr 130 kg 141 Zsemlemorzsa 1300 kg A meghatározott mennyiségi adatok éves becsült mennyiségek, tájékoztató értékek. Ajánlatkérő jelezni kívánja, hogy a fentiek szerinti tervezett mennyiségtől (keretösszeg) a DBR időtartama alatt akár pozitív, akár negatív irányban eltérhet. Ajánlatkérő a DBR megvalósítása során a Kbt. 107. § (2) bekezdése alapján a rendszerben megvalósítandó konkrét közbeszerzésekre vonatkozó pontos műszaki leírást és szerződéses feltételeket a DBR-ben részt vevő részvételre jelentkezők számára, az ajánlattételi felhívás megküldésével egyidejűleg bocsátja rendelkezésre. | Ajánlatkérő a DBR megvalósítása során a Kbt. 107. § (2) bekezdése alapján a rendszerben megvalósítandó konkrét közbeszerzésekre vonatkozó pontos műszaki leírást és szerződéses feltételeket a DBR-ben részt vevő Ajánlattevők számára, az ajánlattételi felhívás megküldésével egyidejűleg bocsátja rendelkezésre. Tervezett mennyiség. 1 Alma 28 000 kg 2 Bajor káposztasaláta 490 kg 3 Banán 2 240 kg 4 Cékla 120 kg 5 Cékla saláta -készáru- 1 600 kg 6 Citrom Kg-os 440 kg 7 Cukkini 430 kg 8 Csalamádé -készáru- 490 kg 9 Csemege uborka (Kg-os) 2 350 kg 10 Dióbél 110 kg 11 Ecetes almapaprika 1 100 kg 12 Fejes saláta (kg-os) 400 kg 13 Fokhagyma, tisztított 520 kg 14 Gomba (friss) 1 020 kg 15 Jégcsap retek (kg-os) 2 320 kg 16 Jégsaláta kg 550 kg 17 Kaliforniai paprika kg 1 380 kg 18 Kápia paprika 500 kg 19 Kapor (kg-os) 60 kg 20 Karalábé (kg-os) 180 kg 21 Kelkáposzta 830 kg 22 Kígyóuborka 4 300 kg 23 Kivi (kg-os) 1 830 kg 24 Körte 1 350 kg 25 Lilahagyma 260 kg 26 Mák 220 kg 27 Mandarin 5 100 kg 28 Narancs 2 780 kg 29 Őszibarack/nektarin 900 kg 30 Padlizsán 525 kg 31 Paradicsom 5 200 kg 32 Petrezselyemzöld (kg-os) 320 kg 33 Póréhagyma kg-os 1 100 kg 34 Sárgarépa, tisztított 4 300 kg 35 Sárgarépa, tisztított zsülien 240 kg 36 Savanyú káposzta 1 280 kg 37 Sütőtök 720 kg 38 Szilva 850 kg 39 Szőlő 500 kg 40 Tisztított burgonya egész 1 800 kg 41 Tisztított burgonyakarika 4 200 kg 42 Tisztított burgonyakocka 26 000 kg 43 Tisztított fejes káposzta 1 250 kg 44 Tisztított fejes káposzta 560 kg 45 Tisztított gyökér 2 320 kg 46 Tisztított gyökér zsülien 120 kg 47 Tisztított kelkáposzta 1 050 kg 48 Tisztított napraforgómag 40 kg 49 Tisztított vöröshagyma 5 600 kg 50 Tisztított zeller 780 kg 51 Tojás fertőtlenített 46 000 db 52 Vöröskáposzta 620 kg 53 Vöröslencse 150 kg 54 Zellerzöld kg-os 17 kg 55 Zöldpaprika (kg-os) 3 400 kg A meghatározott mennyiségi adatok éves becsült mennyiségek, tájékoztató értékek. Ajánlatkérő jelezni kívánja, hogy a fentiek szerinti tervezett mennyiségtől (keretösszeg) a DBR időtartama alatt akár pozitív, akár negatív irányban eltérhet. Ajánlatkérő a DBR megvalósítása során a Kbt. 107. § (2) bekezdése alapján a rendszerben megvalósítandó konkrét közbeszerzésekre vonatkozó pontos műszaki leírást és szerződéses feltételeket a DBR-ben részt vevő részvételre jelentkezők számára, az ajánlattételi felhívás megküldésével egyidejűleg bocsátja rendelkezésre. | Ajánlatkérő a DBR megvalósítása során a Kbt. 107. § (2) bekezdése alapján a rendszerben megvalósítandó konkrét közbeszerzésekre vonatkozó pontos műszaki leírást és szerződéses feltételeket a DBR-ben részt vevő Ajánlattevők számára, az ajánlattételi felhívás megküldésével egyidejűleg bocsátja rendelkezésre. Terv ezett mennyiség. 1 Almás pite - készáru 1 600 db 2 Almás rétes 320 db 3 Briós kicsi 8 400 db 4 Csokis croissant 110 db 5 Csokitorta -készáru- 1 800 db 6 Diós búrkifli 680 db 7 Élesztő 24 kg 8 Francia krémes -készáru- 1 680 db 9 Ischler -készáru- 2 200 db 10 Ízes piskótatekercs-készáru 4 000 db 11 Kakaós csiga 620 db 12 Kalács (foszlós) 680 kg 13 Kalács (fonott) 600 kg 14 Keksz háztartási 40 kg 15 Kenyér 3 390 kg 16 Kenyér 20 kg 17 Kenyér 20 kg 18 Kenyér 120 kg 19 Kenyér 38 400 kg 20 Kókuszos kocka 1 600 db 21 Kornspitz 700 db 22 Korpás kifli 31 800 db 23 Korpás zsemle 37 400 db 24 Lekváros bukta -készáru- 1 360 db 25 Linzer karika 2 320 db 26 Magos tönkölyszivar 5 800 db 27 Mákos búrkifli 680 db 28 Meggyes pite -készáru- 1 680 db 29 Meggyes rétes -készáru- 1 830 db 30 Mignon 1 760 db 31 Molnárka / nagy / 8 160 db 32 Pita 800 db 33 Pizzás csiga - készáru - 1 600 db 34 Puffancs 4 500 db 35 Puncs szelet - készáru - 1 db 3 360 db 36 Rákóczi túrós - készáru - 1 680 db 37 Reform szilvás 100 gr 1 600 db 38 Rigó Jancsi -készáru- 1 520 db 39 Sajtos croissant 240 db 40 Sajtos kifli 1 900 db 41 Sajtos pogácsa -készáru-100 g 3 610 db 42 Tejes kifli 9 500 db 43 Tepertős pogácsa 240 db 44 Tiroli túrósrétes -készáru- 2 100 db 45 Tönköly-rozsos stangli 65 gr 9 400 db 46 Túrós batyu 700 db 47 Zsemle 6 000 db 48 Zsemle 500 db 49 Zsemle 16 000 db 50 Zsemle 92 000 db A meghatározott mennyiségi adatok éves becsült mennyiségek, tájékoztató értékek. Ajánlatkérő jelezni kívánja, hogy a fentiek szerinti tervezett mennyiségtől (keretösszeg) a DBR időtartama alatt akár pozitív, akár negatív irányban eltérhet. Ajánlatkérő a DBR megvalósítása során a Kbt. 107. § (2) bekezdése alapján a rendszerben megvalósítandó konkrét közbeszerzésekre vonatkozó pontos műszaki leírást és szerződéses feltételeket a DBR-ben részt vevő részvételre jelentkezők számára, az ajánlattételi felhívás megküldésével egyidejűleg bocsátja rendelkezésre.",Országos Onkológiai Intézet,,HU,HUN,,2026-02-16,,https://ted.europa.eu/en/notice/-/detail/110422-2026,2026-08-28T08:02:43+00:00,OFFICIAL_PUBLISHED_NOTICE,True,False,True,SUPPORTING_EVIDENCE,"official notice; no future deadline means supporting evidence, not an open opportunity",,
151217-2026,ted_eu,OFFICIAL_PROCUREMENT,CHILI,Croatia – Irrigation piping construction work – Izgradnja sustava javnog navodnjavanja Lukač,"Na području obuhvaćenom Projektom predviđa se izgradnja sustava za navodnjavanje površine obuhvata 447 ha, čime će se omogućiti priključenje korisnika na javni sustav navodnjavanja Lukač na području Virovitičko-podravske županije (VPŽ), odnosno na području Općine Lukač. SN Lukač se sastoji od sljedećih objekata: • Obaloutvrda oko ulazne građevine u koritu rijeke Drave; • Zahvat vode iz rijeke Drave; • Građevina crpne stanice s pratećim objektima; • Mreža tlačnih distribucijskih cjevovoda s zasunskim oknima i priključcima za navodnjavanje. Potrebne količine vode za navodnjavanje su osigurane direktnim zahvatom vode iz rijeke Drave. Zahvaćanje se vrši u vegetacijskom periodu (travanj-rujan), tada su na raspolaganju i najveće količine vode. Prema Agronomskoj osnovi (F. Bašić i sur., listopad 2015.) izračunati su mjesečni hidromoduli navodnjavanja prema kulturama. Budući da je predviđena rotacija plodoreda na poljoprivrednim površinama, zahvat i distribuciju vode za navodnjavanje potrebno je dimenzionirati na potrebne količine najzahtjevnijih kultura u plodoredu (rajčica i paprika). Maksimalni bruto radni hidromodul u mjesecu srpnju i pripadajuća navodnjavana površina daju potrebni maksimalni kapacitet sustava od 290 l/s. Zahvaćena voda iz rijeke Drave ulazi u okno zahvata vode u kojem su smještene niskotlačne crpke ukupnog kapaciteta 300 l/s i visine dizanja 13 m. Ispred okna zahvata vode nalazi se ulazna građevina uklopljena u obaloutvrdu. Dovodni cjevovod unutarnjeg promjera 500 mm i dužine 33 m povezuje okno zahvata vode i bazen za umirivanje vode. Bazen za umirivanje vode je radnog volumena 140 m3, služi taloženju čestica suspendiranog nanosa. Preko oštrobridnog preljeva voda se preljeva iz bazena za umirivanje u kompenzacijski bazen. Kompenzacijski bazen služi akumuliranju vode, čime se osigurava potopljenost usisa crpki i usklađenje rada s crpkama koje se nalaze u oknu zahvata vode. Radni volumen kompenzacijskog bazena iznosi 250 m3. Pražnjenje kompenzacijskog bazena u rijeku Dravu moguće je preko muljnog ispusta. Crpna stanica je postavljena uz kompenzacijski bazen, tako da se usisi crpki nalaze u bazenu. Ukupni kapacitet ugrađenih crpki iznosi 300 l/s, a visina dizanja vode 86 m. Crpna stanica osigurava minimalni radni tlak u distribucijskom sustavu od 5,5 bara. Sa zapadne strane crpne stanice smještena je trafostanica u kojoj se nalaze transformatori i upravljački ormari. Za pristup i povezivanje objekata zahvata sa crpnom stanicom na okolnu putnu mrežu biti će uređen makadamski pristup put širine 6,5 m i ukupne dužine od 770 m. Voda do krajnjih korisnika se distribuira preko tlačnih cjevovoda ukupne dužine 16.781 m. Duž distribucijskog sustav je predviđeno izvesti 38 regulacijsko-zasunskih okana, a za potrebe priključenja opreme za navodnjavanje biti će izvedeno 218 priključnih okana. Zahvatom vode i crpnom stanicom će se upravljati putem nadzorno upravljačkog sustava. Priključak objekata sustava navodnjavanje na elektroenergetsku mrežu izvest će se prema Elaboratu optimalnog tehničkog rješenja priključenja građevine na elektroenergetsku mrežu (EOTRP) broj 4020-70152679-400000096, svibanj 2023. „HEP – ODS d.o.o., Elektra Virovitica“, te prema elektrotehničkom projektu (mapa br. 6 „Zahvat vode sa crpnom stanicom - elektrotehnički projekt“). Priključak je snage 520 kW na mrežu HEP-ODS-a. Predviđena je izgradnja priključnog dalekovoda i trafostanice. Projektiranje i gradnja priključnog dalekovoda je u nadležnosti HEP-ODS d.o.o. i nije predmet ovog projekta. Trafostanica je smještena u sklopu objekta crpne stanice Lukač, te je i predmet ovog projekta, u skladu s Posebnim uvjetima HEP-ODS d.o.o. Elektra Virovitica br. 4020/1258/18LC od 28.05.2018 (mapa br. 7 „Zahvat vode sa crpnom stanicom - elektrotehnički projekt transformatorske stanice“).",VIROVITIČKO-PODRAVSKA ŽUPANIJA,,HR,HRV,,2026-03-04,2026-03-13,https://ted.europa.eu/en/notice/-/detail/151217-2026,2026-08-28T08:02:43+00:00,OFFICIAL_PUBLISHED_NOTICE,True,False,True,SUPPORTING_EVIDENCE,"official notice; no future deadline means supporting evidence, not an open opportunity",,
347027-2026,ted_eu,OFFICIAL_PROCUREMENT,CHILI,"Hungary – Food, beverages, tobacco and related products – Élelmiszerek beszerzése","Különféle élelmiszerek beszerzése a Tolna Vármegyei Balassa János Kórház részére Húskészítmények 1. Füstölt csemege szalonna (250 kg): min. 6 cm vastagságú, sózással, füstüléssel előállított; 2. Füstölt-főtt tarja (400 kg): vákuumfóliás, min. 70% csont nélküli sertéstarja hústartalom, pácolt, füstölt, hőkezelt; 3. Ízes sonka (900 kg): sertéshús min. 70%, glutamát,-glutén,-laktóz,-szója,-tejfehérje mentes; 4. Gépsonka (700 kg): min. 35% sertéshús tartalom; 5. Pizzasonka (500 kg): min. 35% sertéshús, gluténmentes; 6. Olasz felvágott (250 kg): min. 60% sertéshús, glutén,-szója,-laktóz,-tejfehérje,-glutamát mentes; 7. Vadász felvágott (60 kg): sertéshús min. 61%, szója,-laktóz,-glutén,-ízfokozó mentes; 8. Szeletelt vastag kolbász (4 000 db): védőgázas csomagolás, min. 50% sertéshús tartalom; 9. Tavaszi felvágott (700 kg):sertéshús min. 51%, zöldségek változó arányban 16,5% (morzsolt csemegekukorica, sárgarépakocka, zöldborsó, vágott hüvelyű zöldbab, piros paprikakocka); 10. Disznósajt (50 kg): sertés bőrös fejes hús min. 32%, sertés bőrke min. 25%, glutén,-szója,-laktóz,-tejfehérje,-glutamát mentes; 11. Virsli (50 db): vákuumcsomagolt, hámozott, sertéshús min. 66%, glutén,-laktózmentes; 12. Bécsi felvágott (150 kg): sertéshús min. 70%, glutén,-szója,-laktóz,-tejfehérje,-glutamát mentes, 25% csökkentett sótartalmú; 13. Csemege sült karaj (20 kg): védőgázas csomagolás, szeletelt, sertéshús min. 92%, laktóz,-gluténmentes, -tejfehérjementes, glutamátmentes,szójamentes; 14. Soproni felvágott (180 kg): min. 60% sertéshús, glutén,-szója,-laktóz,-tejfehérje,-glutamát mentes; 15. Sertés párizsi (1 000 kg): sertéshús min. 60%, glutamát,-glutén,-laktóz,-szója,-tejfehérjementes; 16. Sajtos baromfi párizsi (250 kg): csirkehús min. 26%; 17. Zala felvágott (1 000 kg): sertéshús min. 60%, glutén,-szója,-laktóz,-tejfehérje,-glutamát mentes; 18. Sertés virsli (600 kg): sertéshús min. 50%, műbeles, védőgázas csomagolásban, glutén,-szója,-laktóz,-tejfehérjementes; 19. Füstölt kolbász (50 kg): min. 70% sertéshús; 20. Lecsó kolbász (150 kg): min. 70% sertéshús; 21. Mini májas (5 000 db): sertés májból, sertésmáj min. 25%. Összesen: 7 210 kg, 9 050 db A beszerzendő termékek tárgyára és alapmennyiségére vonatkozó további adatokat a közbeszerzési dokumentumok részeként Ajánlattevők rendelkezésére bocsátott műszaki leírás, illetve ajánlati lap tartalmazza. Az alapmennyiségen Ajánlatkérő az ajánlati lapon rögzített 12 hónapra vonatkozó mennyiséget érti. A megadott alapmennyiségektől Ajánlatkérő +20%-kal eltérhet a szerződés teljesítése során. Egyes termékeknél meghatározott gyártmányú, eredetű, típusú dologra, eljárásra, tevékenységre, személyre, szabadalomra vagy védjegyre való hivatkozást a közbeszerzés tárgyának egyértelmű és közérthető meghatározása tette szükségessé, de a megnevezés csak a tárgy jellegének egyértelmű meghatározása érdekében történt és az ajánlatkérő valamennyi egyedileg megjelölt dologgal vagy védjeggyel összefüggésben elfogad azzal egyenértékű dolgot, a megjelölt terméket helyettesítő megoldást is azzal, hogy az egyenértékűséget az Ajánlattevőnek igazolnia kell. | Különféle élelmiszerek beszerzése a Tolna Vármegyei Balassa János Kórház részére Tőkehúsok 1. Sertéscomb (25 000 kg): sertés comb csont és csülök bőr nélkül, előhűtött; 2. Sertés karaj (7 000 kg): sertés karaj csontos, váll és szűzpecsenye nélkül, hosszú, előhűtött; 3. Sertésmáj (200 kg): előhűtött, friss; 4. Sertés tarja (2 500 kg): sertés tarja csontos-előhűtött; 5. Marha comb (1 500 kg): marha comb vegyesen, ín és faggyúmentes, előhűtött; 6. Sertés oldalas (1 000 kg): dagadó, szegycsont, koronahús nélkül, előhűtött; 7. Sertészsír (1 040 kg). Összesen: 38 240 kg A beszerzendő termékek tárgyára és alapmennyiségére vonatkozó további adatokat a közbeszerzési dokumentumok részeként Ajánlattevők rendelkezésére bocsátott műszaki leírás, illetve ajánlati lap tartalmazza. Az alapmennyiségen Ajánlatkérő az ajánlati lapon rögzített 12 hónapra vonatkozó mennyiséget érti. A megadott alapmennyiségektől Ajánlatkérő +20%-kal eltérhet a szerződés teljesítése során. Egyes termékeknél meghatározott gyártmányú, eredetű, típusú dologra, eljárásra, tevékenységre, személyre, szabadalomra vagy védjegyre való hivatkozást a közbeszerzés tárgyának egyértelmű és közérthető meghatározása tette szükségessé, de a megnevezés csak a tárgy jellegének egyértelmű meghatározása érdekében történt és az ajánlatkérő valamennyi egyedileg megjelölt dologgal vagy védjeggyel összefüggésben elfogad azzal egyenértékű dolgot, a megjelölt terméket helyettesítő megoldást is azzal, hogy az egyenértékűséget az Ajánlattevőnek igazolnia kell. | Különféle élelmiszerek beszerzése a Tolna Vármegyei Balassa János Kórház részére Tej 1. UHT homogénezett zsírszegény tej (40 000 L): max. 1,5 %-os zsírtartalmú, UHT Összesen: 40 000 l A beszerzendő termékek tárgyára és alapmennyiségére vonatkozó további adatokat a közbeszerzési dokumentumok részeként Ajánlattevők rendelkezésére bocsátott műszaki leírás, illetve ajánlati lap tartalmazza. Az alapmennyiségen Ajánlatkérő az ajánlati lapon rögzített 12 hónapra vonatkozó mennyiséget érti. A megadott alapmennyiségektől Ajánlatkérő +20%-kal eltérhet a szerződés teljesítése során. Egyes termékeknél meghatározott gyártmányú, eredetű, típusú dologra, eljárásra, tevékenységre, személyre, szabadalomra vagy védjegyre való hivatkozást a közbeszerzés tárgyának egyértelmű és közérthető meghatározása tette szükségessé, de a megnevezés csak a tárgy jellegének egyértelmű meghatározása érdekében történt és az ajánlatkérő valamennyi egyedileg megjelölt dologgal vagy védjeggyel összefüggésben elfogad azzal egyenértékű dolgot, a megjelölt terméket helyettesítő megoldást is azzal, hogy az egyenértékűséget az Ajánlattevőnek igazolnia kell. | Különféle élelmiszerek beszerzése a Tolna Vármegyei Balassa János Kórház részére Tejtermékek 1 1. Kockasajt (30 000 doboz): natúr, 8 cikkelyenként alumínium csomagolt, kördobozos, kenhető félzsíros ömlesztett sajt, tejalapú; 2. Tejföl (4 000 kg): max. 12% zsírtartalmú, magas hőmérsékleten hőkezelt, homogénezett tejszínből; 3. Vaj (800 kg): 80-90%-os zsírtartalom, tejalapú; 4. Minivaj (32 000 db): min. 82% zsírtartalmú, márkázott vaj; 5. Kefir (35 000 db): magas hőmérsékleten hőkezelt, homogénezett tejből, 3-3,5% zsírtartalom; 6. Poharas tejföl (1 200 db): max. 12% zsírtartalommal; 7. Trappista sajt (1 800 kg): korong formájú, zsíros, félkemény, tejalapú sajt; 8. Túró (1 000 kg): félzsíros, tehéntúró; 9. Vajkrém (50 db): natúr ízesítésű, zsírtartalom min. 25%. Összesen: 7 600 kg, 68 250 db, 30 000 doboz A beszerzendő termékek tárgyára és alapmennyiségére vonatkozó további adatokat a közbeszerzési dokumentumok részeként Ajánlattevők rendelkezésére bocsátott műszaki leírás, illetve ajánlati lap tartalmazza. Az alapmennyiségen Ajánlatkérő az ajánlati lapon rögzített 12 hónapra vonatkozó mennyiséget érti. A megadott alapmennyiségektől Ajánlatkérő +20%-kal eltérhet a szerződés teljesítése során. Egyes termékeknél meghatározott gyártmányú, eredetű, típusú dologra, eljárásra, tevékenységre, személyre, szabadalomra vagy védjegyre való hivatkozást a közbeszerzés tárgyának egyértelmű és közérthető meghatározása tette szükségessé, de a megnevezés csak a tárgy jellegének egyértelmű meghatározása érdekében történt és az ajánlatkérő valamennyi egyedileg megjelölt dologgal vagy védjeggyel összefüggésben elfogad azzal egyenértékű dolgot, a megjelölt terméket helyettesítő megoldást is azzal, hogy az egyenértékűséget az Ajánlattevőnek igazolnia kell. | Különféle élelmiszerek beszerzése a Tolna Vármegyei Balassa János Kórház részére Tejtermékek 2 1. Joghurt gyümölcsös (15 000 db): élőflórás, zsírtartalom min. 2,7% (m/m) és min. 3,5% (m/m) zsírtartalmú tejből, vegyes gyümölcs ízesítésű; 2. Joghurt diabetikus (15 000 db): élőflórás, min. 0,1% (m/m) zsír, hozzáadott cukrot nem tartalmaz, vegyes gyümölcs ízesítésű; 3. Krémjoghurt (100 db): sovány tej, tejszín, élő kultúra, zsírtartalom min. 5,6 % (m/m), straccatellaízű készítmény 12% (cukor, csokoládé darabkák 8,1%); 4. Natúr joghurt (26 500 db): élőflórás, natúr, zsírtartalom min. 3,6% (m/m); 5. Krémtúró (1 600 db): utóhőkezelt, túrókészítmény, vaníliás ízesítésű; 6. Krémpuding diabetikus (800 db): ízesített, hozzáadott cukrot nem tartalmaz, édesítőszerekkel, zsírtartalom min. 5,5%, vanília ízesítésű; 7. Tejberizs (800 db): zsíros tej min. 69,7%, gyümölcs ízesítő készítmény, zsírtartalom min. 2,2%, rizs min. 6,3%; 8. Tömlős sajt (15 000 db): kenhető, félzsíros, ömlesztett sajtkrém, natúr ízesítésű, min. 60% sajtból; 9. Szeletelt sajt (5 200 csomag): natúr, zsíros, ömlesztett sajtszeletek, zsírtartalom 45-50%, min. 50% sajtból. Összesen: 74 800 db, 5 200 csomag A beszerzendő termékek tárgyára és alapmennyiségére vonatkozó további adatokat a közbeszerzési dokumentumok részeként Ajánlattevők rendelkezésére bocsátott műszaki leírás, illetve ajánlati lap tartalmazza. Az alapmennyiségen Ajánlatkérő az ajánlati lapon rögzített 12 hónapra vonatkozó mennyiséget érti. A megadott alapmennyiségektől Ajánlatkérő +20%-kal eltérhet a szerződés teljesítése során. Egyes termékeknél meghatározott gyártmányú, eredetű, típusú dologra, eljárásra, tevékenységre, személyre, szabadalomra vagy védjegyre való hivatkozást a közbeszerzés tárgyának egyértelmű és közérthető meghatározása tette szükségessé, de a megnevezés csak a tárgy jellegének egyértelmű meghatározása érdekében történt és az ajánlatkérő valamennyi egyedileg megjelölt dologgal vagy védjeggyel összefüggésben elfogad azzal egyenértékű dolgot, a megjelölt terméket helyettesítő megoldást is azzal, hogy az egyenértékűséget az Ajánlattevőnek igazolnia kell. | Különféle élelmiszerek beszerzése a Tolna Vármegyei Balassa János Kórház részére Tojás 1. tojás (77 000 Db): fertőtlenített, ""M"" nagyságú. Összesen: 77 000 db A beszerzendő termékek tárgyára és alapmennyiségére vonatkozó további adatokat a közbeszerzési dokumentumok részeként Ajánlattevők rendelkezésére bocsátott műszaki leírás, illetve ajánlati lap tartalmazza. Az alapmennyiségen Ajánlatkérő az ajánlati lapon rögzített 12 hónapra vonatkozó mennyiséget érti. A megadott alapmennyiségektől Ajánlatkérő +20%-kal eltérhet a szerződés teljesítése során. Egyes termékeknél meghatározott gyártmányú, eredetű, típusú dologra, eljárásra, tevékenységre, személyre, szabadalomra vagy védjegyre való hivatkozást a közbeszerzés tárgyának egyértelmű és közérthető meghatározása tette szükségessé, de a megnevezés csak a tárgy jellegének egyértelmű meghatározása érdekében történt és az ajánlatkérő valamennyi egyedileg megjelölt dologgal vagy védjeggyel összefüggésben elfogad azzal egyenértékű dolgot, a megjelölt terméket helyettesítő megoldást is azzal, hogy az egyenértékűséget az Ajánlattevőnek igazolnia kell. | Különféle élelmiszerek beszerzése a Tolna Vármegyei Balassa János Kórház részére Savanyúságok 1. Csemege uborka (2 000 kg): mérete: 6-8cm; 2. Savanyú káposzta (600 kg): gyalult, fehér káposzta; 3. Savanyú paprika (600 kg): TV, csemege; 4. Cékla savanyúság (600 kg): szeletelt; 5. Vegyes vágott (1 500 kg): összetevők: fehér káposzta, uborka, paprika, sárgarépa. Összesen: 5 300 kg A beszerzendő termékek tárgyára és alapmennyiségére vonatkozó további adatokat a közbeszerzési dokumentumok részeként Ajánlattevők rendelkezésére bocsátott műszaki leírás, illetve ajánlati lap tartalmazza. Az alapmennyiségen Ajánlatkérő az ajánlati lapon rögzített 12 hónapra vonatkozó mennyiséget érti. A megadott alapmennyiségektől Ajánlatkérő +20%-kal eltérhet a szerződés teljesítése során. Egyes termékeknél meghatározott gyártmányú, eredetű, típusú dologra, eljárásra, tevékenységre, személyre, szabadalomra vagy védjegyre való hivatkozást a közbeszerzés tárgyának egyértelmű és közérthető meghatározása tette szükségessé, de a megnevezés csak a tárgy jellegének egyértelmű meghatározása érdekében történt és az ajánlatkérő valamennyi egyedileg megjelölt dologgal vagy védjeggyel összefüggésben elfogad azzal egyenértékű dolgot, a megjelölt terméket helyettesítő megoldást is azzal, hogy az egyenértékűséget az Ajánlattevőnek igazolnia kell. | Különféle élelmiszerek beszerzése a Tolna Vármegyei Balassa János Kórház részére Zöldség-gyümölcs 1. Burgonya (Jan.01-Máj.31-ig) (17 500 kg): 60 mm feletti; 2. Burgonya (Jún.01-Aug.31-ig) (7 500 kg): 60 mm feletti; 3. Burgonya (Szept.1-Dec.31-ig) (10 000 kg): 60 mm feletti; 4. Vöröshagyma (Jan. 1-Márc.31-ig) (2 000 kg): 50 mm feletti; 5. Vöröshagyma (Ápr. 1-Júni.30-ig) (2 000 kg): 50 mm feletti; 6. Vöröshagyma (Júli.1-Dec. 31-ig) (3 500 kg): 50 mm feletti; 7. Fokhagyma (300 kg); 8. Petrezselyem gyökér (500 kg); 9. Sárgarépa (500 kg); 10. Uborka (Jan.1-Márc.31-ig) (200 kg): kígyóuborka; 11. Uborka (Ápr.1-Szept.31-ig) (200 kg): kígyóuborka; 12. Uborka (Okt.1-Dec.31-ig) (200 kg): kígyóuborka; 13. TV paprika (Jan. 1-Máj. 31-ig) (200 kg): TV; 14. TV paprika (Jún. 1-Okt. 31-ig) (200 kg): TV; 15. TV paprika (Nov.1-Dec.31-ig) (200 kg): TV; 16. Jégcsapretek (Jan.31-Ápr. 30-ig) (100 kg): jégcsapretek; 17. Jégcsapretek (Júli. 1-Dec.31-ig) (100 kg): jégcsapretek; 18. Paradicsom (Jan.1-Máj.31-ig) (200 kg); 19. Paradicsom (Jún.1-Okt.31-ig) (200 kg); 20. Paradicsom (Nov.1-Dec.31-ig) (200 kg); 21. Fejes káposzta (Jan.1-Ápr.30-ig) (750 kg); 22. Fejes káposzta (Máj.1-Júli.31-ig) (500 kg); 23. Fejes káposzta (Aug.1-Dec. 31-ig) (950 kg); 24. Kelkáposzta (900 kg); 25. Cékla (100 kg); 26. Cukkini (100 kg); 27. Lilakáposzta (150 kg); 28. Jégsaláta (120 db); 29. Zöldhagyma (100 csomó); 30. Citrom (200 kg); 31. Banán (450 kg); 32. Narancs (Dec.01 - Febr.28-ig) (200 kg): 70-80 mm közötti; 33. Mandarin (Dec.01 - Febr.28-ig) (100 kg): max.65 mm; 34. Alma (Jan.1-Júni.30-ig) (4 500 kg): 65-75 mm; 35. Alma (Júli.1-Dec.31-ig) (4 500 kg): 65-75 mm; 36. Körte (Jan. 1.-Dec.31.-ig) (500 kg): 100-200 mm; 37. Pritamin paprika (120 kg): zöld és piros húsú. Összesen: 59 820 kg, 120 db, 100 csomó A beszerzendő termékek tárgyára és alapmennyiségére vonatkozó további adatokat a közbeszerzési dokumentumok részeként Ajánlattevők rendelkezésére bocsátott műszaki leírás, illetve ajánlati lap tartalmazza. Az alapmennyiségen Ajánlatkérő az ajánlati lapon rögzített 12 hónapra vonatkozó mennyiséget érti. A megadott alapmennyiségektől Ajánlatkérő +20%-kal eltérhet a szerződés teljesítése során. Egyes termékeknél meghatározott gyártmányú, eredetű, típusú dologra, eljárásra, tevékenységre, személyre, szabadalomra vagy védjegyre való hivatkozást a közbeszerzés tárgyának egyértelmű és közérthető meghatározása tette szükségessé, de a megnevezés csak a tárgy jellegének egyértelmű meghatározása érdekében történt és az ajánlatkérő valamennyi egyedileg megjelölt dologgal vagy védjeggyel összefüggésben elfogad azzal egyenértékű dolgot, a megjelölt terméket helyettesítő megoldást is azzal, hogy az egyenértékűséget az Ajánlattevőnek igazolnia kell. | Különféle élelmiszerek beszerzése a Tolna Vármegyei Balassa János Kórház részére Glutén és laktózmentes termékek 1. Kukoricaliszt (70 kg): gluténmentes, laktózmentes, hozzáadott cukrot nem tartalmaz, tejmentes, tojásmentes, szójamentes liszt; 2. Rizsliszt (70 kg): gluténmentes, laktózmentes, hozzáadott cukrot nem tartalmaz, tejmentes, tojásmentes, szójamentes liszt; 3. Gluténmentes zsemlemorzsa (10 kg): gluténmentes, tejmentes, laktózmentes, tojásmentes, szójamentes, lupinmentes; 4. Instant élesztő (100 db): csomagolt, szárított, gluténmentes; 5. Gluténmentes levestészta kiskocka (40 kg): kukoricalisztből készült kiskocka tészta, tojást, tejcukrot, szóját nem tartalmaz; 6. Gluténmentes körettészta orsó (20 kg):kukoricalisztből készült orsó tészta, tojást, tejcukrot, szóját nem tartalmaz; 7. Gluténmentes körettészta nagykocka (20 kg):kukoricalisztből készült nagykocka tészta, tojást, tejcukrot, szóját nem tartalmaz; 8. Gluténmentes körettészta hosszúmetélt (20 kg):kukoricalisztből készült hosszúmetélt, tojást, tejcukrot, szóját nem tartalmaz; 9. Laktózmentes tej (60 l): UHT, max. 1,5% zsírtartalom. Összesen: 250 kg, 100 db, 60 l A beszerzendő termékek tárgyára és alapmennyiségére vonatkozó további adatokat a közbeszerzési dokumentumok részeként Ajánlattevők rendelkezésére bocsátott műszaki leírás, illetve ajánlati lap tartalmazza. Az alapmennyiségen Ajánlatkérő az ajánlati lapon rögzített 12 hónapra vonatkozó mennyiséget érti. A megadott alapmennyiségektől Ajánlatkérő +20%-kal eltérhet a szerződés teljesítése során. Egyes termékeknél meghatározott gyártmányú, eredetű, típusú dologra, eljárásra, tevékenységre, személyre, szabadalomra vagy védjegyre való hivatkozást a közbeszerzés tárgyának egyértelmű és közérthető meghatározása tette szükségessé, de a megnevezés csak a tárgy jellegének egyértelmű meghatározása érdekében történt és az ajánlatkérő valamennyi egyedileg megjelölt dologgal vagy védjeggyel összefüggésben elfogad azzal egyenértékű dolgot, a megjelölt terméket helyettesítő megoldást is azzal, hogy az egyenértékűséget az Ajánlattevőnek igazolnia kell. | Különféle élelmiszerek beszerzése a Tolna Vármegyei Balassa János Kórház részére Ásványvíz, gyümölcslevek 1. Szénsavmentes ásványvíz (2 500 l): szénsavmentes; 2. Szénsavas ásványvíz (2 500 l): szénsavas; 3. Gyümölcslé (350 l): min. 25% gyümölcstartalom, rostos, barack; 4. Gyümölcslé (2 000 db): 2 dl-es, dobozos, szívószálas, min. 25% gyümölcstartalom, szűrt, alma; 5. Ananászlé (200 db): 100% gyümölcstartalom. Összesen: 2 200 db, 5 350 l A beszerzendő termékek tárgyára és alapmennyiségére vonatkozó további adatokat a közbeszerzési dokumentumok részeként Ajánlattevők rendelkezésére bocsátott műszaki leírás, illetve ajánlati lap tartalmazza. Az alapmennyiségen Ajánlatkérő az ajánlati lapon rögzített 12 hónapra vonatkozó mennyiséget érti. A megadott alapmennyiségektől Ajánlatkérő +20%-kal eltérhet a szerződés teljesítése során. Egyes termékeknél meghatározott gyártmányú, eredetű, típusú dologra, eljárásra, tevékenységre, személyre, szabadalomra vagy védjegyre való hivatkozást a közbeszerzés tárgyának egyértelmű és közérthető meghatározása tette szükségessé, de a megnevezés csak a tárgy jellegének egyértelmű meghatározása érdekében történt és az ajánlatkérő valamennyi egyedileg megjelölt dologgal vagy védjeggyel összefüggésben elfogad azzal egyenértékű dolgot, a megjelölt terméket helyettesítő megoldást is azzal, hogy az egyenértékűséget az Ajánlattevőnek igazolnia kell. | Különféle élelmiszerek beszerzése a Tolna Vármegyei Balassa János Kórház részére Kávé, tea 1. Zamat kávé (200 kg): pörkölt Cikória aszalvány min. 40%; 2. Cikória kávé (200 kg): cikória aszalvány (őrölt, pörkölt) min. 99%; 3. Gyümölcs tea (250 kg): filteres, tasakonként 100 gr. gyümölcs-gyógynövény keverék, melegital készítésére; 4. Teafű (300 kg): szálas, fekete tea; 5. Instant teapor (300 kg): citrom ízű, cukorral és édesítőszerrel. Összesen: 1 250 kg A beszerzendő termékek tárgyára és alapmennyiségére vonatkozó további adatokat a közbeszerzési dokumentumok részeként Ajánlattevők rendelkezésére bocsátott műszaki leírás, illetve ajánlati lap tartalmazza. Az alapmennyiségen Ajánlatkérő az ajánlati lapon rögzített 12 hónapra vonatkozó mennyiséget érti. A megadott alapmennyiségektől Ajánlatkérő +20%-kal eltérhet a szerződés teljesítése során. Egyes termékeknél meghatározott gyártmányú, eredetű, típusú dologra, eljárásra, tevékenységre, személyre, szabadalomra vagy védjegyre való hivatkozást a közbeszerzés tárgyának egyértelmű és közérthető meghatározása tette szükségessé, de a megnevezés csak a tárgy jellegének egyértelmű meghatározása érdekében történt és az ajánlatkérő valamennyi egyedileg megjelölt dologgal vagy védjeggyel összefüggésben elfogad azzal egyenértékű dolgot, a megjelölt terméket helyettesítő megoldást is azzal, hogy az egyenértékűséget az Ajánlattevőnek igazolnia kell. | Különféle élelmiszerek beszerzése a Tolna Vármegyei Balassa János Kórház részére Száraz áruk 1. Rizs (5 500 kg): ""A"" minőségű, fényezetlen, hosszú szemű rizs; 2. Sárgaborsó (550 kg): feles, hántolt; 3. Szárazbab (150 kg): fehér apró szemű; 4. Asztali só (2 500 kg): finomsó, jódozott; 5. Kristálycukor (9 000 kg); 6. Porcukor (600 kg); 7. Mokkacukor (40 kg); 8. Édesítőszer tablettás (30 db): ciklamát és szacharin alapú; 9. Édesítőszer (10 kg): glukonon por; 10. Folyékony édesítőszer (350 l): folyékony; 11. Vaniliás pudingpor (150 kg): főzéssel elkészíthető; 12. Csokis pudingpor (30 kg): főzéssel elkészíthető; 13. Eperízű pudingpor (70 kg): főzéssel elkészíthető; 14. Tortabevonó (50 db): kakaós éttortabevonó, zsírszegény kakaópor 13,5-15%; 15. Háztartási keksz (300 kg); 16. Babapiskóta (40 kg); 17. Édes diabetikus sütemény vaníliás (150 kg): vaniliás, édesítőszerek (maltit, izomalt); 18. Édes diabetikus sütemény kakaós (150 kg): kakaós, zsírszegény kakaópor max.3 %, édesítőszerek (maltit, izomalt); 19. Liszt (10 000 kg): búza finomliszt, BL-55; 20. Búzadara (1 600 kg); 21. Zsemlemorzsa (1 300 kg); 22. Levesgyöngy (60 kg); 23. Étkezési mák (60 kg): darálva; 24. Citromsav (500 kg); 25. Dióbél (150 kg): tisztított, csomagolt; 26. Aroma (450 db): rumaroma; 27. Mandula (18 kg): szeletelt, mandulabél; 28. Bulgur (405 kg): búzatöret. Összesen: 33 333 kg, 530 db, 350 l A beszerzendő termékek tárgyára és alapmennyiségére vonatkozó további adatokat a közbeszerzési dokumentumok részeként Ajánlattevők rendelkezésére bocsátott műszaki leírás, illetve ajánlati lap tartalmazza. Az alapmennyiségen Ajánlatkérő az ajánlati lapon rögzített 12 hónapra vonatkozó mennyiséget érti. A megadott alapmennyiségektől Ajánlatkérő +20%-kal eltérhet a szerződés teljesítése során. Egyes termékeknél meghatározott gyártmányú, eredetű, típusú dologra, eljárásra, tevékenységre, személyre, szabadalomra vagy védjegyre való hivatkozást a közbeszerzés tárgyának egyértelmű és közérthető meghatározása tette szükségessé, de a megnevezés csak a tárgy jellegének egyértelmű meghatározása érdekében történt és az ajánlatkérő valamennyi egyedileg megjelölt dologgal vagy védjeggyel összefüggésben elfogad azzal egyenértékű dolgot, a megjelölt terméket helyettesítő megoldást is azzal, hogy az egyenértékűséget az Ajánlattevőnek igazolnia kell. | Különféle élelmiszerek beszerzése a Tolna Vármegyei Balassa János Kórház részére Zsiradékok 1. Étolaj (10 000 l): napraforgó; 2. Tejszín (950 l): 15-25% zsírtartalmú, növényi alapú, főzéshez, sütéshez; 3. Margarin (400 kg): max. 70% zsírtartalmú, növényi alapú, tégla; 4. Margarinkrém (400 kg): max. 30% zsírtartalmú margarin, kenhető; 5. Margarinkrém (200 kg): növényi olajok max. 20% kenhető, laktózmentes; 6. Mini margarin (240 000 db): növényi olajok max. 60%. Összesen: 1 000 kg, 240 000 db, 10 950 l A beszerzendő termékek tárgyára és alapmennyiségére vonatkozó további adatokat a közbeszerzési dokumentumok részeként Ajánlattevők rendelkezésére bocsátott műszaki leírás, illetve ajánlati lap tartalmazza. Az alapmennyiségen Ajánlatkérő az ajánlati lapon rögzített 12 hónapra vonatkozó mennyiséget érti. A megadott alapmennyiségektől Ajánlatkérő +20%-kal eltérhet a szerződés teljesítése során. Egyes termékeknél meghatározott gyártmányú, eredetű, típusú dologra, eljárásra, tevékenységre, személyre, szabadalomra vagy védjegyre való hivatkozást a közbeszerzés tárgyának egyértelmű és közérthető meghatározása tette szükségessé, de a megnevezés csak a tárgy jellegének egyértelmű meghatározása érdekében történt és az ajánlatkérő valamennyi egyedileg megjelölt dologgal vagy védjeggyel összefüggésben elfogad azzal egyenértékű dolgot, a megjelölt terméket helyettesítő megoldást is azzal, hogy az egyenértékűséget az Ajánlattevőnek igazolnia kell. | Különféle élelmiszerek beszerzése a Tolna Vármegyei Balassa János Kórház részére Fagyasztott baromfi és hal 1. Csirkecomb egész (2 500 kg); 2. Csirke felsőcomb (2 500 kg); 3. Csirke alsócomb (2 000 kg); 4. Baromfi máj (450 kg): csirke, szív nélkül; 5. Pulyka felsőcomb filé (450 kg); 6. Csirkemell filé (1 400 kg): csont és bőr nélküli egész csirkemell; 7. Cápaharcsa filé (900 kg): 10-20% glazúr tartalommal. Összesen: 10 200 kg A beszerzendő termékek tárgyára és alapmennyiségére vonatkozó további adatokat a közbeszerzési dokumentumok részeként Ajánlattevők rendelkezésére bocsátott műszaki leírás, illetve ajánlati lap tartalmazza. Az alapmennyiségen Ajánlatkérő az ajánlati lapon rögzített 12 hónapra vonatkozó mennyiséget érti. A megadott alapmennyiségektől Ajánlatkérő +20%-kal eltérhet a szerződés teljesítése során. Egyes termékeknél meghatározott gyártmányú, eredetű, típusú dologra, eljárásra, tevékenységre, személyre, szabadalomra vagy védjegyre való hivatkozást a közbeszerzés tárgyának egyértelmű és közérthető meghatározása tette szükségessé, de a megnevezés csak a tárgy jellegének egyértelmű meghatározása érdekében történt és az ajánlatkérő valamennyi egyedileg megjelölt dologgal vagy védjeggyel összefüggésben elfogad azzal egyenértékű dolgot, a megjelölt terméket helyettesítő megoldást is azzal, hogy az egyenértékűséget az Ajánlattevőnek igazolnia kell. | Különféle élelmiszerek beszerzése a Tolna Vármegyei Balassa János Kórház részére Kényelmi termékek 1. Zabkása (700 kg): zabpehely 46-55%, csökkentett cukortartalom; 2. Köleskása (200 kg): kölespehely min. 20%; 3. Müzli szelet (1 200 db): gyümölcsös, gyümölcs tartalom min. 10%; 4. Müzli szelet (2 000 db): diabetikus, fruktózzal és édesítőszerrel, hozzáadott cukor nélkül; 5. Burgonyapüre pehely por (170 kg): szárított burgonyapüre min. 84,7%, zsírszegény tejpor max. 9%; 6. Puffasztott rizs (400 csomag): natúr; 7. Extrudált kenyér (600 csomag): kukoricás, teljes gabonaszem felhasználásával, tartósítószer és mesterséges adalékanyagok hozzáadása nélkül készülő, élelmi rostban gazdag; 8. Korpás keksz (500 csomag): teljeskiőrlésű gabonát, élelmi rostot, fehérjéket, vitaminokat és ásványi anyagokat tartalmaz, hozzáadott cukor nélkül; 9. Vaníliás cukor (80 kg). Összesen: 1 150 kg, 3 200 db, 1 500 csomag A beszerzendő termékek tárgyára és alapmennyiségére vonatkozó további adatokat a közbeszerzési dokumentumok részeként Ajánlattevők rendelkezésére bocsátott műszaki leírás, illetve ajánlati lap tartalmazza. Az alapmennyiségen Ajánlatkérő az ajánlati lapon rögzített 12 hónapra vonatkozó mennyiséget érti. A megadott alapmennyiségektől Ajánlatkérő +20%-kal eltérhet a szerződés teljesítése során. Egyes termékeknél meghatározott gyártmányú, eredetű, típusú dologra, eljárásra, tevékenységre, személyre, szabadalomra vagy védjegyre való hivatkozást a közbeszerzés tárgyának egyértelmű és közérthető meghatározása tette szükségessé, de a megnevezés csak a tárgy jellegének egyértelmű meghatározása érdekében történt és az ajánlatkérő valamennyi egyedileg megjelölt dologgal vagy védjeggyel összefüggésben elfogad azzal egyenértékű dolgot, a megjelölt terméket helyettesítő megoldást is azzal, hogy az egyenértékűséget az Ajánlattevőnek igazolnia kell. | Különféle élelmiszerek beszerzése a Tolna Vármegyei Balassa János Kórház részére Fűszerek, ételízesítők 1. Ketchup (250 kg): vödrös csomagolású, sűrített paradicsom 15%-17%; 2. Ketchup (30 kg): flakonos; 3. Mustár (100 kg): flakonos; 4. Majonéz (350 kg): vödrös csomagolású; 5. Majonéz (25 kg): flakonos; 6. Babérlevél (1 kg): egész; 7. Fűszerpaprika (250 kg): csomagolt, édes, fűszerpaprika őrlemény; 8. Köménymag (4 kg): őrölt; 9. Bors (4 csomag): egész; 10. Bors (25 kg): őrölt; 11. Fahéj (2 kg): őrölt; 12. Majoranna (1 kg): őrölt; 13. Oregánó (1 kg): őrölt; 14. Bazsalikom (1 kg): őrölt; 15. Tárkony (1 kg): morzsolt; 16. Szegfűszeg (6 kg): egész; 17. Ételecet (400 l): 10%; 18. Ételízesítő (250 kg): sómentes és gluténmentes; 19. Ételízesítő (160 kg): instant ételízesítő; 20. Csontleves alap (24 kg): hozzáadott só nélkül; 21. Sertésfűszer (20 kg); 22. Szárnyas fűszer (20 kg); 23. Háztartási keksz (100 kg): háztartási keksz édesítőszerekkel; 24. Kakaópor (40 kg): 20-22 % zsírtartalommal; 25. Instant kakaópor (10 kg): cukrozott kakaóitalpor, vitaminokkal és ásványi anyagokkal dúsított. Összesen: 1 671 kg, 400 l, 4 csomag A beszerzendő termékek tárgyára és alapmennyiségére vonatkozó további adatokat a közbeszerzési dokumentumok részeként Ajánlattevők rendelkezésére bocsátott műszaki leírás, illetve ajánlati lap tartalmazza. Az alapmennyiségen Ajánlatkérő az ajánlati lapon rögzített 12 hónapra vonatkozó mennyiséget érti. A megadott alapmennyiségektől Ajánlatkérő +20%-kal eltérhet a szerződés teljesítése során. Egyes termékeknél meghatározott gyártmányú, eredetű, típusú dologra, eljárásra, tevékenységre, személyre, szabadalomra vagy védjegyre való hivatkozást a közbeszerzés tárgyának egyértelmű és közérthető meghatározása tette szükségessé, de a megnevezés csak a tárgy jellegének egyértelmű meghatározása érdekében történt és az ajánlatkérő valamennyi egyedileg megjelölt dologgal vagy védjeggyel összefüggésben elfogad azzal egyenértékű dolgot, a megjelölt terméket helyettesítő megoldást is azzal, hogy az egyenértékűséget az Ajánlattevőnek igazolnia kell. | Különféle élelmiszerek beszerzése a Tolna Vármegyei Balassa János Kórház részére Konzervek 1. Almabefőtt (2 400 db); 2. Őszibarack befőtt (1 500 db): felezett, hámozott; 3. Meggybefőtt (1 500 db): magozott; 4. Ananász befőtt (100 db): darabolt; 5. Sárgabarack íz (350 kg): min. gyümölcstartalom 45 gr./100 gr., vödrös; 6. Jam (22 000 db): sárgabarack ízesítésű, min. 35 gr/100 gr. gyümölcstartalom; 7. Mogyorókrém (3 000 db): kenhető, kakaós; 8. Szaharinos jam (20 000 db): sárgabarack, min. gyümölcstartalom 50 gr/100 gr.; 9. Gyümölcsíz (60 kg): faládás vagy papírdobozos, sütésálló, vegyesíz, min. gyümölcstartalom 60 gr./100 gr.; 10. Méz (18 000 db): virágméz; 11. Diabetikus édesítő /mézpótló/ (4 500 db): diabetikus édesítő, méz helyett, hozzáadott cukor nélkül; 12. Citromlé (4 000 db): gyümölcstartalom min. 40%-os; 13. Lecsókonzerv (1 500 db): natúr, 28-32 % paprika tartalommal; 14. Paradicsompüré (1 000 db): 28-30 % sűrített paradicsom tartalommal; 15. Gombakonzerv (500 db): szeletelt gombával. Összesen: 410 kg, 80 000 db A beszerzendő termékek tárgyára és alapmennyiségére vonatkozó további adatokat a közbeszerzési dokumentumok részeként Ajánlattevők rendelkezésére bocsátott műszaki leírás, illetve ajánlati lap tartalmazza. Az alapmennyiségen Ajánlatkérő az ajánlati lapon rögzített 12 hónapra vonatkozó mennyiséget érti. A megadott alapmennyiségektől Ajánlatkérő +20%-kal eltérhet a szerződés teljesítése során. Egyes termékeknél meghatározott gyártmányú, eredetű, típusú dologra, eljárásra, tevékenységre, személyre, szabadalomra vagy védjegyre való hivatkozást a közbeszerzés tárgyának egyértelmű és közérthető meghatározása tette szükségessé, de a megnevezés csak a tárgy jellegének egyértelmű meghatározása érdekében történt és az ajánlatkérő valamennyi egyedileg megjelölt dologgal vagy védjeggyel összefüggésben elfogad azzal egyenértékű dolgot, a megjelölt terméket helyettesítő megoldást is azzal, hogy az egyenértékűséget az Ajánlattevőnek igazolnia kell. | Különféle élelmiszerek beszerzése a Tolna Vármegyei Balassa János Kórház részére Kenyér és péksütemény 1. Fehér kenyér (30 000 kg): fehér lisztből készült, szeletelt, csomagolt, forma; 2. Kenyér (16 000 kg): teljeskiőrlésű lisztből készült, szeletelt, csomagolt, forma; 3. Zsemle (115 000 db): vizes zsemle; 4. Zsemle (1 500 db): teljeskiőrlésű lisztből készült, friss; 5. Kifli (85 000 db): vizes kifli; 6. Kifli (600 db): teljeskiőrlésű lisztből készült, friss; 7. Kalács (2 000 db): édes, formában; 8. Élesztő (35 kg). Összesen: 46 035 kg, 204 100 db A beszerzendő termékek tárgyára és alapmennyiségére vonatkozó további adatokat a közbeszerzési dokumentumok részeként Ajánlattevők rendelkezésére bocsátott műszaki leírás, illetve ajánlati lap tartalmazza. Az alapmennyiségen Ajánlatkérő az ajánlati lapon rögzített 12 hónapra vonatkozó mennyiséget érti. A megadott alapmennyiségektől Ajánlatkérő +20%-kal eltérhet a szerződés teljesítése során. Egyes termékeknél meghatározott gyártmányú, eredetű, típusú dologra, eljárásra, tevékenységre, személyre, szabadalomra vagy védjegyre való hivatkozást a közbeszerzés tárgyának egyértelmű és közérthető meghatározása tette szükségessé, de a megnevezés csak a tárgy jellegének egyértelmű meghatározása érdekében történt és az ajánlatkérő valamennyi egyedileg megjelölt dologgal vagy védjeggyel összefüggésben elfogad azzal egyenértékű dolgot, a megjelölt terméket helyettesítő megoldást is azzal, hogy az egyenértékűséget az Ajánlattevőnek igazolnia kell. | Különféle élelmiszerek beszerzése a Tolna Vármegyei Balassa János Kórház részére Száraztészták 1. Nagykocka tészta (1 200 kg): durum lisztből készült, fodros szélű; 2. Lúdgége tészta (leves betét) (108 kg): durum lisztből készült; 3. Szarvacska (körettészta) (500 kg): durum lisztből készült; 4. Kiskocka tészta (leves betét) (600 kg):durum lisztből készült, kiskocka formájú; 5. Kiskagyló (levesbetét) (450 kg): minimum 4 tojásos, kiskagyló formájú; 6. ABC betű tészta (levesbetét) (108 kg): minimum 4 tojásos, Abc formájú; 7. Orsó tészta (1 500 kg): durum lisztből készült; 8. Rövidcső tészta (400 kg): minimum 4 tojásos, búzalisztből készült; 9. Hosszúmetélt (900 kg): durum lisztből készült; 10. Tarhonya (1 750 kg): durum lisztből készült, gépi nagy szemű; 11. Spagetti (1 200 kg): durum lisztből készült; 12. Csipetke (200 kg): minimum 8 tojásos ,búzalisztből készült; 13. Penne (100 kg): durum lisztből készült; 14. Cérnametélt (150 kg): minimum 4 tojásos, búzalisztből készült, 2-3 cm-es; 15. Gyufametélt (60 kg): minimum 8 tojásos, búzalisztből készült, /halászlétészta/; 16. Eperlevél (120 kg): minimum 8 tojásos, búzalisztből készült; 17. Reszelt tészta (150 kg): minimum 4 tojásos, búzalisztből készült. Összesen: 9 496 kg A beszerzendő termékek tárgyára és alapmennyiségére vonatkozó további adatokat a közbeszerzési dokumentumok részeként Ajánlattevők rendelkezésére bocsátott műszaki leírás, illetve ajánlati lap tartalmazza. Az alapmennyiségen Ajánlatkérő az ajánlati lapon rögzített 12 hónapra vonatkozó mennyiséget érti. A megadott alapmennyiségektől Ajánlatkérő +20%-kal eltérhet a szerződés teljesítése során. Egyes termékeknél meghatározott gyártmányú, eredetű, típusú dologra, eljárásra, tevékenységre, személyre, szabadalomra vagy védjegyre való hivatkozást a közbeszerzés tárgyának egyértelmű és közérthető meghatározása tette szükségessé, de a megnevezés csak a tárgy jellegének egyértelmű meghatározása érdekében történt és az ajánlatkérő valamennyi egyedileg megjelölt dologgal vagy védjeggyel összefüggésben elfogad azzal egyenértékű dolgot, a megjelölt terméket helyettesítő megoldást is azzal, hogy az egyenértékűséget az Ajánlattevőnek igazolnia kell. | Különféle élelmiszerek beszerzése a Tolna Vármegyei Balassa János Kórház részére Mirelit áruk 1. Parajkrém (1 700 kg): rostos, tört, nem tejszínes; 2. Tök (4 500 kg): gyalult tök, kaporral; 3. Zöldbab (4 000 kg): vajbab, sárgahüvelyű, vágott; 4. Zöldborsó (4 000 kg): zsenge; 5. Petrezselyem zöld (400 kg): gyorsfagyasztott, vágott; 6. Karalábé kocka (1 800 kg); 7. Sárgarépa kocka (9 000 kg); 8. Fejtett bab (400 kg); 9. Brokkoli (1 500 kg): 20-25 mm rózsák; 10. Karfiol rózsa (2 000 kg): 35 mm feletti; 11. Zeller kocka (1 200 kg); 12. Petrezselyemgyökér kocka (7 000 kg); 13. Mexikói zöldségkeverék (200 kg): sárgarépa, morzsolt kukorica, zöldborsó; 14. Kukorica morzsolt (150 kg): csemege kukorica, morzsolt; 15. Panírozott halrúd (150 kg): halrúd alaszkai tőkehal filéből (53%), elősütött; 16. Krokett (600 kg): burgonyából, panírozott; 17. Szilvásgombóc (300 kg): szilva töltelékes gombóc; 18. Túrótöltelékes gombóc (500 kg): túróval töltött gombóc; 19. Derelye ízes (100 kg): vegyes ízzel töltött; 20. Derelye túrós (100 kg): túró töltelékkel töltött. Összesen: 39 500 kg A beszerzendő termékek tárgyára és alapmennyiségére vonatkozó további adatokat a közbeszerzési dokumentumok részeként Ajánlattevők rendelkezésére bocsátott műszaki leírás, illetve ajánlati lap tartalmazza. Az alapmennyiségen Ajánlatkérő az ajánlati lapon rögzített 12 hónapra vonatkozó mennyiséget érti. A megadott alapmennyiségektől Ajánlatkérő +20%-kal eltérhet a szerződés teljesítése során. Egyes termékeknél meghatározott gyártmányú, eredetű, típusú dologra, eljárásra, tevékenységre, személyre, szabadalomra vagy védjegyre való hivatkozást a közbeszerzés tárgyának egyértelmű és közérthető meghatározása tette szükségessé, de a megnevezés csak a tárgy jellegének egyértelmű meghatározása érdekében történt és az ajánlatkérő valamennyi egyedileg megjelölt dologgal vagy védjeggyel összefüggésben elfogad azzal egyenértékű dolgot, a megjelölt terméket helyettesítő megoldást is azzal, hogy az egyenértékűséget az Ajánlattevőnek igazolnia kell. | Különféle élelmiszerek beszerzése a Tolna Vármegyei Balassa János Kórház részére Pástétomok 1. Sertés májkrém (10 500 db): tépőzáras csomagolású; 2. Csirke pástétom (15 000 db): tépőzáras csomagolású. Összesen: 25 500 db A beszerzendő termékek tárgyára és alapmennyiségére vonatkozó további adatokat a közbeszerzési dokumentumok részeként Ajánlattevők rendelkezésére bocsátott műszaki leírás, illetve ajánlati lap tartalmazza. Az alapmennyiségen Ajánlatkérő az ajánlati lapon rögzített 12 hónapra vonatkozó mennyiséget érti. A megadott alapmennyiségektől Ajánlatkérő +20%-kal eltérhet a szerződés teljesítése során. Egyes termékeknél meghatározott gyártmányú, eredetű, típusú dologra, eljárásra, tevékenységre, személyre, szabadalomra vagy védjegyre való hivatkozást a közbeszerzés tárgyának egyértelmű és közérthető meghatározása tette szükségessé, de a megnevezés csak a tárgy jellegének egyértelmű meghatározása érdekében történt és az ajánlatkérő valamennyi egyedileg megjelölt dologgal vagy védjeggyel összefüggésben elfogad azzal egyenértékű dolgot, a megjelölt terméket helyettesítő megoldást is azzal, hogy az egyenértékűséget az Ajánlattevőnek igazolnia kell.",Tolna Vármegyei Balassa János Kórház,,HU,HUN,,2026-05-21,,https://ted.europa.eu/en/notice/-/detail/347027-2026,2026-08-28T08:02:43+00:00,OFFICIAL_PUBLISHED_NOTICE,True,False,True,SUPPORTING_EVIDENCE,"official notice; no future deadline means supporting evidence, not an open opportunity",,
349092-2026,ted_eu,OFFICIAL_PROCUREMENT,CHILI,"Hungary – Food, beverages, tobacco and related products – Élelmiszerek beszerzése 2026","Tejtermékek Leírás: I. rész tejtermék 2026 éves Az egyes szerződések várható maximális nagyságrendje: S.sz. Termék megnevezése Kért menyiség Mérték-egység Kért kiszerelési egység* I. rész tejtermék 2026 éves 1 Liga kocka Margarin 600 db 250g 2 Rama Margarin 1500 db 500g 3 Flóra margarin kenhető 2000 db 400g 4 Vaj, Hagyományos 1200 db 100g 5 Vajkrém (magyaros) 400 db 200g 6 Vajkrém (natúr) 400 db 200g 7 Főzőtejszín 500 db 200ml 8 Habtejszín 200 db 250 9 Kefir 300 db 150g 10 Tej 4500 liter 1liter 11 Tej 28000 liter 5 liter 12 Tejföl 2500 db 150g 13 Tejföl 7000 db 315g 14 Tejszínhab spray 100 db 250ml 15 Danonino joghurt (gyümölcsös) 6000 db 50g 16 gyümölcs joghurt 4500 db 125g 17 Ivójoghurt, gyümölcsös (epres,barackos,erdeigyüm) 1500 db 500 g 18 Natúr joghurt 400 db 150g 19 Görög joghurt natur 600 db 1kg 20 Görög joghurt natur 9600 db 150g 21 Juhtúró 150 db 100g 22 Rikotta 52 db 250g 23 Tehéntúró, félzsíros 1200 db 250g 24 Tehéntúró, félzsíros 1000 db 450g 25 Kinder tejszelet 12000 db 28g 26 Milli krémtúró,vaníliás 1500 db 90g 27 Túró Rudi, pöttyös natúr étbevonóval mártva 6000 db 30g 28 Cukormentes túrórudi 3000 db 35g 29 Feta sajt 300 db 200g 30 Füstölt sajt 60 kg 1 kg 31 Kocka sajt Sajtmester 600 db 140g 32 Mascarpone sajt 52 db 250g 33 Mozzarella 250 db 100g 34 Mozzarella snack natúr 2500 db 20g 35 Rántani való sajt 196 db 500g 36 Szeletelt trappista sajt 2200 db 125g 37 Edámi sajt szeletelt 1200 db 125g 38 Gouda sajt szeletelt 600 db 100g 39 Trappista sajt 700 kg 1 kg 40 Tömlős sajt (kenhető) Sajtmester /natur, sonkás, szalámis/ 2600 db 100g Az egyes szerződések várható maximális nagyságrendje: Összesen 74 700 db, 32 500 liter, 760 kg. Jelen közbeszerzési eljárás tárgya Ajánlatkérő részére az alábbi élelmiszerek szállítása dinamikus beszerzési rendszer (DBR) keretében 12 hónap időtartamra, vagy a keretösszeg teljesüléséig: Becsült (12 havi) mennyiségek a DBR fennállásának időtartamára: A szerződés időtartama alatt rendelkezésre álló keretösszeg: nettó 30 017 294 Ft A fentiekben, valamint a közbeszerzési dokumentumokban részletesen megadott mennyiségi adatok becsült, tájékoztató jellegűek, Ajánlatkérő fenntartja a jogot arra, hogy a szerződés időtartama alatt a rendelkezésre álló keretösszeget maximum 20%-kal meghaladva a megadott mennyiségektől eltérjen. Lehívási minimum a keretmennyiség tekintetében: 70 %. Ajánlatkérő a DBR fennállása alatt 3 hónapos hatályú szerződéseket kíván kötni, de fenntartja a jogot, hogy ennél hosszabb hatályú szerződéseket kössön. Ajánlatkérő a Kbt. 107. § (2) bekezdés alapján a rendszerben megvalósítandó konkrét közbeszerzésekre vonatkozó pontos műszaki leírást és szerződéses feltételeket az ajánlattételi felhívás(ok) megküldésével egyidejűleg bocsátja rendelkezésre. Ajánlatkérő felhívja a figyelmet arra, hogy a 321/2015. (X. 30.) Korm. rendelet 46. § (3) bekezdésében foglaltak alapján, hogy a közbeszerzési dokumentumban a meghatározott gyártmányú vagy eredetű dologra, illetve konkrét eljárásra, amely egy adott gazdasági szereplő termékeit vagy az általa nyújtott szolgáltatásokat jellemzi, vagy védjegyre, szabadalomra, tevékenységre, személyre, típusra vagy adott származásra vagy gyártási folyamatra történő hivatkozások a közbeszerzés tárgyának egyértelmű, pontos és közérthető meghatározását szolgálják. Minden esetben a hivatkozás mellett a „vagy azzal egyenértékű” kifejezést is érteni kell. Az egyenértékűséget az ajánlattevőnek a 321/2015. (X. 30.) Korm. rendelet VII. fejezete szerint kell igazolnia az ajánlatban. Ajánlattevő kizárólag az Ajánlatkérő előírásainak mindenben megfelelő, I. osztályú, a Magyar Élelmiszerkönyvben meghatározott előírásoknak eleget tevő termékekre tehet ajánlatot. A termékekkel kapcsolatosan az ajánlattevőnek figyelembe kell vennie a közbeszerzési dokumentumokban leírtakat is. A megajánlott termékek adatainak pontos megadásával kapcsolatosan Ajánlatkérő felhívja az ajánlattevők figyelmét a Közbeszerzési Döntőbizottság D.225/9/2009 számú határozatára: „A Döntőbizottság álláspontja szerint egy meghatározott műszaki elvárást tartalmazó ajánlatkérői beszerzési igénynél kizárt annak lehetősége, hogy ajánlattevők ún. biankó ajánlatot tegyenek, azaz ne közöljék, hogy mely konkrét termékekkel fognak teljesíteni. Ez az elvárás a beszerzés tárgyából és jellegéből adódik, hiszen jelen eljárás tárgya árubeszerzés.”. Ajánlatkérő a Kbt. 53. § (4) bekezdése valamint a 131. § (9) bekezdése alkalmazásának tekintetében általa előre nem látható és ellenőrzési körén kívül eső körülménynek tekinti azt az esetet, ha a jelen közbeszerzési eljárás tárgyában központosított vagy közös közbeszerzési rendszerben keretmegállapodás vagy szerződés kerül megkötésre a központi beszerző szervezet (vagy közös ajánlatkérők nevében eljáró szervezet) által, és erre tekintettel az ajánlatkérőként szerződő félnek jogszabályban előírt csatlakozási kötelezettsége áll fenn az adott tételek vonatkozásában. | II. rész tőkehús 2026 éves mennyiség: Az egyes szerződések várható maximális nagyságrendje: S.sz. Termék megnevezése Kért menyiség Mérték-egység Kért kiszerelési egység* II. rész tőkehús 2026 éves 1 Marha lábszár csont nélkül 100 kg kg 2 Sertés húsoscsont 200 kg kg 3 Sertés szűzpecsenye 250 kg kg 4 Sertéscomb 3500 kg kg 5 Sertéskaraj, rövid, csont nélkül 450 kg kg 6 Sertésoldalas 100 kg kg 7 Sertésmáj 20 kg kg 8 Sertéstarja csont nélkül 220 kg kg 9 Füstölt nyers sertéscomb 50 kg kg 10 Füstölt nyers sertéstarja 50 kg kg 11 Füstölt kolozsvári szalonna 60 kg kg 12 Füstölt szalonna 70 kg kg 13 Füstölt parasztkolbász 100 kg kg 14 Hurka 40 kg kg 15 Kolbász 40 kg kg Az egyes szerződések várható maximális nagyságrendje: Összesen: 5250 kg. Jelen közbeszerzési eljárás tárgya Ajánlatkérő részére az alábbi élelmiszerek szállítása dinamikus beszerzési rendszer (DBR) keretében 12 hónap időtartamra, vagy a keretösszeg teljesüléséig: Becsült (12 havi) mennyiségek a DBR fennállásának időtartamára: A szerződés időtartama alatt rendelkezésre álló keretösszeg: nettó 9 597 500 Ft A fentiekben, valamint a közbeszerzési dokumentumokban részletesen megadott mennyiségi adatok becsült, tájékoztató jellegűek, Ajánlatkérő fenntartja a jogot arra, hogy a szerződés időtartama alatt a rendelkezésre álló keretösszeget maximum 20%-kal meghaladva a megadott mennyiségektől eltérjen. Lehívási minimum a keretmennyiség tekintetében: 70 %. Ajánlatkérő a DBR fennállása alatt 3 hónapos hatályú szerződéseket kíván kötni, de fenntartja a jogot, hogy ennél hosszabb hatályú szerződéseket kössön. Ajánlatkérő a Kbt. 107. § (2) bekezdés alapján a rendszerben megvalósítandó konkrét közbeszerzésekre vonatkozó pontos műszaki leírást és szerződéses feltételeket az ajánlattételi felhívás(ok) megküldésével egyidejűleg bocsátja rendelkezésre. Ajánlatkérő felhívja a figyelmet arra, hogy a 321/2015. (X. 30.) Korm. rendelet 46. § (3) bekezdésében foglaltak alapján, hogy a közbeszerzési dokumentumban a meghatározott gyártmányú vagy eredetű dologra, illetve konkrét eljárásra, amely egy adott gazdasági szereplő termékeit vagy az általa nyújtott szolgáltatásokat jellemzi, vagy védjegyre, szabadalomra, tevékenységre, személyre, típusra vagy adott származásra vagy gyártási folyamatra történő hivatkozások a közbeszerzés tárgyának egyértelmű, pontos és közérthető.meghatározását szolgálják. Minden esetben a hivatkozás mellett a „vagy azzal egyenértékű” kifejezést is érteni kell. Az egyenértékűséget az ajánlattevőnek a 321/2015. (X. 30.) Korm. rendelet VII. fejezete szerint kell igazolnia az ajánlatban. Ajánlattevő kizárólag az Ajánlatkérő előírásainak mindenben megfelelő, I. osztályú, a Magyar Élelmiszerkönyvben meghatározott előírásoknak eleget tevő termékekre tehet ajánlatot. A termékekkel kapcsolatosan az ajánlattevőnek figyelembe kell vennie a közbeszerzési dokumentumokban leírtakat is. A megajánlott termékek adatainak pontos megadásával kapcsolatosan Ajánlatkérő felhívja az ajánlattevők figyelmét a Közbeszerzési Döntőbizottság D.225/9/2009 számú határozatára: „A Döntőbizottság álláspontja szerint egy meghatározott műszaki elvárást tartalmazó ajánlatkérői beszerzési igénynél kizárt annak lehetősége, hogy ajánlattevők ún. biankó ajánlatot tegyenek, azaz ne közöljék, hogy mely konkrét termékekkel fognak teljesíteni. Ez az elvárás a beszerzés tárgyából és jellegéből adódik, hiszen jelen eljárás tárgya árubeszerzés.”. Ajánlatkérő a Kbt. 53. § (4) bekezdése valamint a 131. § (9) bekezdése alkalmazásának tekintetében általa előre nem látható és ellenőrzési körén kívül eső körülménynek tekinti azt az esetet, ha a jelen közbeszerzési eljárás tárgyában központosított vagy közös közbeszerzési rendszerben keretmegállapodás vagy szerződés kerül megkötésre a központi beszerző szervezet (vagy közös ajánlatkérők nevében eljáró szervezet) által, és erre tekintettel az ajánlatkérőként szerződő félnek jogszabályban előírt csatlakozási kötelezettsége áll fenn az adott tételek vonatkozásában. | III. rész baromfihús 2026 éves mennyiség: Az egyes szerződések várható maximális nagyságrendje: S.sz. Termék megnevezése Kért menyiség Mérték-egység Kért kiszerelési egység* III. rész baromfihús 2026 éves 1 Csirke felső comb 1100 kg kg 2 Csirkecomb filé 800 kg kg 3 Csirke egész comb 300 kg kg 4 Csirkeszárny 60 kg kg 4 Csirkemáj szív nélkül 1000 kg kg 5 Csirkemell filé 1500 kg kg 6 Csirkezúza 50 kg kg 7 Pulyka felső comb filé 720 kg kg 8 Pulykamell filé 200 kg kg 9 Pecsenye kacsacomb 30 kg kg Az egyes szerződések várható maximális nagyságrendje: Összesen: 5760 kg Jelen közbeszerzési eljárás tárgya Ajánlatkérő részére az alábbi élelmiszerek szállítása dinamikus beszerzési rendszer (DBR) keretében 12 hónap időtartamra, vagy a keretösszeg teljesüléséig: Becsült (12 havi) mennyiségek a DBR fennállásának időtartamára: A szerződés időtartama alatt rendelkezésre álló keretösszeg: nettó 10 737 500 Ft A fentiekben, valamint a közbeszerzési dokumentumokban részletesen megadott mennyiségi adatok becsült, tájékoztató jellegűek, Ajánlatkérő fenntartja a jogot arra, hogy a szerződés időtartama alatt a rendelkezésre álló keretösszeget maximum 20-%-kal meghaladva a megadott mennyiségektől eltérjen. Lehívási minimuma keretmennyiség tekintetében : 70 %. Ajánlatkérő a DBR fennállása alatt 3 hónapos hatályú szerződéseket kíván kötni, de fenntartja a jogot, hogy ennél hosszabb hatályú szerződéseket kössön. Ajánlatkérő a Kbt. 107. § (2) bekezdés alapján a rendszerben megvalósítandó konkrét közbeszerzésekre vonatkozó pontos műszaki leírást és szerződéses feltételeket az ajánlattételi felhívás(ok) megküldésével egyidejűleg bocsátja rendelkezésre. Ajánlatkérő felhívja a figyelmet arra, hogy a 321/2015. (X. 30.) Korm. rendelet 46. § (3) bekezdésében foglaltak alapján, hogy a közbeszerzési dokumentumban a meghatározott gyártmányú vagy eredetű dologra, illetve konkrét eljárásra, amely egy adott gazdasági szereplő termékeit vagy az általa nyújtott szolgáltatásokat jellemzi, vagy védjegyre, szabadalomra, tevékenységre, személyre, típusra vagy adott származásra vagy gyártási folyamatra történő hivatkozások a közbeszerzés tárgyának egyértelmű, pontos és közérthető meghatározását szolgálják. Minden esetben a hivatkozás mellett a „vagy azzal egyenértékű” kifejezést is érteni kell. Az egyenértékűséget az ajánlattevőnek a 321/2015. (X. 30.) Korm. rendelet VII. fejezete szerint kell igazolnia az ajánlatban. Ajánlattevő kizárólag az Ajánlatkérő előírásainak mindenben megfelelő, I. osztályú, a Magyar Élelmiszerkönyvben meghatározott előírásoknak eleget tevő termékekre tehet ajánlatot. A termékekkel kapcsolatosan az ajánlattevőnek figyelembe kell vennie a közbeszerzési dokumentumokban leírtakat is. A megajánlott termékek adatainak pontos megadásával kapcsolatosan Ajánlatkérő felhívja az ajánlattevők figyelmét a Közbeszerzési Döntőbizottság D.225/9/2009 számú határozatára: „A Döntőbizottság álláspontja szerint egy meghatározott műszaki elvárást tartalmazó ajánlatkérői beszerzési igénynél kizárt annak lehetősége, hogy ajánlattevők ún. biankó ajánlatot tegyenek, azaz ne közöljék, hogy mely konkrét termékekkel fognak teljesíteni. Ez az elvárás a beszerzés tárgyából és jellegéből adódik, hiszen jelen eljárás tárgya árubeszerzés.”. Ajánlatkérő a Kbt. 53. § (4) bekezdése valamint a 131. § (9) bekezdése alkalmazásának tekintetében általa előre nem látható és ellenőrzési körén kívül eső körülménynek tekinti azt az esetet, ha a jelen közbeszerzési eljárás tárgyában központosított vagy közös közbeszerzési rendszerben keretmegállapodás vagy szerződés kerül megkötésre a központi beszerző szervezet (vagy közös ajánlatkérők nevében eljáró szervezet) által, és erre tekintettel az ajánlatkérőként szerződő félnek jogszabályban előírt csatlakozási kötelezettsége áll fenn az adott tételek vonatkozásában. | IV.rész töltelékáru 2026 éves mennyiség: Az egyes szerződések várható maximális nagyságrendje: S.sz. Termék megnevezése Kért menyiség Mérték-egység Kért kiszerelési egység* IV.rész töltelékáru 2026 éves 1 Bacon szalonna 400 db. 200g 2 Baromfivirsli 600 cs. 350g 3 Csirkemell sonka 550 kg kg 4 Gépsonka 300 kg kg 5 Májusi csemege (tavaszi felvágott) 250 kg kg 6 Májusi csemege (tavaszi felvágott) 200 cs. 125g 7 Pick diákcsemege 12 db 440g 8 Pick Rákóczi szalámi 8 db 750g 9 Pulykamell sonka 550 kg kg 10 Fini-Mini virsli 1500 csomag 140g 11 Sertés virsli roppanós, emészthető vagy juhbélben 30 kg kg 12 Sertéspárizsi, Kométa 800 csomag 150g 13 Sertéspárizsi, Kométa 400 kg kg 14 ""Kenőmájas Kaiser"" 600 db 200gr. 14 ""Sertésvirsli Pick Pickolino"" 500 csomag 280g 15 Sült sonka 2000 csomag 90g 16 Zala felvágott 250 kg kg 17 Zala felvágott 120 csomag 125g Az egyes szerződések várható maximális nagyságrendje: Összesen: 2330 kg, 5720 csomag, 1020 db. Jelen közbeszerzési eljárás tárgya Ajánlatkérő részére az alábbi élelmiszerek szállítása dinamikus beszerzési rendszer (DBR) keretében 12 hónap időtartamra, vagy a keretösszeg teljesüléséig: Becsült (12 havi) mennyiségek a DBR fennállásának időtartamára: A szerződés időtartama alatt rendelkezésre álló keretösszeg: nettó 6 493 440 Ft A fentiekben, valamint a közbeszerzési dokumentumokban részletesen megadott mennyiségi adatok becsült, tájékoztató jellegűek, Ajánlatkérő fenntartja a jogot arra, hogy a szerződés időtartama alatt a rendelkezésre álló keretösszeget maximum 20-%-kal meghaladva a megadott mennyiségektől eltérjen. Lehívási minimum a keretmennyiség tekintetében: 70 %. Ajánlatkérő a DBR fennállása alatt 3 hónapos hatályú szerződéseket kíván kötni, de fenntartja a jogot, hogy ennél hosszabb hatályú szerződéseket kössön. Ajánlatkérő a Kbt. 107. § (2) bekezdés alapján a rendszerben megvalósítandó konkrét közbeszerzésekre vonatkozó pontos műszaki leírást és szerződéses feltételeket az ajánlattételi felhívás(ok) megküldésével egyidejűleg bocsátja rendelkezésre. Ajánlatkérő felhívja a figyelmet arra, hogy a 321/2015. (X. 30.) Korm. rendelet 46. § (3) bekezdésében foglaltak alapján, hogy a közbeszerzési dokumentumban a meghatározott gyártmányú vagy eredetű dologra, illetve konkrét eljárásra, amely egy adott gazdasági szereplő termékeit vagy az általa nyújtott szolgáltatásokat jellemzi, vagy védjegyre, szabadalomra, tevékenységre, személyre, típusra vagy adott származásra vagy gyártási folyamatra történő hivatkozások a közbeszerzés tárgyának egyértelmű, pontos és közérthető meghatározását szolgálják. Minden esetben a hivatkozás mellett a „vagy azzal egyenértékű” kifejezést is érteni kell. Az egyenértékűséget az ajánlattevőnek a 321/2015. (X. 30.) Korm. rendelet VII. fejezete szerint kell igazolnia az ajánlatban. Ajánlattevő kizárólag az Ajánlatkérő előírásainak mindenben megfelelő, I. osztályú, a Magyar Élelmiszerkönyvben meghatározott előírásoknak eleget tevő termékekre tehet ajánlatot. A termékekkel kapcsolatosan az ajánlattevőnek figyelembe kell vennie a közbeszerzési dokumentumokban leírtakat is. A megajánlott termékek adatainak pontos megadásával kapcsolatosan Ajánlatkérő felhívja az ajánlattevők figyelmét a Közbeszerzési Döntőbizottság D.225/9/2009 számú határozatára: „A Döntőbizottság álláspontja szerint egy meghatározott műszaki elvárást tartalmazó ajánlatkérői beszerzési igénynél kizárt annak lehetősége, hogy ajánlattevők ún. biankó ajánlatot tegyenek, azaz ne közöljék, hogy mely konkrét termékekkel fognak teljesíteni. Ez az elvárás a beszerzés tárgyából és jellegéből adódik, hiszen jelen eljárás tárgya árubeszerzés.”. Ajánlatkérő a Kbt. 53. § (4) bekezdése valamint a 131. § (9) bekezdése alkalmazásának tekintetében általa előre nem látható és ellenőrzési körén kívül eső körülménynek tekinti azt az esetet, ha a jelen közbeszerzési eljárás tárgyában központosított vagy közös közbeszerzési rendszerben keretmegállapodás vagy szerződés kerül megkötésre a központi beszerző szervezet (vagy közös ajánlatkérők nevében eljáró szervezet) által, és erre tekintettel az ajánlatkérőként szerződő félnek jogszabályban előírt csatlakozási kötelezettsége áll fenn az adott tételek vonatkozásában. | V. rész 2026. éves pékáru összesen: Az egyes szerződések várható maximális nagyságrendje: S.sz. Termék megnevezése Kért mennyiség. Mérték-egység Kért kiszerelési egység Specifikáció V. rész 2026. éves pékáru 1 Félbarna kenyér 3200 db 1 kg szeletelt, teflon, hosszú 100gr/0,7gr só 2 Félbarna kenyér 450 db 0,5 kg szeletelt, teflon, hosszú100gr/0,7gr só 3 Kukoricapelyhes kenyér 1350 db 0,75 kg szeletelt 100gr/0,7gr só 4 Rozsos jellegű kenyér 800 db 0,75 kg szeletelt 100gr/0,7gr só 5 Teljes kiőrlésű barnakenyér 4000 db 1 kg szeletelt, teflon, hosszú 100gr/0,7gr só 6 Teljes kiőrlésű barnakenyér 540 db 0,5 kg szeletelt, teflon, hosszú 100gr/0,7gr só 7 Briós 4500 db 0,047 kg nem cukorral megszórt 8 Fatörzs kifli 2500 db 9 Foszlós kalács 250 db 0,5 kg szeletelt 10 Foszlós kalács kakaós 260 db 0,5 kg szeletelt 11 Kuglóf 180 db 0,5 12 Császárzsemle 8100 db 0,05 kg 11gr/07g rsó 13 Kifli 5000 db 0,044 kg tejes 100gr/0,7gr só 14 Kifli (teljeskiőrlésű) 5400 db 0,05kg 100gr/07gr só 15 Teljes kiőrlésű császárzsemle 10000 db 0,054 kg 16 Teljes kiörlésű bagett 800 db 200 gr 17 Zsemle 4000 db 0,054 kg vizes 100gr/0,7gr só 18 Sajttal töltött rudacska 1500 db 0,05 kg Az egyes szerződések várható maximális nagyságrendje: Összesen: 52 830 db. Jelen közbeszerzési eljárás tárgya Ajánlatkérő részére az alábbi élelmiszerek szállítása dinamikus beszerzési rendszer (DBR) keretében 12 hónap időtartamra, vagy a keretösszeg teljesüléséig: Becsült (12 havi) mennyiségek a DBR fennállásának időtartamára: A szerződés időtartama alatt rendelkezésre álló keretösszeg: nettó 5 811 360 Ft A fentiekben, valamint a közbeszerzési dokumentumokban részletesen megadott mennyiségi adatok becsült, tájékoztató jellegűek, Ajánlatkérő fenntartja a jogot arra, hogy a szerződés időtartama alatt a rendelkezésre álló keretösszeget maximum 20-%-kal meghaladva a megadott mennyiségektől eltérjen. Lehívási minimum a keretmennyiség tekintetében: 70 %. Ajánlatkérő a DBR fennállása alatt 3 hónapos hatályú szerződéseket kíván kötni, de fenntartja a jogot, hogy ennél hosszabb hatályú szerződéseket kössön. Ajánlatkérő a Kbt. 107. § (2) bekezdés alapján a rendszerben megvalósítandó konkrét közbeszerzésekre vonatkozó pontos műszaki leírást és szerződéses feltételeket az ajánlattételi felhívás(ok) megküldésével egyidejűleg bocsátja rendelkezésre. Ajánlatkérő felhívja a figyelmet arra, hogy a 321/2015. (X. 30.) Korm. rendelet 46. § (3) bekezdésében foglaltak alapján, hogy a közbeszerzési dokumentumban a meghatározott gyártmányú vagy eredetű dologra, illetve konkrét eljárásra, amely egy adott gazdasági szereplő termékeit vagy az általa nyújtott szolgáltatásokat jellemzi, vagy védjegyre, szabadalomra, tevékenységre, személyre, típusra vagy adott származásra vagy gyártási folyamatra történő hivatkozások a közbeszerzés tárgyának egyértelmű, pontos és közérthető meghatározását szolgálják. Minden esetben a hivatkozás mellett a „vagy azzal egyenértékű” kifejezést is érteni kell. Az egyenértékűséget az ajánlattevőnek a 321/2015. (X. 30.) Korm. rendelet VII. fejezete szerint kell igazolnia az ajánlatban. Ajánlattevő kizárólag az Ajánlatkérő előírásainak mindenben megfelelő, I. osztályú, a Magyar Élelmiszerkönyvben meghatározott előírásoknak eleget tevő termékekre tehet ajánlatot. A termékekkel kapcsolatosan az ajánlattevőnek figyelembe kell vennie a közbeszerzési dokumentumokban leírtakat is. A megajánlott termékek adatainak pontos megadásával kapcsolatosan Ajánlatkérő felhívja az ajánlattevők figyelmét a Közbeszerzési Döntőbizottság D.225/9/2009 számú határozatára: „A Döntőbizottság álláspontja szerint egy meghatározott műszaki elvárást tartalmazó ajánlatkérői beszerzési igénynél kizárt annak lehetősége, hogy ajánlattevők ún. biankó ajánlatot tegyenek, azaz ne közöljék, hogy mely konkrét termékekkel fognak teljesíteni. Ez az elvárás a beszerzés tárgyából és jellegéből adódik, hiszen jelen eljárás tárgya árubeszerzés.”. Ajánlatkérő a Kbt. 53. § (4) bekezdése valamint a 131. § (9) bekezdése alkalmazásának tekintetében általa előre nem látható és ellenőrzési körén kívül eső körülménynek tekinti azt az esetet, ha a jelen közbeszerzési eljárás tárgyában központosított vagy közös közbeszerzési rendszerben keretmegállapodás vagy szerződés kerül megkötésre a központi beszerző szervezet (vagy közös ajánlatkérők nevében eljáró szervezet) által, és erre tekintettel az ajánlatkérőként szerződő félnek jogszabályban előírt csatlakozási kötelezettsége áll fenn az adott tételek vonatkozásában. | Az egyes szerződések várható maximális nagyságrendje: 1 Alma 9 000 kg 2 Banán 3 000 kg 3 Citrom 6 500 kg 4 Cseresznye 150 kg 5 Földieper 25 kg 6 Görögdinnye 50 kg 7 Kiwi 170 kg 8 Körte 1 000 kg 9 Mandarin 320 kg 10 Meggy 100 kg 11 Narancs 450 kg 12 Nektarin 250 kg 13 Őszibarack 260 kg 14 Sárgabarack 270 kg 15 Sárgadinnye 270 kg 16 Szilva 180 kg 17 Szőlő (édes,nagy szemű) 280 kg 18 Burgonya 13 500 kg 20 Édes burgonya 227 kg 21 Cékla 900 kg 22 Cukkini 700 kg 23 Dióbél 20 kg 24 Fejes káposzta 1 200 kg 25 Fejes saláta 125 db 26 Fekete retek 10 kg 27 Fokhagyma 80 kg 28 Saláta hagyma 300 kg 29 Gomba 145 kg 30 Jégcsapretek 160 kg 31 Jégsaláta 200 db 32 Kaliforniai paprika 270 kg 33 Kapor 430 csomag 34 Karalábé 400 kg 35 Karfiol 500 kg 36 Kápia paprika 100 kg 37 Kelkáposzta 1 500 kg 38 Kígyóuborka 1 400 kg 39 Fürtös uborka 500 kg 40 Lencse 10 kg 41 Lilahagyma 150 kg 42 Padlizsán 150 kg 43 Paradicsom 1 300 kg 44 Paradicsom fürtös 600 kg 45 Petrezselyemgyökér 1 200 kg 46 Petrezselyemzöld 5 000 csomag 47 Piros retek 1 350 csomag 48 Pritamin paprika 100 kg 49 Póréhagyma 150 db 50 Sav.káposzta apró 360 kg 51 Sav.káposzta fejes 100 kg 52 Sárgaborsó 50 kg 53 Sárgarépa 2500 kg 54 Snidling 50 csomag 55 Sütőtök 800 kg 56 Szárazbab - tarkabab 50 kg 57 Tojás 60 000 db 58 Vajretek 216 csomag 59 Vöröshagyma 2 300 kg 60 Vöröskáposzta 60 kg 61 Zeller 400 kg 62 Zöldhagyma 2 500 csomag 63 Zöldpaprika 1 500 kg Az egyes szerződések várható maximális nagyságrendje: Éves mennyiség összesen: 55 817 kg, 60 475 db, 9546 csomag. Jelen közbeszerzési eljárás tárgya Ajánlatkérő részére az alábbi élelmiszerek szállítása dinamikus beszerzési rendszer (DBR) keretében 12 hónap időtartamra, vagy a keretösszeg teljesüléséig: Becsült (12 havi) mennyiségek a DBR fennállásának időtartamára: A szerződés időtartama alatt rendelkezésre álló keretösszeg: nettó 34 547 700 Ft A fentiekben, valamint a közbeszerzési dokumentumokban részletesen megadott mennyiségi adatok becsült, tájékoztató jellegűek, Ajánlatkérő fenntartja a jogot arra, hogy a szerződés időtartama alatt a rendelkezésre álló keretösszeget maximum 20-%-kal meghaladva a megadott mennyiségektől eltérjen. Lehívási minimuma keretmennyiség tekintetében: 70 %. Ajánlatkérő a DBR fennállása alatt 3 hónapos hatályú szerződéseket kíván kötni, de fenntartja a jogot, hogy ennél hosszabb hatályú szerződéseket kössön. Ajánlatkérő a Kbt. 107. § (2) bekezdés alapján a rendszerben megvalósítandó konkrét közbeszerzésekre vonatkozó pontos műszaki leírást és szerződéses feltételeket az ajánlattételi felhívás(ok) megküldésével egyidejűleg bocsátja rendelkezésre. Ajánlatkérő felhívja a figyelmet arra, hogy a 321/2015. (X. 30.) Korm. rendelet 46. § (3) bekezdésében foglaltak alapján, hogy a közbeszerzési dokumentumban a meghatározott gyártmányú vagy eredetű dologra, illetve konkrét eljárásra, amely egy adott gazdasági szereplő termékeit vagy az általa nyújtott szolgáltatásokat jellemzi, vagy védjegyre, szabadalomra, tevékenységre, személyre, típusra vagy adott származásra vagy gyártási folyamatra történő hivatkozások a közbeszerzés tárgyának egyértelmű, pontos és közérthető meghatározását szolgálják. Minden esetben a hivatkozás mellett a „vagy azzal egyenértékű” kifejezést is érteni kell. Az egyenértékűséget az ajánlattevőnek a 321/2015. (X. 30.) Korm. rendelet VII. fejezete szerint kell igazolnia az ajánlatban. Ajánlattevő kizárólag az Ajánlatkérő előírásainak mindenben megfelelő, I. osztályú, a Magyar Élelmiszerkönyvben meghatározott előírásoknak eleget tevő termékekre tehet ajánlatot. A termékekkel kapcsolatosan az ajánlattevőnek figyelembe kell vennie a közbeszerzési dokumentumokban leírtakat is. A megajánlott termékek adatainak pontos megadásával kapcsolatosan Ajánlatkérő felhívja az ajánlattevők figyelmét a Közbeszerzési Döntőbizottság D.225/9/2009 számú határozatára: „A Döntőbizottság álláspontja szerint egy meghatározott műszaki elvárást tartalmazó ajánlatkérői beszerzési igénynél kizárt annak lehetősége, hogy ajánlattevők ún. biankó ajánlatot tegyenek, azaz ne közöljék, hogy mely konkrét termékekkel fognak teljesíteni. Ez az elvárás a beszerzés tárgyából és jellegéből adódik, hiszen jelen eljárás tárgya árubeszerzés.”. Ajánlatkérő a Kbt. 53. § (4) bekezdése valamint a 131. § (9) bekezdése alkalmazásának tekintetében általa előre nem látható és ellenőrzési körén kívül eső körülménynek tekinti azt az esetet, ha a jelen közbeszerzési eljárás tárgyában központosított vagy közös közbeszerzési rendszerben keretmegállapodás vagy szerződés kerül megkötésre a központi beszerző szervezet (vagy közös ajánlatkérők nevében eljáró szervezet) által, és erre tekintettel az ajánlatkérőként szerződő félnek jogszabályban előírt csatlakozási kötelezettsége áll fenn az adott tételek vonatkozásában. | Az egyes szerződések várható maximális nagyságrendje: 1 Brokkoli 1 000 kg 2,5 kg 2 Cseresznye 150 kg 10 kg 3 Erdei-mix 100 kg 2,5 kg 4 Egres 50 kg 0,30 kg 5 Fejtett bab 80 kg 2,5 kg 6 Földi eper 100 kg 2,5 kg 7 Finomfőzelék 800 kg 2,5 kg 8 Gesztenyemassza (cukrozott) 250 db 200 gr 9 Gyalult tök 1 600 kg 1 kg 10 Halrúd Frosta (arany) 1 680 doboz 0,3kg 11 Ínyenc zöldségkeverék 150 kg 1 kg 12 Karalábé 1 200 kg 2,5 kg 13 Karfiol 2 000 kg 2,5 kg 14 Kukorica 100 kg 2,5 kg 15 Meggy 1 200 kg 10 kg 16 Mexikói zöldségkeverék 150 kg 2,5 kg 17 Őszibarack 50 kg 10 kg 18 Parajkrém 675 kg 2,5kg 19 Paraj leveles porciózott 100 kg 2,5 kg 20 Petrezselyemgyökér 50 kg 2,5 21 Réteslap mirelit 240 db 200g 22 Sárgarépa 50 kg 2,5 kg 23 Aprított sóska pórció 450 kg 0,45 kg 24 Sütőtök 50 kg 10 kg 25 Szilva 300 kg 10 kg 26 Zeller 20 kg 2,5kg 27 Zöldbab 1 000 kg 2,5kg 28 Zöldborsó 1 400 kg 2,5 kg 29 Afrikai harcsa filé 500 kg 5 kg Az egyes szerződések várható maximális nagyságrendje: Összesen: 13 325 kg, 490 db, 1680 doboz. Jelen közbeszerzési eljárás tárgya Ajánlatkérő részére az alábbi élelmiszerek szállítása dinamikus beszerzési rendszer (DBR) keretében 12 hónap időtartamra, vagy a keretösszeg teljesüléséig: Becsült (12 havi) mennyiségek a DBR fennállásának időtartamára: A szerződés időtartama alatt rendelkezésre álló keretösszeg: nettó 11 594 110 Ft A fentiekben, valamint a közbeszerzési dokumentumokban részletesen megadott mennyiségi adatok becsült, tájékoztató jellegűek, Ajánlatkérő fenntartja a jogot arra, hogy a szerződés időtartama alatt a rendelkezésre álló keretösszeget maximum 20-%-kal meghaladva a megadott mennyiségektől eltérjen. Lehívási minimum a keretmennyiség tekintetében: 70 %. Ajánlatkérő a DBR fennállása alatt 3 hónapos hatályú szerződéseket kíván kötni, de fenntartja a jogot, hogy ennél hosszabb hatályú szerződéseket kössön. Ajánlatkérő a Kbt. 107. § (2) bekezdés alapján a rendszerben megvalósítandó konkrét közbeszerzésekre vonatkozó pontos műszaki leírást és szerződéses feltételeket az ajánlattételi felhívás(ok) megküldésével egyidejűleg bocsátja rendelkezésre. Ajánlatkérő felhívja a figyelmet arra, hogy a 321/2015. (X. 30.) Korm. rendelet 46. § (3) bekezdésében foglaltak alapján, hogy a közbeszerzési dokumentumban a meghatározott gyártmányú vagy eredetű dologra, illetve konkrét eljárásra, amely egy adott gazdasági szereplő termékeit vagy az általa nyújtott szolgáltatásokat jellemzi, vagy védjegyre, szabadalomra, tevékenységre, személyre, típusra vagy adott származásra vagy gyártási folyamatra történő hivatkozások a közbeszerzés tárgyának egyértelmű, pontos és közérthető meghatározását szolgálják. Minden esetben a hivatkozás mellett a „vagy azzal egyenértékű” kifejezést is érteni kell. Az egyenértékűséget az ajánlattevőnek a 321/2015. (X. 30.) Korm. rendelet VII. fejezete szerint kell igazolnia az ajánlatban. Ajánlattevő kizárólag az Ajánlatkérő előírásainak mindenben megfelelő, I. osztályú, a Magyar Élelmiszerkönyvben meghatározott előírásoknak eleget tevő termékekre tehet ajánlatot. A termékekkel kapcsolatosan az ajánlattevőnek figyelembe kell vennie a közbeszerzési dokumentumokban leírtakat is. A megajánlott termékek adatainak pontos megadásával kapcsolatosan Ajánlatkérő felhívja az ajánlattevők figyelmét a Közbeszerzési Döntőbizottság D.225/9/2009 számú határozatára: „A Döntőbizottság álláspontja szerint egy meghatározott műszaki elvárást tartalmazó ajánlatkérői beszerzési igénynél kizárt annak lehetősége, hogy ajánlattevők ún. biankó ajánlatot tegyenek, azaz ne közöljék, hogy mely konkrét termékekkel fognak teljesíteni. Ez az elvárás a beszerzés tárgyából és jellegéből adódik, hiszen jelen eljárás tárgya árubeszerzés.”. Ajánlatkérő a Kbt. 53. § (4) bekezdése valamint a 131. § (9) bekezdése alkalmazásának tekintetében általa előre nem látható és ellenőrzési körén kívül eső körülménynek tekinti azt az esetet, ha a jelen közbeszerzési eljárás tárgyában központosított vagy közös közbeszerzési rendszerben keretmegállapodás vagy szerződés kerül megkötésre a központi beszerző szervezet (vagy közös ajánlatkérők nevében eljáró szervezet) által, és erre tekintettel az ajánlatkérőként szerződő félnek jogszabályban előírt csatlakozási kötelezettsége áll fenn az adott tételek vonatkozásában. | Az egyes szerződések várható maximális nagyságrendje: 1 Zöldségpástétom 152 db 2 Szárnyas májkrém 2000 db 3 Csirkehús pástétom 1000 db 4 Tonhal olivaolajban 800 db 5 Sertészsír 12 db 6 Ráma combi profi, növényi olaj tartalmú sütőzsíradék 28 db 7 Bio Rizsital 1000 db 8 Étolaj 1600 liter 9 Extraszűz olivaolaj 40 db 10 Magozott olivabogyó 52 db 11 Hántolt köles 600 db 12 Liszt 3000 kg 13 Rizsliszt 16 kg 14 Zsemlemorzsa 500 db 15 Búzadara 500 kg 16 Tejes kiörlésű búzaliszt 100 kg 17 Teljes kiörlésű tönkölyliszt 52 kg 18 Rétesliszt 52 kg 19 Kukoricadara 32 db 20 Kuszkusz 400 db 21 Bulgur 600 db 22 Hajdina 16 kg 23 Rizs 1000 kg 24 Barna rizs 76 kg 25 Jázmin rizs 76 kg 26 Zabpehely 600 db 27 Tarhonya 600 db 28 Csipettészta 80 db 29 Cérnametélt 100 db 30 Szélesmetélt 500 db 31 Fodros nagykocka tészta 52 db 32 Kiskocka tészta 100 db 33 Csiga tészta 52 db 34 Spagetti (durum) 460 db 35 Makaróni 140 db 36 Eperlevél 100 db 37 Szarvacska tészta 80 db 38 ABC tészta 32 db 39 Lasagne tészta /durum/ 100 db 40 Lebbencs tészta 400 db 41 Zöldséges orsó tészta (durum) Vita-Pasta 160 db 42 Copfocska tészta 100 db 43 Penne tészta (durum) 120 db 44 Orsótészta 40 db 45 Darált háztartási keksz 100 db 46 HIPP rizskorong 500 csomag 47 Sajtostallér 400 csomag 48 Babapiskóta 100 csomag 49 Rizspehely, natúr 40 csomag 50 Ropi/burgonyás 500 csomag 51 Ropi/sajtos 500 csomag 52 Ropi tönkölybúzás 1000 csomag 53 Hipp Biscuits babakeksz 70 csomag 54 Teljes kiőrlésű keksz 840 csomag 55 Kölesgolyó. natúr 100 csomag 56 Kölesgolyó,kakaós 252 csomag 57 Gyümölcsszelet almás 1000 db 58 Zabrudi 2000 db 59 Kristálycukor 3000 kg 60 Porcukor 240 db 61 Vaníliás cukor 100 db 62 Sütőpor 40 db 63 Élesztő 700 db 64 Szódabikarbóna 70 db 65 Tejszínhab fixáló 160 db 66 Vanília ízű pudingpor 1500 db 67 Csokoládé ízű pudingpor 52 db 68 Puncs ízű pudingpor 300 db 69 Tortabevonó ét 20 db 70 Rumaroma 52 db 71 Kakaópor Holland 32 kg 72 Instant kakaópor cukrozott (Nesquik) 230 db 73 Csipkebogyó teafű hibiszkusz 2500 db 74 Saga gyümölcstea(meggy,szilva erdei gyümölcs) 2500 db 75 Instant kávé maci 140 db 76 Babérlevél 28 csomag 77 Bazsalikom 30 csomag 78 Fekete bors őrölt 15 kg 79 Fekete bors szemes 20 csomag 80 Fahéj 24 csomag 81 Fűszerpaprika csemege 52 kg 82 Kömény szemes 15 csomag 83 Kömény őrölt 15 csomag 84 Majoranna 8 csomag 85 Oregánó 30 csomag További termékek listája az árazatlan költségvetésben. Az egyes szerződések várható maximális nagyságrendje: Összesen: 1600 liter, 8587 kg, 42 842 db, 6241 csomag. Jelen közbeszerzési eljárás tárgya Ajánlatkérő részére az alábbi élelmiszerek szállítása dinamikus beszerzési rendszer (DBR) keretében 12 hónap időtartamra, vagy a keretösszeg teljesüléséig: Becsült (12 havi) mennyiségek a DBR fennállásának időtartamára: A szerződés időtartama alatt rendelkezésre álló keretösszeg: nettó 30 406 278 Ft A fentiekben, valamint a közbeszerzési dokumentumokban részletesen megadott mennyiségi adatok becsült, tájékoztató jellegűek, Ajánlatkérő fenntartja a jogot arra, hogy a szerződés időtartama alatt a rendelkezésre álló keretösszeget maximum 20-%-kal meghaladva a megadott mennyiségektől eltérjen. Lehívási minimum a keretmennyiség tekintetében: 70 %. Ajánlatkérő a DBR fennállása alatt 3 hónapos hatályú szerződéseket kíván kötni, de fenntartja a jogot, hogy ennél hosszabb hatályú szerződéseket kössön. Ajánlatkérő a Kbt. 107. § (2) bekezdés alapján a rendszerben megvalósítandó konkrét közbeszerzésekre vonatkozó pontos műszaki leírást és szerződéses feltételeket az ajánlattételi felhívás(ok) megküldésével egyidejűleg bocsátja rendelkezésre. Ajánlatkérő felhívja a figyelmet arra, hogy a 321/2015. (X. 30.) Korm. rendelet 46. § (3) bekezdésében foglaltak alapján, hogy a közbeszerzési dokumentumban a meghatározott gyártmányú vagy eredetű dologra, illetve konkrét eljárásra, amely egy adott gazdasági szereplő termékeit vagy az általa nyújtott szolgáltatásokat jellemzi, vagy védjegyre, szabadalomra, tevékenységre, személyre, típusra vagy adott származásra vagy gyártási folyamatra történő hivatkozások a közbeszerzés tárgyának egyértelmű, pontos és közérthető meghatározását szolgálják. Minden esetben a hivatkozás mellett a „vagy azzal egyenértékű” kifejezést is érteni kell. Az egyenértékűséget az ajánlattevőnek a 321/2015. (X. 30.) Korm. rendelet VII. fejezete szerint kell igazolnia az ajánlatban. Ajánlattevő kizárólag az Ajánlatkérő előírásainak mindenben megfelelő, I. osztályú, a Magyar Élelmiszerkönyvben meghatározott előírásoknak eleget tevő termékekre tehet ajánlatot. A termékekkel kapcsolatosan az ajánlattevőnek figyelembe kell vennie a közbeszerzési dokumentumokban leírtakat is. A megajánlott termékek adatainak pontos megadásával kapcsolatosan Ajánlatkérő felhívja az ajánlattevők figyelmét a Közbeszerzési Döntőbizottság D.225/9/2009 számú határozatára: „A Döntőbizottság álláspontja szerint egy meghatározott műszaki elvárást tartalmazó ajánlatkérői beszerzési igénynél kizárt annak lehetősége, hogy ajánlattevők ún. biankó ajánlatot tegyenek, azaz ne közöljék, hogy mely konkrét termékekkel fognak teljesíteni. Ez az elvárás a beszerzés tárgyából és jellegéből adódik, hiszen jelen eljárás tárgya árubeszerzés.”. Ajánlatkérő a Kbt. 53. § (4) bekezdése valamint a 131. § (9) bekezdése alkalmazásának tekintetében általa előre nem látható és ellenőrzési körén kívül eső körülménynek tekinti azt az esetet, ha a jelen közbeszerzési eljárás tárgyában központosított vagy közös közbeszerzési rendszerben keretmegállapodás vagy szerződés kerül megkötésre a központi beszerző szervezet (vagy közös ajánlatkérők nevében eljáró szervezet) által, és erre tekintettel az ajánlatkérőként szerződő félnek jogszabályban előírt csatlakozási kötelezettsége áll fenn az adott tételek vonatkozásában.",DMJV Egyesített Bölcsődei Intézménye,,HU,HUN,,2026-05-21,,https://ted.europa.eu/en/notice/-/detail/349092-2026,2026-08-28T08:02:43+00:00,OFFICIAL_PUBLISHED_NOTICE,True,False,True,SUPPORTING_EVIDENCE,"official notice; no future deadline means supporting evidence, not an open opportunity",,
a7b52fda3fd55adc6ed425bf493327e9,tradewheel,DIRECT_RFQ,MATCHA,Bulk Purchase Inquiry for OEM Private Label Organic Matcha Powder,"Bulk Purchase Inquiry for OEM Private Label Organic Matcha Powder Purchaser Amelia Miller Country/Region USA Contact Number Register To Contact Company Name Register To Contact Date Posted 29 Jul, 2026 Buy offer Details I am interested in making a bulk purchase of organic matcha powder with OEM private label. Please provide pricing, specifications, MOQ, and after-sales service details to enable a smooth collaboration. Contact Buyer Submit a Similar Request",,Amelia Miller,US,United States,,2026-07-29,,https://www.tradewheel.com/buyers/bulk-purchase-inquiry-for-oem-private-label-organic/1001443/,,UNVERIFIED_MARKETPLACE_POST,True,True,False,USEFUL_NEEDS_ENTITY,public TradeWheel buyer post; company identity remains gated,,
9b90a4c2ab93a2e4f147adbefc0ddadb,tradewheel,DIRECT_RFQ,MATCHA,Ceremonial Grade Matcha Powder Wanted for Long-Term Supply,"Ceremonial Grade Matcha Powder Wanted for Long-Term Supply Purchaser Tim Country/Region USA Contact Number Register To Contact Company Name Register To Contact Date Posted 11 Jun, 2026 Buy offer Details Hello, I’m an importer and distributor of green coffee based in Southern California, and we are currently expanding into matcha import and distribution for our café and retail network. We are interested in your ceremonial grade matcha options and would appreciate details on availability, pricing, and specifications. Our initial requirement would be approximately : 100 x 1kg bags (trial order) Future monthly demand expected to increase from ~30kg/month as distribution scales Delivery : Warehouse in Orange, CA 92867, USA Kindly share : Ceremonial grade matcha options and quality grades Wholesale pricing (FOB/CIF or delivered pricing if available) Stock availability Sample availability (if possible for evaluation) Lead time and shipping details We are looking to build a long-term supply relationship and expand volumes significantly over time. Thank you, and I look forward to your response. Contact Buyer Submit a Similar Request",,Tim,US,United States,,2026-06-11,,https://www.tradewheel.com/buyers/ceremonial-grade-matcha-powder-wanted-for-long-term-supply/986397/,,UNVERIFIED_MARKETPLACE_POST,True,True,False,USEFUL_NEEDS_ENTITY,public TradeWheel buyer post; company identity remains gated,,
d1222cd13bcb1d6e383c6cbe9fb48bf0,tradewheel,DIRECT_RFQ,MATCHA,Want quotes on Matcha Powder,"Want quotes on Matcha Powder Purchaser Tim Country/Region USA Contact Number Register To Contact Company Name Register To Contact Date Posted 22 May, 2026 Quantity Required - Buying Frequency Monthly Buy offer Details Hello, I’m an importer and distributor of green coffee based in Southern California, and we are currently expanding into matcha import and distribution for our café and retail network. We are interested in your ceremonial grade matcha options and would appreciate details on availability, pricing, and specifications. Our initial requirement would be approximately : 100 x 1kg bags (trial order) Future monthly demand expected to increase from ~30kg/month as distribution scales Delivery : Warehouse in Orange, CA 92867, USA Kindly share : Ceremonial grade matcha options and quality grades Wholesale pricing (FOB/CIF or delivered pricing if available) Stock availability Sample availability (if possible for evaluation) Lead time and shipping details We are looking to build a long-term supply relationship and expand volumes significantly over time. Thank you, and I look forward to your response. Contact Buyer Submit a Similar Request",,Tim,US,United States,"Buying Frequency Monthly Buy offer Details Hello, I’m an importer and distribu",2026-05-22,,https://www.tradewheel.com/buyers/want-quotes-on-matcha-powder/977547/,,UNVERIFIED_MARKETPLACE_POST,True,True,False,USEFUL_NEEDS_ENTITY,public TradeWheel buyer post; company identity remains gated,,
a1f35ce1eecc2106a02920e4bd1ca6ea,tradewheel,DIRECT_RFQ,BLUEBERRY,Sourcing Blueberry Print Latex Balloons Set for Party Decoration,"Sourcing Blueberry Print Latex Balloons Set for Party Decoration Purchaser Betti Immel Country/Region USA Contact Number Register To Contact Company Name Register To Contact Attachments: Show Date Posted 13 Aug, 2026 Buy offer Details We are interested in sourcing blueberry print latex balloons and wish to inquire about your product specifications, pricing, and availability. Product specifications : • Material : Latex • Color : Blueberry print • Size : 12 inch (inflated) • Quantity per set : 36 pieces • Print type : Custom blueberry pattern • Usage : Party, event decoration • Durability : Suitable for helium or air inflation • Non-toxic and safe for use • Packaging : Standard or customized packaging Service Requirements : • Require detailed quotation with lead time and shipping options • Custom packaging options preferred We look forward to receiving your quotation and further product details. Contact Buyer Submit a Similar Request",,Betti Immel,US,United States,,2026-08-13,,https://www.tradewheel.com/buyers/sourcing-blueberry-print-latex-balloons-set-for-party/1006415/,,UNVERIFIED_MARKETPLACE_POST,False,True,False,REJECTED_PRODUCT_OR_STALE,public TradeWheel buyer post; company identity remains gated,,
ba63476e2731ca0b068ec0aa6e5f3395,tradewheel,DIRECT_RFQ,BLUEBERRY,Bulk purchase inquire for Blueberry Flavored Ice Slush Powder Mix,"Bulk purchase inquire for Blueberry Flavored Ice Slush Powder Mix Purchaser Fatimah Kamara Country/Region USA Contact Number Register To Contact Company Name Register To Contact Date Posted 30 Nov, 2025 Quantity Required - Buying Frequency Monthly Buy offer Details Hey mate, I have rush order for Blueberry Flavored Ice Slush Powder Mix. Contact ASAP. Contact Buyer Submit a Similar Request",,Fatimah Kamara,US,United States,"Buying Frequency Monthly Buy offer Details Hey mate, I have rush order for Blu",2025-11-30,,https://www.tradewheel.com/buyers/bulk-purchase-inquire-for-blueberry-flavored-ice-slush/907190/,,UNVERIFIED_MARKETPLACE_POST,False,True,False,REJECTED_PRODUCT_OR_STALE,public TradeWheel buyer post; company identity remains gated,,
e09d0737b8f1a8a7a948dc69364534c9,tradewheel,DIRECT_RFQ,BLUEBERRY,"Urgent Need Grapes, Organic Blueberry, Plums","Urgent Need Grapes, Organic Blueberry, Plums Purchaser Michael Country/Region USA Contact Number Register To Contact Company Name Register To Contact Date Posted 22 Nov, 2025 Quantity Required - Buying Frequency Monthly Buy offer Details Hi dear, We want to buy Grapes, Organic Blueberry, Plums on large scale. Awaiting your response to move forward with the purchase. Contact Buyer Submit a Similar Request",,Michael,US,United States,"Buying Frequency Monthly Buy offer Details Hi dear, We want to buy Grapes, Org",2025-11-22,,https://www.tradewheel.com/buyers/urgent-need-grapes-organic-blueberry-plums/903981/,,UNVERIFIED_MARKETPLACE_POST,True,True,False,USEFUL_NEEDS_ENTITY,public TradeWheel buyer post; company identity remains gated,,
afeaf96bad38fa49a5ee465c6739c9b6,tradewheel,DIRECT_RFQ,BLUEBERRY,Looking for (BLUEBERRY) Nitrile Gloves,"Looking for (BLUEBERRY) Nitrile Gloves Purchaser Joel Tyler Country/Region USA Contact Number Register To Contact Company Name Register To Contact Date Posted Over 1 year ago ⚠️ This buy offer seems a bit old. We can contact this buyer or find similar active buyers for you. Request Buyer Match Buy offer Details Hello, I am looking to purchase these gloves in bulk and start a production line. Is this something you can provide? Contact Buyer Submit a Similar Request",,Joel Tyler,US,United States,,,,https://www.tradewheel.com/buyers/looking-for-blueberry-nitrile-gloves/568837/,,UNVERIFIED_MARKETPLACE_POST,False,False,False,REJECTED_PRODUCT_OR_STALE,public TradeWheel buyer post; company identity remains gated,,
19297fada6d9191fdb38beb105f4db92,tradewheel,DIRECT_RFQ,BLUEBERRY,Interested in Fresh Blueberries And Strawberries.,Interested in Fresh Blueberries And Strawberries. Purchaser Don Starrett Country/Region USA Contact Number Register To Contact Company Name Register To Contact Date Posted Over 1 year ago ⚠️ This buy offer seems a bit old. We can contact this buyer or find similar active buyers for you. Request Buyer Match Buy offer Details Interested in pricing and availability of organic and conventional blueberries and strawberries. Contact Buyer Submit a Similar Request,,Don Starrett,US,United States,,,,https://www.tradewheel.com/buyers/interested-in-fresh-blueberries-and-strawberries/630901/,,UNVERIFIED_MARKETPLACE_POST,True,False,False,REJECTED_PRODUCT_OR_STALE,public TradeWheel buyer post; company identity remains gated,,
e0802a2b3d71c2f7e2a224b484fa84e0,tradewheel,DIRECT_RFQ,BLUEBERRY,Buy Dried BLueberry,"Buy Dried BLueberry Purchaser Amanda Fergie Country/Region USA Contact Number Register To Contact Company Name Register To Contact Date Posted Over 1 year ago Quantity Required - Buying Frequency - ⚠️ This buy offer seems a bit old. We can contact this buyer or find similar active buyers for you. Request Buyer Match Buy offer Details Hi, I am looking for dried blueberry that doesnt need to be transported in refrigerated container. If you have this prodct, please, send email to ammfergie----hotmail.com thank you! Contact Buyer Submit a Similar Request",,Amanda Fergie,US,United States,Buying Frequency - ⚠️ This buy offer seems a bit old. We can contact this buye,,,https://www.tradewheel.com/buyers/buy-dried-blueberry/184461/,,UNVERIFIED_MARKETPLACE_POST,True,False,False,REJECTED_PRODUCT_OR_STALE,public TradeWheel buyer post; company identity remains gated,,
26a9faaadab7014033e5d7c844b748b2,usaspending,HISTORICAL_PURCHASE,BLUEBERRY,"4572187596!BLUEBERRIES, FRESH,","4572187596!BLUEBERRIES, FRESH,",Department of Defense,,,,,2026-05-15,,https://api.usaspending.gov/api/v2/search/spending_by_award/,,OFFICIAL_API,True,False,True,SUPPORTING_EVIDENCE,official historical award; not a current RFQ,,
77842fe0c1e65192251a2de45aacab91,usaspending,HISTORICAL_PURCHASE,BLUEBERRY,"4572155712!BLUEBERRIES, FRESH,","4572155712!BLUEBERRIES, FRESH,",Department of Defense,,,,,2026-05-08,,https://api.usaspending.gov/api/v2/search/spending_by_award/,,OFFICIAL_API,True,False,True,SUPPORTING_EVIDENCE,official historical award; not a current RFQ,,
ffbe740c226d0ba16dda632a1e9361e3,usaspending,HISTORICAL_PURCHASE,BLUEBERRY,"4571956056!BLUEBERRIES, FRESH,","4571956056!BLUEBERRIES, FRESH,",Department of Defense,,,,,2026-05-28,,https://api.usaspending.gov/api/v2/search/spending_by_award/,,OFFICIAL_API,True,False,True,SUPPORTING_EVIDENCE,official historical award; not a current RFQ,,
0d639bc01946eee6415fc4863cb91858,usaspending,HISTORICAL_PURCHASE,BLUEBERRY,"4571956053!BLUEBERRIES, FRESH,","4571956053!BLUEBERRIES, FRESH,",Department of Defense,,,,,2026-05-28,,https://api.usaspending.gov/api/v2/search/spending_by_award/,,OFFICIAL_API,True,False,True,SUPPORTING_EVIDENCE,official historical award; not a current RFQ,,
a635792356039d82a979571c829103b8,usaspending,HISTORICAL_PURCHASE,BLUEBERRY,"4571956022!BLUEBERRIES, FRESH,","4571956022!BLUEBERRIES, FRESH,",Department of Defense,,,,,2026-05-28,,https://api.usaspending.gov/api/v2/search/spending_by_award/,,OFFICIAL_API,True,False,True,SUPPORTING_EVIDENCE,official historical award; not a current RFQ,,
310bc9795f4b5a6c1e9f15b7cf12e0df,usaspending,HISTORICAL_PURCHASE,BLUEBERRY,"4571956017!BLUEBERRIES, FRESH,","4571956017!BLUEBERRIES, FRESH,",Department of Defense,,,,,2026-05-28,,https://api.usaspending.gov/api/v2/search/spending_by_award/,,OFFICIAL_API,True,False,True,SUPPORTING_EVIDENCE,official historical award; not a current RFQ,,
82dcf4f43ed6e64040fa2edd5549e032,usaspending,HISTORICAL_PURCHASE,BLUEBERRY,"4571956009!BLUEBERRIES, FRESH,","4571956009!BLUEBERRIES, FRESH,",Department of Defense,,,,,2026-05-28,,https://api.usaspending.gov/api/v2/search/spending_by_award/,,OFFICIAL_API,True,False,True,SUPPORTING_EVIDENCE,official historical award; not a current RFQ,,
86a8b6536d1b5d47ac6041e8e47be023,usaspending,HISTORICAL_PURCHASE,BLUEBERRY,"4571956043!BLUEBERRIES, FRESH,","4571956043!BLUEBERRIES, FRESH,",Department of Defense,,,,,2026-05-28,,https://api.usaspending.gov/api/v2/search/spending_by_award/,,OFFICIAL_API,True,False,True,SUPPORTING_EVIDENCE,official historical award; not a current RFQ,,
620d2ffc81a541eaadfdc5b2559c00ae,usaspending,HISTORICAL_PURCHASE,BLUEBERRY,"4571956041!BLUEBERRIES, FRESH,","4571956041!BLUEBERRIES, FRESH,",Department of Defense,,,,,2026-05-28,,https://api.usaspending.gov/api/v2/search/spending_by_award/,,OFFICIAL_API,True,False,True,SUPPORTING_EVIDENCE,official historical award; not a current RFQ,,
bd095bd5da6b608e3d30157c2ed55923,usaspending,HISTORICAL_PURCHASE,BLUEBERRY,"4571956115!BLUEBERRIES, FRESH,","4571956115!BLUEBERRIES, FRESH,",Department of Defense,,,,,2026-05-28,,https://api.usaspending.gov/api/v2/search/spending_by_award/,,OFFICIAL_API,True,False,True,SUPPORTING_EVIDENCE,official historical award; not a current RFQ,,
1c059585f801d26a90d9f01f2856427e,independent_buyer_sites,BUYER_BACKGROUND,,Suppliers,Skip to main Skip to footer About Business of Better Leadership Board of Directors Sam Walton Walmart Museum & History New Home Office Working at Walmart Sam's Club Walmart International Location Facts Policies Contact Walmart Purpose Opportunity Sustainability Community Ethics & Integrity Belonging Philanthropy ESG & Shared Value Reporting Health & Wellness News Media Library Events Contact Media Relations Investors Events Stock Information Financial Information Corporate Governance ESG Investors Investor Resources Suppliers Supplier Development Supplier Requirements Apply to be a Supplier Supplier Inclusion Sustainability for Suppliers Investing In American Jobs Sam's Club Suppliers Walmart Growth Summits Careers Ask Walmart search close search Powered by generative AI. Results may not fully be accurate. Use is governed by the Generative AI Guidelines and other applicable Walmart policies. Shop Logout Login Logout Logout Notifications Mark All Read All keyboard_arrow_down All Recalls Unread No notification selected Select a notification to display details See All Menu About About Business of Better Leadership Board of Directors Sam Walton Walmart Museum & History New Home Office Working at Walmart Sam's Club Walmart International Location Facts Policies Contact Walmart Purpose Purpose Opportunity Sustainability Community Ethics & Integrity Belonging Philanthropy ESG & Shared Value Reporting Health & Wellness News News Media Library Events Contact Media Relations Investors Investors Events Stock Information Financial Information Corporate Governance ESG Investors Investor Resources Suppliers Suppliers Supplier Development Supplier Requirements Apply to be a Supplier Supplier Inclusion Sustainability for Suppliers Investing In American Jobs Sam's Club Suppliers Walmart Growth Summits Careers Ask Walmart Suppliers Supplier Development Supplier Requirements Apply to be a Supplier Sustainability for Suppliers Investing in American Jobs Click Here To Navigate Close Navi,corporate.walmart.com,,,,,,,https://corporate.walmart.com/suppliers,,PUBLIC_COMPANY_PAGE,False,False,False,SUPPORTING_EVIDENCE,public buyer/supplier-entry background; not a current demand,,
